event_id	chrom	strand	pe_start	pe_end	pe_size	gene_symbol	gene_id	poison_exon_type	coord_match_ptc	intron_5p_genomic_start	intron_5p_genomic_end	intron_3p_genomic_start	intron_3p_genomic_end	intron_skip_start	intron_skip_end	upstream_exon_end	downstream_exon_start	max_intron_len	n_supporting_long_read_tx	supporting_read_ids
NC_133176.1:204704-204870:+	NC_133176.1	+	204704	204870	167	cep97	386640	alt_5p	False	204606	204703	204871	205112	204606	205112	204605	205113	507	5	transcript/1464183,transcript/1467201,transcript/1476520,transcript/1488324,transcript/1490681
NC_133176.1:222166-222304:+	NC_133176.1	+	222166	222304	139	eed	550463	alt_5p	True	221963	222165	222305	222433	221963	222433	221962	222434	471	2	transcript/3552532,transcript/3581188
NC_133176.1:222166-222313:+	NC_133176.1	+	222166	222313	148	eed	550463	alt_5p	True	221963	222165	222314	222433	221963	222433	221962	222434	471	2	transcript/3504721,transcript/3614420
NC_133176.1:600624-600982:-	NC_133176.1	-	600624	600982	359	gas6	335830	cassette	False	598573	600623	600983	604702	598573	604702	598572	604703	6130	1	transcript/1123483
NC_133176.1:1995487-1995575:+	NC_133176.1	+	1995487	1995575	89	sonb	565999	cassette	True	1987974	1995486	1995576	1998062	1987974	1998062	1987973	1998063	10089	11	transcript/342853,transcript/368173,transcript/424539,transcript/427245,transcript/431615,transcript/432885,transcript/434457,transcript/434834,transcript/507896,transcript/516386,transcript/523464
NC_133176.1:2455077-2455390:+	NC_133176.1	+	2455077	2455390	314	atp1a1a.1	64612	alt_5p	False	2454999	2455076	2455391	2457301	2454999	2457301	2454998	2457302	2303	1	transcript/577080
NC_133176.1:2635851-2635931:-	NC_133176.1	-	2635851	2635931	81	si:ch211-132g1.3	100004401	cassette	False	2633772	2635850	2635932	2662878	2633772	2662878	2633771	2662879	29107	1	transcript/4024653
NC_133176.1:3025300-3025399:+	NC_133176.1	+	3025300	3025399	100	kpnb3	569455	alt_5p	False	3024610	3025299	3025400	3026095	3024610	3026095	3024609	3026096	1486	1	transcript/232755
NC_133176.1:6983709-6983837:+	NC_133176.1	+	6983709	6983837	129	cpo	100005630	cassette	False	6983469	6983708	6983838	6984150	6983469	6984150	6983468	6984151	682	1	transcript/3295510
NC_133176.1:7637706-7637795:+	NC_133176.1	+	7637706	7637795	90	fastkd2	564382	cassette	True	7637208	7637705	7637796	7639851	7637208	7639851	7637207	7639852	2644	3	transcript/1659568,transcript/1701949,transcript/1709840
NC_133176.1:9559162-9559230:-	NC_133176.1	-	9559162	9559230	69	slc5a10	100007379	cassette	True	9558927	9559161	9559231	9561755	9558927	9561755	9558926	9561756	2829	12	transcript/105731,transcript/107058,transcript/230748,transcript/365345,transcript/375246,transcript/393214,transcript/397027,transcript/483491,transcript/501166,transcript/512536,transcript/538268,transcript/719780
NC_133176.1:9565602-9565731:-	NC_133176.1	-	9565602	9565731	130	slc5a10	100007379	alt_5p	False	9562991	9565601	9565732	9565824	9562991	9565824	9562990	9565825	2834	1	transcript/402468
NC_133176.1:9984971-9985129:-	NC_133176.1	-	9984971	9985129	159	zgc:112980	503706	alt_5p	False	9984467	9984970	9985130	9985245	9984467	9985245	9984466	9985246	779	9	transcript/1276315,transcript/1276707,transcript/1280451,transcript/1360954,transcript/1551741,transcript/1558473,transcript/1585782,transcript/1611416,transcript/1628713
NC_133176.1:10036264-10036403:+	NC_133176.1	+	10036264	10036403	140	slc29a4b	570283	alt_5p	False	10036132	10036263	10036404	10036495	10036132	10036495	10036131	10036496	364	1	transcript/459754
NC_133176.1:10082864-10082906:-	NC_133176.1	-	10082864	10082906	43	actb1	57934	cassette	False	10082687	10082863	10082907	10082996	10082687	10082996	10082686	10082997	310	23	transcript/2923046,transcript/2927528,transcript/2928647,transcript/2932256,transcript/2933425,transcript/2934608,transcript/2935554,transcript/2936413,transcript/2939419,transcript/2941928,transcript/2942215,transcript/2951984,transcript/2953955,transcript/2956437,transcript/2956438,transcript/2958433,transcript/2959537,transcript/2960387,transcript/2966036,transcript/2971842,transcript/3065514,transcript/3259068,transcript/3281212
NC_133176.1:10132312-10132584:+	NC_133176.1	+	10132312	10132584	273	hapstr1b	322387	cassette	True	10131025	10132311	10132585	10133641	10131025	10133641	10131024	10133642	2617	8	transcript/1885041,transcript/1942631,transcript/1965549,transcript/1965550,transcript/2009342,transcript/2010446,transcript/2071313,transcript/2144786
NC_133176.1:10132312-10132660:+	NC_133176.1	+	10132312	10132660	349	hapstr1b	322387	cassette	True	10131025	10132311	10132661	10133641	10131025	10133641	10131024	10133642	2617	3	transcript/1860642,transcript/2007826,transcript/2030701
NC_133176.1:11267653-11267767:+	NC_133176.1	+	11267653	11267767	115	mad1l1	393886	alt_5p	False	11264845	11267652	11267768	11267842	11264845	11267842	11264844	11267843	2998	1	transcript/4693830
NC_133176.1:11492400-11492504:+	NC_133176.1	+	11492400	11492504	105	lratb.1	553501	alt_5p	False	11492317	11492399	11492505	11492601	11492317	11492601	11492316	11492602	285	1	transcript/1619332
NC_133176.1:13380886-13380941:+	NC_133176.1	+	13380886	13380941	56	tspan5b	494048	alt_5p	False	13377676	13380885	13380942	13381024	13377676	13381024	13377675	13381025	3349	2	transcript/3972437,transcript/4181486
NC_133176.1:13555579-13555611:-	NC_133176.1	-	13555579	13555611	33	b4galt1	550425	cassette	True	13551662	13555578	13555612	13558986	13551662	13558986	13551661	13558987	7325	1	transcript/1523294
NC_133176.1:14186019-14186151:+	NC_133176.1	+	14186019	14186151	133	pcdh10a	259186	cassette	True	14163487	14186018	14186152	14186567	14163487	14186567	14163486	14186568	23081	2	transcript/348257,transcript/363876
NC_133176.1:15398093-15398170:-	NC_133176.1	-	15398093	15398170	78	mgarpb	100002387	alt_5p	False	15394635	15398092	15398171	15398251	15394635	15398251	15394634	15398252	3617	1	transcript/2604895
NC_133176.1:15577041-15577375:-	NC_133176.1	-	15577041	15577375	335	camk2d2	436815	alt_5p	True	15575026	15577040	15577376	15578085	15575026	15578085	15575025	15578086	3060	1	transcript/501672
NC_133176.1:15819822-15819970:+	NC_133176.1	+	15819822	15819970	149	slc34a2aas	553974	alt_5p	False	15819571	15819821	15819971	15820306	15819571	15820306	15819570	15820307	736	1	transcript/1344344
NC_133176.1:21146219-21146622:-	NC_133176.1	-	21146219	21146622	404	polr1e	553733	alt_5p	False	21144704	21146218	21146623	21147937	21144704	21147937	21144703	21147938	3234	1	transcript/3322713
NC_133176.1:21465377-21465435:+	NC_133176.1	+	21465377	21465435	59	apbb2b	564990	alt_5p	False	21465097	21465376	21465436	21467539	21465097	21467539	21465096	21467540	2443	1	transcript/488831
NC_133176.1:23017991-23018062:-	NC_133176.1	-	23017991	23018062	72	glrba	83412	cassette	False	23017840	23017990	23018063	23019640	23017840	23019640	23017839	23019641	1801	3	transcript/1694881,transcript/1875487,transcript/2058909
NC_133176.1:24372018-24372106:-	NC_133176.1	-	24372018	24372106	89	tapt1b	559710	cassette	False	24369928	24372017	24372107	24374726	24369928	24374726	24369927	24374727	4799	1	transcript/336532
NC_133176.1:24374048-24374140:-	NC_133176.1	-	24374048	24374140	93	tapt1b	559710	cassette	False	24369928	24374047	24374141	24374726	24369928	24374726	24369927	24374727	4799	1	transcript/334199
NC_133176.1:26790661-26790847:-	NC_133176.1	-	26790661	26790847	187	tmem154	323681	cassette	True	26787541	26790660	26790848	26791228	26787541	26791228	26787540	26791229	3688	2	transcript/849102,transcript/918214
NC_133176.1:27251110-27251317:+	NC_133176.1	+	27251110	27251317	208	plrg1	100004402	cassette	False	27250088	27251109	27251318	27253265	27250088	27253265	27250087	27253266	3178	2	transcript/1688260,transcript/1861486
NC_133176.1:27277641-27277699:-	NC_133176.1	-	27277641	27277699	59	fgg	406327	alt_5p	False	27277129	27277640	27277700	27277781	27277129	27277781	27277128	27277782	653	1	transcript/3287564
NC_133176.1:27338679-27338914:-	NC_133176.1	-	27338679	27338914	236	LOC137490010	137490010	cassette	True	27338567	27338678	27338915	27339050	27338567	27339050	27338566	27339051	484	7	transcript/1378983,transcript/1380624,transcript/1392145,transcript/2085985,transcript/2178309,transcript/2183084,transcript/2272074
NC_133176.1:27686126-27686250:-	NC_133176.1	-	27686126	27686250	125	LOC137490010	137490010	cassette	False	27683612	27686125	27686251	27686678	27683612	27686678	27683611	27686679	3067	2	transcript/3888806,transcript/4059590
NC_133176.1:28299463-28299656:-	NC_133176.1	-	28299463	28299656	194	anp32b	322000	alt_5p	False	28299393	28299462	28299657	28300541	28299393	28300541	28299392	28300542	1149	3	transcript/3986053,transcript/4019656,transcript/4093787
NC_133176.1:28299465-28299656:-	NC_133176.1	-	28299465	28299656	192	anp32b	322000	alt_5p	False	28299393	28299464	28299657	28300541	28299393	28300541	28299392	28300542	1149	3	transcript/3929815,transcript/3947893,transcript/4037916
NC_133176.1:28388580-28388626:-	NC_133176.1	-	28388580	28388626	47	sh3gl2a	394091	cassette	True	28388117	28388579	28388627	28388963	28388117	28388963	28388116	28388964	847	5	transcript/1280946,transcript/2635195,transcript/2819666,transcript/2911955,transcript/2911956
NC_133176.1:29505517-29505621:+	NC_133176.1	+	29505517	29505621	105	pspc1	692285	cassette	True	29499747	29505516	29505622	29521621	29499747	29521621	29499746	29521622	21875	4	transcript/2025152,transcript/2037243,transcript/2048219,transcript/2091968
NC_133176.1:29559430-29559508:+	NC_133176.1	+	29559430	29559508	79	dnajb14	792752	cassette	True	29557048	29559429	29559509	29564153	29557048	29564153	29557047	29564154	7106	1	transcript/2486397
NC_133176.1:29566747-29566874:+	NC_133176.1	+	29566747	29566874	128	dnajb14	792752	alt_5p	True	29564241	29566746	29566875	29573333	29564241	29573333	29564240	29573334	9093	2	transcript/2644912,transcript/2654415
NC_133176.1:29651711-29651777:+	NC_133176.1	+	29651711	29651777	67	sugt1	492489	cassette	False	29645774	29651710	29651778	29654094	29645774	29654094	29645773	29654095	8321	1	transcript/3777368
NC_133176.1:32534070-32534175:-	NC_133176.1	-	32534070	32534175	106	pwp2h	266990	alt_5p	False	32516793	32534069	32534176	32534290	32516793	32534290	32516792	32534291	17498	3	transcript/610024,transcript/615926,transcript/636992
NC_133176.1:32792158-32792295:+	NC_133176.1	+	32792158	32792295	138	cars2	555187	alt_5p	True	32788363	32792157	32792296	32792389	32788363	32792389	32788362	32792390	4027	7	transcript/1853602,transcript/1869551,transcript/1967400,transcript/1974163,transcript/2244143,transcript/2271027,transcript/2289301
NC_133176.1:38266178-38266243:-	NC_133176.1	-	38266178	38266243	66	LOC141386116	141386116	cassette	True	38265907	38266177	38266244	38266433	38265907	38266433	38265906	38266434	527	5	transcript/4942193,transcript/4972412,transcript/5005595,transcript/5063818,transcript/5256343
NC_133176.1:38266430-38266622:-	NC_133176.1	-	38266430	38266622	193	LOC141386116	141386116	alt_5p	True	38265907	38266429	38266623	38266937	38265907	38266937	38265906	38266938	1031	1	transcript/5232494
NC_133176.1:41911799-41911939:-	NC_133176.1	-	41911799	41911939	141	asb5b	550449	alt_5p	False	41910858	41911798	41911940	41912110	41910858	41912110	41910857	41912111	1253	1	transcript/3215715
NC_133176.1:42951166-42951231:-	NC_133176.1	-	42951166	42951231	66	dctd	550332	cassette	False	42944420	42951165	42951232	42953245	42944420	42953245	42944419	42953246	8826	3	transcript/3566938,transcript/3756539,transcript/4027067
NC_133176.1:43100510-43100697:+	NC_133176.1	+	43100510	43100697	188	aip	334795	alt_5p	False	43097547	43100509	43100698	43103114	43097547	43103114	43097546	43103115	5568	1	transcript/3016843
NC_133176.1:43702208-43702334:-	NC_133176.1	-	43702208	43702334	127	clgn	556495	alt_5p	False	43698711	43702207	43702335	43702750	43698711	43702750	43698710	43702751	4040	2	transcript/1084968,transcript/1116231
NC_133176.1:45094866-45094968:+	NC_133176.1	+	45094866	45094968	103	smox	387290	cassette	False	45094783	45094865	45094969	45095599	45094783	45095599	45094782	45095600	817	3	transcript/1900803,transcript/2051102,transcript/2140521
NC_133176.1:45095600-45096327:+	NC_133176.1	+	45095600	45096327	728	smox	387290	alt_5p	True	45094783	45095599	45096328	45098384	45094783	45098384	45094782	45098385	3602	2	transcript/2220208,transcript/2280837
NC_133176.1:47275329-47275647:-	NC_133176.1	-	47275329	47275647	319	si:ch73-109d9.1	799721	cassette	True	47274753	47275328	47275648	47280239	47274753	47280239	47274752	47280240	5487	2	transcript/2970876,transcript/2972467
NC_133176.1:47691201-47691362:-	NC_133176.1	-	47691201	47691362	162	cryba1l2	449792	alt_5p	False	47688956	47691200	47691363	47691718	47688956	47691718	47688955	47691719	2763	2	transcript/2998125,transcript/3266409
NC_133176.1:47818163-47819159:+	NC_133176.1	+	47818163	47819159	997	zdhhc5a	571795	alt_5p	True	47815112	47818162	47819160	47824149	47815112	47824149	47815111	47824150	9038	1	transcript/73001
NC_133176.1:47839296-47839414:-	NC_133176.1	-	47839296	47839414	119	tmx2b	415203	alt_5p	False	47837714	47839295	47839415	47839981	47837714	47839981	47837713	47839982	2268	1	transcript/2593405
NC_133176.1:52894153-52894205:+	NC_133176.1	+	52894153	52894205	53	col17a1a	557257	alt_5p	False	52894030	52894152	52894206	52894449	52894030	52894449	52894029	52894450	420	1	transcript/89686
NC_133176.1:53309777-53309860:+	NC_133176.1	+	53309777	53309860	84	gstcd	402871	cassette	False	53295333	53309776	53309861	53347851	53295333	53347851	53295332	53347852	52519	4	transcript/1557865,transcript/1764729,transcript/1894737,transcript/1961986
NC_133176.1:53921379-53921486:-	NC_133176.1	-	53921379	53921486	108	ppm1kb	503713	cassette	False	53917450	53921378	53921487	53923702	53917450	53923702	53917449	53923703	6253	6	transcript/1034340,transcript/1667816,transcript/1971137,transcript/2008480,transcript/2116538,transcript/3174855
NC_133176.1:54542517-54542658:+	NC_133176.1	+	54542517	54542658	142	ndufaf5	794020	cassette	False	54541595	54542516	54542659	54544690	54541595	54544690	54541594	54544691	3096	5	transcript/3626799,transcript/3830838,transcript/3916924,transcript/4062488,transcript/4109945
NC_133176.1:54542520-54542658:+	NC_133176.1	+	54542520	54542658	139	ndufaf5	794020	cassette	False	54541595	54542519	54542659	54544690	54541595	54544690	54541594	54544691	3096	1	transcript/4071226
NC_133176.1:54813861-54813941:+	NC_133176.1	+	54813861	54813941	81	meis1a	170455	cassette	True	54811719	54813860	54813942	54818922	54811719	54818922	54811718	54818923	7204	2	transcript/1875225,transcript/1946066
NC_133176.1:55049568-55049695:+	NC_133176.1	+	55049568	55049695	128	prdx2	791455	alt_5p	False	55046602	55049567	55049696	55050388	55046602	55050388	55046601	55050389	3787	1	transcript/5372128
NC_133176.1:55471576-55471688:+	NC_133176.1	+	55471576	55471688	113	get3	325704	alt_5p	False	55470151	55471575	55471689	55472061	55470151	55472061	55470150	55472062	1911	1	transcript/4465809
NC_133176.1:57429352-57429465:+	NC_133176.1	+	57429352	57429465	114	acta1a	550445	cassette	False	57428289	57429351	57429466	57429545	57428289	57429545	57428288	57429546	1257	1	transcript/3032442
NC_133176.1:57430033-57430197:+	NC_133176.1	+	57430033	57430197	165	acta1a	550445	alt_5p	False	57429872	57430032	57430198	57430363	57429872	57430363	57429871	57430364	492	2	transcript/3308799,transcript/3312006
NC_133176.1:58261884-58262140:+	NC_133176.1	+	58261884	58262140	257	nlrc6	678565	alt_5p	True	58259342	58261883	58262141	58263440	58259342	58263440	58259341	58263441	4099	1	transcript/305030
NC_133176.1:58383571-58383612:+	NC_133176.1	+	58383571	58383612	42	zfyve27	561659	alt_5p	True	58383052	58383570	58383613	58384354	58383052	58384354	58383051	58384355	1303	2	transcript/1270437,transcript/1294211
NC_133176.1:62574107-62574156:-	NC_133176.1	-	62574107	62574156	50	col5a3b	100463515	alt_5p	False	62573995	62574106	62574157	62574265	62573995	62574265	62573994	62574266	271	1	transcript/74451
NC_133176.1:62680298-62680451:-	NC_133176.1	-	62680298	62680451	154	cyp3a65	553969	alt_5p	False	62679658	62680297	62680452	62680527	62679658	62680527	62679657	62680528	870	3	transcript/2076771,transcript/2082691,transcript/2101033
NC_133176.1:62998097-62998262:-	NC_133176.1	-	62998097	62998262	166	ears2	751732	cassette	False	62997989	62998096	62998263	62999084	62997989	62999084	62997988	62999085	1096	1	transcript/2550758
NC_133176.1:62998097-62998606:-	NC_133176.1	-	62998097	62998606	510	ears2	751732	cassette	False	62997989	62998096	62998607	62999084	62997989	62999084	62997988	62999085	1096	3	transcript/1847785,transcript/1851248,transcript/1947257
NC_133177.1:1535210-1535238:-	NC_133177.1	-	1535210	1535238	29	ss18	326668	cassette	False	1534614	1535209	1535239	1535887	1534614	1535887	1534613	1535888	1274	2	transcript/2353994,transcript/2389683
NC_133177.1:1936260-1936374:+	NC_133177.1	+	1936260	1936374	115	adgrl2b.1	110437953	alt_5p	False	1927174	1936259	1936375	1947648	1927174	1947648	1927173	1947649	20475	9	transcript/2199972,transcript/2226093,transcript/2297197,transcript/2309976,transcript/43676,transcript/43862,transcript/45508,transcript/48826,transcript/57119
NC_133177.1:3030543-3030733:+	NC_133177.1	+	3030543	3030733	191	eif2b5	563613	alt_5p	False	3030456	3030542	3030734	3033135	3030456	3033135	3030455	3033136	2680	1	transcript/1697863
NC_133177.1:3044270-3044358:+	NC_133177.1	+	3044270	3044358	89	eif2b5	563613	cassette	True	3041800	3044269	3044359	3044436	3041800	3044436	3041799	3044437	2637	2	transcript/1624035,transcript/1696341
NC_133177.1:3125910-3125958:+	NC_133177.1	+	3125910	3125958	49	pik3r3a	406311	cassette	False	3124801	3125909	3125959	3130507	3124801	3130507	3124800	3130508	5707	3	transcript/1938022,transcript/1952906,transcript/1965565
NC_133177.1:4667436-4667590:+	NC_133177.1	+	4667436	4667590	155	wacb	449798	cassette	True	4667231	4667435	4667591	4670525	4667231	4670525	4667230	4670526	3295	1	transcript/847610
NC_133177.1:5645085-5645208:-	NC_133177.1	-	5645085	5645208	124	mfn1a	100329462	alt_5p	True	5644999	5645084	5645209	5648371	5644999	5648371	5644998	5648372	3373	2	transcript/1104862,transcript/1361769
NC_133177.1:6376337-6376380:-	NC_133177.1	-	6376337	6376380	44	uck2b	327057	cassette	True	6373376	6376336	6376381	6376999	6373376	6376999	6373375	6377000	3624	4	transcript/2875956,transcript/2904477,transcript/2974267,transcript/3033694
NC_133177.1:6471529-6471593:-	NC_133177.1	-	6471529	6471593	65	ipo13a	566321	cassette	True	6471403	6471528	6471594	6472737	6471403	6472737	6471402	6472738	1335	1	transcript/196410
NC_133177.1:8008908-8008977:-	NC_133177.1	-	8008908	8008977	70	ccdc39	100005620	cassette	True	8006452	8008907	8008978	8010092	8006452	8010092	8006451	8010093	3641	1	transcript/696192
NC_133177.1:8383480-8383647:+	NC_133177.1	+	8383480	8383647	168	pcolce2a	100002838	cassette	True	8383236	8383479	8383648	8386917	8383236	8386917	8383235	8386918	3682	3	transcript/1993748,transcript/2083497,transcript/2956731
NC_133177.1:9069073-9069140:+	NC_133177.1	+	9069073	9069140	68	usp33	406508	alt_5p	False	9068743	9069072	9069141	9074776	9068743	9074776	9068742	9074777	6034	1	transcript/368074
NC_133177.1:9864454-9864486:-	NC_133177.1	-	9864454	9864486	33	cope	492492	cassette	True	9863394	9864453	9864487	9864886	9863394	9864886	9863393	9864887	1493	3	transcript/4790642,transcript/4958705,transcript/5190911
NC_133177.1:9864454-9864631:-	NC_133177.1	-	9864454	9864631	178	cope	492492	cassette	True	9863394	9864453	9864632	9864886	9863394	9864886	9863393	9864887	1493	1	transcript/4531665
NC_133177.1:9868802-9868907:-	NC_133177.1	-	9868802	9868907	106	cope	492492	alt_5p	False	9867702	9868801	9868908	9871674	9867702	9871674	9867701	9871675	3973	4	transcript/4965465,transcript/4966946,transcript/4982961,transcript/5049500
NC_133177.1:10847256-10847464:-	NC_133177.1	-	10847256	10847464	209	scinlb	406363	alt_5p	False	10844751	10847255	10847465	10849321	10844751	10849321	10844750	10849322	4571	1	transcript/994421
NC_133177.1:11295621-11295653:-	NC_133177.1	-	11295621	11295653	33	LOC137487670	137487670	cassette	True	11289754	11295620	11295654	11295869	11289754	11295869	11289753	11295870	6116	3	transcript/1887979,transcript/2047197,transcript/2103477
NC_133177.1:11922946-11923017:-	NC_133177.1	-	11922946	11923017	72	sdr16c5a	405814	cassette	True	11917861	11922945	11923018	11924713	11917861	11924713	11917860	11924714	6853	4	transcript/4004663,transcript/4037036,transcript/4333821,transcript/4359327
NC_133177.1:11924470-11924596:-	NC_133177.1	-	11924470	11924596	127	sdr16c5a	405814	cassette	True	11917861	11924469	11924597	11924713	11917861	11924713	11917860	11924714	6853	1	transcript/4099417
NC_133177.1:12362517-12362567:+	NC_133177.1	+	12362517	12362567	51	LOC141377818	141377818	cassette	False	12359455	12362516	12362568	12364964	12359455	12364964	12359454	12364965	5510	8	transcript/1087140,transcript/1099161,transcript/1100648,transcript/1101119,transcript/1186015,transcript/1193163,transcript/1211385,transcript/1807758
NC_133177.1:12398292-12398395:+	NC_133177.1	+	12398292	12398395	104	ro60	568429	alt_5p	False	12394343	12398291	12398396	12399089	12394343	12399089	12394342	12399090	4747	1	transcript/1589866
NC_133177.1:15929411-15929434:-	NC_133177.1	-	15929411	15929434	24	pde4bb	555599	cassette	False	15924048	15929410	15929435	15930877	15924048	15930877	15924047	15930878	6830	3	transcript/1243572,transcript/259344,transcript/411608
NC_133177.1:17403988-17404260:-	NC_133177.1	-	17403988	17404260	273	si:dkey-10f21.4	100137126	alt_5p	False	17403766	17403987	17404261	17404446	17403766	17404446	17403765	17404447	681	5	transcript/2102175,transcript/2102833,transcript/2221982,transcript/2483509,transcript/2531832
NC_133177.1:17992365-17992397:+	NC_133177.1	+	17992365	17992397	33	amy2a	406539	cassette	True	17991347	17992364	17992398	17993300	17991347	17993300	17991346	17993301	1954	1	transcript/3592513
NC_133177.1:18529091-18529199:+	NC_133177.1	+	18529091	18529199	109	selenoj	572182	cassette	False	18528971	18529090	18529200	18532066	18528971	18532066	18528970	18532067	3096	2	transcript/3875837,transcript/3926025
NC_133177.1:18533929-18534090:+	NC_133177.1	+	18533929	18534090	162	selenoj	572182	alt_5p	True	18533776	18533928	18534091	18536999	18533776	18536999	18533775	18537000	3224	2	transcript/4281603,transcript/4318776
NC_133177.1:18559364-18559589:+	NC_133177.1	+	18559364	18559589	226	sh3glb1b	334911	alt_5p	True	18557294	18559363	18559590	18559681	18557294	18559681	18557293	18559682	2388	2	transcript/1657764,transcript/2493629
NC_133177.1:19072591-19072622:+	NC_133177.1	+	19072591	19072622	32	ppp1r7	560323	cassette	True	19072195	19072590	19072623	19072704	19072195	19072704	19072194	19072705	510	4	transcript/1838987,transcript/1849597,transcript/1850597,transcript/1865182
NC_133177.1:19153047-19153234:+	NC_133177.1	+	19153047	19153234	188	tfa	30255	alt_5p	False	19151608	19153046	19153235	19153949	19151608	19153949	19151607	19153950	2342	3	transcript/2028043,transcript/2088177,transcript/2111380
NC_133177.1:19155738-19155798:+	NC_133177.1	+	19155738	19155798	61	tfa	30255	alt_5p	False	19154087	19155737	19155799	19155910	19154087	19155910	19154086	19155911	1824	2	transcript/2069359,transcript/2074230
NC_133177.1:21554412-21554479:-	NC_133177.1	-	21554412	21554479	68	kncn	100148271	cassette	False	21547084	21554411	21554480	21556514	21547084	21556514	21547083	21556515	9431	1	transcript/5302151
NC_133177.1:25939445-25939498:+	NC_133177.1	+	25939445	25939498	54	septin2	323457	cassette	False	25936451	25939444	25939499	25940502	25936451	25940502	25936450	25940503	4052	3	transcript/1876696,transcript/1877237,transcript/1889910
NC_133177.1:26320233-26320418:-	NC_133177.1	-	26320233	26320418	186	mllt1b	678639	alt_5p	False	26316712	26320232	26320419	26322856	26316712	26322856	26316711	26322857	6145	1	transcript/911959
NC_133177.1:27644279-27644328:-	NC_133177.1	-	27644279	27644328	50	trnau1apb	791478	cassette	True	27644140	27644278	27644329	27644574	27644140	27644574	27644139	27644575	435	23	transcript/2912652,transcript/3098819,transcript/3098993,transcript/3102893,transcript/3111901,transcript/3126442,transcript/3141413,transcript/3144131,transcript/3162521,transcript/3282948,transcript/3334993,transcript/3573236,transcript/3615757,transcript/3636439,transcript/3909274,transcript/3969117,transcript/3979660,transcript/3980212,transcript/3982621,transcript/3993630,transcript/4091695,transcript/4102494,transcript/4113069
NC_133177.1:27644327-27644398:-	NC_133177.1	-	27644327	27644398	72	trnau1apb	791478	cassette	True	27644140	27644326	27644399	27644574	27644140	27644574	27644139	27644575	435	4	transcript/2872382,transcript/2903500,transcript/3085347,transcript/3222594
NC_133177.1:27644327-27644430:-	NC_133177.1	-	27644327	27644430	104	trnau1apb	791478	cassette	True	27644140	27644326	27644431	27644574	27644140	27644574	27644139	27644575	435	6	transcript/2809824,transcript/2812202,transcript/3012286,transcript/3041894,transcript/3199257,transcript/3217416
NC_133177.1:27644327-27644707:-	NC_133177.1	-	27644327	27644707	381	trnau1apb	791478	alt_5p	True	27644140	27644326	27644708	27644784	27644140	27644784	27644139	27644785	645	2	transcript/2635732,transcript/2774698
NC_133177.1:27644962-27645006:-	NC_133177.1	-	27644962	27645006	45	trnau1apb	791478	cassette	True	27644839	27644961	27645007	27645279	27644839	27645279	27644838	27645280	441	15	transcript/2787406,transcript/2792829,transcript/3012638,transcript/3039402,transcript/3125897,transcript/3133596,transcript/3133779,transcript/3239135,transcript/3287401,transcript/3368450,transcript/3818606,transcript/3822267,transcript/3876803,transcript/3973078,transcript/3998256
NC_133177.1:27644962-27645064:-	NC_133177.1	-	27644962	27645064	103	trnau1apb	791478	cassette	True	27644839	27644961	27645065	27645279	27644839	27645279	27644838	27645280	441	9	transcript/2681060,transcript/2786903,transcript/2814907,transcript/2858595,transcript/2880223,transcript/2881130,transcript/2927548,transcript/3117313,transcript/3139914
NC_133177.1:27644962-27645068:-	NC_133177.1	-	27644962	27645068	107	trnau1apb	791478	cassette	True	27644839	27644961	27645069	27645279	27644839	27645279	27644838	27645280	441	8	transcript/2801237,transcript/2964710,transcript/3040382,transcript/3064865,transcript/3109158,transcript/3208244,transcript/3702788,transcript/3849118
NC_133177.1:29806759-29806967:-	NC_133177.1	-	29806759	29806967	209	rabggtb	406386	cassette	False	29806280	29806758	29806968	29807109	29806280	29807109	29806279	29807110	830	2	transcript/2548896,transcript/2587828
NC_133177.1:29819839-29820004:+	NC_133177.1	+	29819839	29820004	166	hectd3	563189	alt_5p	False	29819235	29819838	29820005	29820290	29819235	29820290	29819234	29820291	1056	1	transcript/881107
NC_133177.1:29820291-29820388:+	NC_133177.1	+	29820291	29820388	98	hectd3	563189	alt_5p	False	29820001	29820290	29820389	29821840	29820001	29821840	29820000	29821841	1840	1	transcript/869305
NC_133177.1:29821149-29821192:+	NC_133177.1	+	29821149	29821192	44	hectd3	563189	cassette	False	29820385	29821148	29821193	29821840	29820385	29821840	29820384	29821841	1456	1	transcript/846961
NC_133177.1:30724367-30724530:-	NC_133177.1	-	30724367	30724530	164	toe1	568260	alt_5p	False	30722640	30724366	30724531	30724614	30722640	30724614	30722639	30724615	1975	1	transcript/2858206
NC_133177.1:30981376-30981562:-	NC_133177.1	-	30981376	30981562	187	tgs1	100537552	alt_5p	False	30976455	30981375	30981563	30981634	30976455	30981634	30976454	30981635	5180	2	transcript/1027344,transcript/1069553
NC_133177.1:30986413-30987015:-	NC_133177.1	-	30986413	30987015	603	tgs1	100537552	alt_5p	False	30983215	30986412	30987016	30989457	30983215	30989457	30983214	30989458	6243	1	transcript/1056041
NC_133177.1:30990767-30990902:-	NC_133177.1	-	30990767	30990902	136	tgs1	100537552	cassette	False	30990207	30990766	30990903	30991843	30990207	30991843	30990206	30991844	1637	1	transcript/940747
NC_133177.1:32441722-32441968:-	NC_133177.1	-	32441722	32441968	247	cahz	30331	alt_5p	False	32440243	32441721	32441969	32442780	32440243	32442780	32440242	32442781	2538	4	transcript/3317087,transcript/3513519,transcript/3603032,transcript/3649802
NC_133177.1:34800304-34800430:-	NC_133177.1	-	34800304	34800430	127	nol7	558911	alt_5p	False	34800225	34800303	34800431	34800503	34800225	34800503	34800224	34800504	279	1	transcript/5581081
NC_133177.1:34801709-34801808:-	NC_133177.1	-	34801709	34801808	100	nol7	558911	alt_5p	False	34800545	34801708	34801809	34802124	34800545	34802124	34800544	34802125	1580	2	transcript/5096293,transcript/5196800
NC_133177.1:35628176-35628237:-	NC_133177.1	-	35628176	35628237	62	ccr9a	553366	cassette	True	35626411	35628175	35628238	35631552	35626411	35631552	35626410	35631553	5142	3	transcript/2070539,transcript/2124789,transcript/2144165
NC_133177.1:35636228-35636265:-	NC_133177.1	-	35636228	35636265	38	ccr9a	553366	cassette	True	35636135	35636227	35636266	35636439	35636135	35636439	35636134	35636440	305	6	transcript/2054639,transcript/2068941,transcript/2177782,transcript/2198707,transcript/2253072,transcript/2288741
NC_133177.1:35636300-35636343:-	NC_133177.1	-	35636300	35636343	44	ccr9a	553366	cassette	True	35636135	35636299	35636344	35636439	35636135	35636439	35636134	35636440	305	9	transcript/1999780,transcript/2006971,transcript/2061385,transcript/2068739,transcript/2164092,transcript/2166244,transcript/2179771,transcript/2265157,transcript/2338817
NC_133177.1:35752771-35752835:+	NC_133177.1	+	35752771	35752835	65	ccr9a	553366	cassette	True	35752252	35752770	35752836	35753991	35752252	35753991	35752251	35753992	1740	1	transcript/3093045
NC_133177.1:36401360-36401492:-	NC_133177.1	-	36401360	36401492	133	ccdc24	541495	cassette	True	36398138	36401359	36401493	36407035	36398138	36407035	36398137	36407036	8898	1	transcript/2503442
NC_133177.1:36425277-36425507:-	NC_133177.1	-	36425277	36425507	231	ccdc24	541495	cassette	False	36424975	36425276	36425508	36427116	36424975	36427116	36424974	36427117	2142	1	transcript/2210018
NC_133177.1:36658744-36658797:-	NC_133177.1	-	36658744	36658797	54	atp6v0b	321724	alt_5p	False	36658561	36658743	36658798	36659501	36658561	36659501	36658560	36659502	941	1	transcript/2757238
NC_133177.1:36995749-36995902:-	NC_133177.1	-	36995749	36995902	154	eif2b3	394049	alt_5p	True	36989990	36995748	36995903	36997514	36989990	36997514	36989989	36997515	7525	1	transcript/2890672
NC_133177.1:38002243-38002429:-	NC_133177.1	-	38002243	38002429	187	pappa2	567038	alt_5p	False	37999773	38002242	38002430	38002519	37999773	38002519	37999772	38002520	2747	2	transcript/27735,transcript/46043
NC_133177.1:38834322-38834465:+	NC_133177.1	+	38834322	38834465	144	dhx9	568043	cassette	False	38833429	38834321	38834466	38834545	38833429	38834545	38833428	38834546	1117	13	transcript/100370,transcript/101747,transcript/101775,transcript/102906,transcript/237772,transcript/254974,transcript/262539,transcript/262708,transcript/272367,transcript/272508,transcript/272885,transcript/99377,transcript/99482
NC_133177.1:39650029-39650289:-	NC_133177.1	-	39650029	39650289	261	ccnl1b	326088	cassette	False	39649737	39650028	39650290	39650677	39649737	39650677	39649736	39650678	941	2	transcript/2099331,transcript/2149864
NC_133177.1:39650091-39650289:-	NC_133177.1	-	39650091	39650289	199	ccnl1b	326088	cassette	False	39649737	39650090	39650290	39650677	39649737	39650677	39649736	39650678	941	2	transcript/2133954,transcript/2150075
NC_133177.1:39650159-39650289:-	NC_133177.1	-	39650159	39650289	131	ccnl1b	326088	cassette	False	39649737	39650158	39650290	39650677	39649737	39650677	39649736	39650678	941	1	transcript/2266241
NC_133177.1:39650425-39650602:-	NC_133177.1	-	39650425	39650602	178	ccnl1b	326088	cassette	False	39649737	39650424	39650603	39650677	39649737	39650677	39649736	39650678	941	2	transcript/2125742,transcript/2182078
NC_133177.1:39650674-39650743:-	NC_133177.1	-	39650674	39650743	70	ccnl1b	326088	alt_5p	False	39649737	39650673	39650744	39650842	39649737	39650842	39649736	39650843	1106	21	transcript/2396336,transcript/2407018,transcript/2415431,transcript/2435630,transcript/2447174,transcript/2449262,transcript/2460549,transcript/2470975,transcript/2485913,transcript/2506181,transcript/2511650,transcript/2517332,transcript/2517333,transcript/2537407,transcript/2562540,transcript/2562817,transcript/2574025,transcript/2583431,transcript/2610938,transcript/2723365,transcript/2726420
NC_133177.1:39690383-39690443:+	NC_133177.1	+	39690383	39690443	61	golim4b	541535	cassette	True	39687616	39690382	39690444	39691332	39687616	39691332	39687615	39691333	3717	1	transcript/1537491
NC_133177.1:40194606-40194729:+	NC_133177.1	+	40194606	40194729	124	apoda.2	100148022	alt_5p	False	40194492	40194605	40194730	40194905	40194492	40194905	40194491	40194906	414	2	transcript/5876685,transcript/5970323
NC_133177.1:40798123-40798209:-	NC_133177.1	-	40798123	40798209	87	nfatc4	561682	cassette	False	40796023	40798122	40798210	40799491	40796023	40799491	40796022	40799492	3469	1	transcript/593494
NC_133177.1:41314407-41314718:-	NC_133177.1	-	41314407	41314718	312	ap1g2	100007877	cassette	True	41314284	41314406	41314719	41315798	41314284	41315798	41314283	41315799	1515	3	transcript/516100,transcript/521026,transcript/572669
NC_133177.1:42026860-42026957:-	NC_133177.1	-	42026860	42026957	98	copb2	114454	alt_5p	False	42025752	42026859	42026958	42027104	42025752	42027104	42025751	42027105	1353	1	transcript/748794
NC_133177.1:42060062-42060117:-	NC_133177.1	-	42060062	42060117	56	rbp1.1	791484	cassette	False	42058491	42060061	42060118	42061595	42058491	42061595	42058490	42061596	3105	2	transcript/5327873,transcript/5342326
NC_133177.1:45409431-45409509:-	NC_133177.1	-	45409431	45409509	79	lactb2	405820	cassette	False	45409223	45409430	45409510	45409617	45409223	45409617	45409222	45409618	395	3	transcript/4557923,transcript/4626076,transcript/4693887
NC_133177.1:47161245-47161379:-	NC_133177.1	-	47161245	47161379	135	zeb1a	100004929	cassette	False	47150066	47161244	47161380	47196690	47150066	47196690	47150065	47196691	46625	15	transcript/271693,transcript/279771,transcript/309772,transcript/312015,transcript/312016,transcript/315245,transcript/320537,transcript/322193,transcript/322237,transcript/337236,transcript/338069,transcript/340290,transcript/342014,transcript/342953,transcript/347045
NC_133177.1:48279583-48279713:-	NC_133177.1	-	48279583	48279713	131	eif4e2	541523	alt_5p	True	48277635	48279582	48279714	48279825	48277635	48279825	48277634	48279826	2191	4	transcript/2917354,transcript/3130059,transcript/3275098,transcript/3465474
NC_133177.1:48890157-48890236:-	NC_133177.1	-	48890157	48890236	80	prpf38b	406810	alt_5p	False	48890036	48890156	48890237	48891975	48890036	48891975	48890035	48891976	1940	11	transcript/3072612,transcript/3644227,transcript/3821865,transcript/4116795,transcript/4141568,transcript/4168366,transcript/4402189,transcript/4599264,transcript/4881166,transcript/4980922,transcript/4990261
NC_133177.1:51930212-51930350:+	NC_133177.1	+	51930212	51930350	139	si:dkeyp-94g1.1	797092	cassette	True	51929315	51930211	51930351	51931849	51929315	51931849	51929314	51931850	2535	2	transcript/3268067,transcript/4690976
NC_133177.1:52903850-52904742:+	NC_133177.1	+	52903850	52904742	893	cactin	100126813	cassette	False	52901032	52903849	52904743	52904850	52901032	52904850	52901031	52904851	3819	1	transcript/796357
NC_133177.1:53186897-53186976:+	NC_133177.1	+	53186897	53186976	80	wdr48b	334682	alt_5p	False	53186809	53186896	53186977	53189466	53186809	53189466	53186808	53189467	2658	1	transcript/1213113
NC_133177.1:54469352-54469578:-	NC_133177.1	-	54469352	54469578	227	ftr67	336567	cassette	False	54469183	54469351	54469579	54474061	54469183	54474061	54469182	54474062	4879	2	transcript/2135557,transcript/2154223
NC_133177.1:56487696-56487747:-	NC_133177.1	-	56487696	56487747	52	sirt6	415161	cassette	True	56485261	56487695	56487748	56499356	56485261	56499356	56485260	56499357	14096	4	transcript/3461157,transcript/3494805,transcript/3567109,transcript/3569752
NC_133177.1:56513028-56513176:-	NC_133177.1	-	56513028	56513176	149	sirt6	415161	cassette	False	56507504	56513027	56513177	56515803	56507504	56515803	56507503	56515804	8300	1	transcript/3313875
NC_133177.1:57168568-57168669:+	NC_133177.1	+	57168568	57168669	102	ranbp3b	393663	alt_5p	False	57168008	57168567	57168670	57172209	57168008	57172209	57168007	57172210	4202	1	transcript/2722703
NC_133177.1:57686300-57686365:+	NC_133177.1	+	57686300	57686365	66	rab12	553657	alt_5p	False	57676739	57686299	57686366	57695631	57676739	57695631	57676738	57695632	18893	1	transcript/5091184
NC_133177.1:57688819-57688955:+	NC_133177.1	+	57688819	57688955	137	rab12	553657	cassette	False	57686362	57688818	57688956	57695631	57686362	57695631	57686361	57695632	9270	11	transcript/10974,transcript/3034232,transcript/3900782,transcript/4473018,transcript/4528908,transcript/4531538,transcript/4572854,transcript/4613829,transcript/4638240,transcript/4658484,transcript/4959080
NC_133177.1:59181016-59181261:-	NC_133177.1	-	59181016	59181261	246	LOC137488289	137488289	cassette	False	59175248	59181015	59181262	59190329	59175248	59190329	59175247	59190330	15082	1	transcript/1631478
NC_133177.1:60206590-60206646:-	NC_133177.1	-	60206590	60206646	57	sbno2a	100330841	cassette	False	60206384	60206589	60206647	60209464	60206384	60209464	60206383	60209465	3081	1	transcript/84574
NC_133177.1:60310712-60311115:-	NC_133177.1	-	60310712	60311115	404	ncana	407661	alt_5p	False	60308096	60310711	60311116	60319282	60308096	60319282	60308095	60319283	11187	3	transcript/185630,transcript/188185,transcript/194074
NC_133177.1:61239464-61239539:-	NC_133177.1	-	61239464	61239539	76	lingo3b	100151059	cassette	False	61237295	61239463	61239540	61239617	61237295	61239617	61237294	61239618	2323	2	transcript/6427349,transcript/6443255
NC_133177.1:62984162-62984193:+	NC_133177.1	+	62984162	62984193	32	LOC100334269	100334269	alt_5p	False	62983806	62984161	62984194	62994255	62983806	62994255	62983805	62994256	10450	1	transcript/34098
NC_133178.1:3390790-3390836:-	NC_133178.1	-	3390790	3390836	47	myh9b	561431	cassette	False	3387310	3390789	3390837	3394134	3387310	3394134	3387309	3394135	6825	1	transcript/19062
NC_133178.1:3917269-3917383:-	NC_133178.1	-	3917269	3917383	115	ddx39ab	406249	alt_5p	False	3911435	3917268	3917384	3918103	3911435	3918103	3911434	3918104	6669	2	transcript/3244206,transcript/3375240
NC_133178.1:7732284-7732342:+	NC_133178.1	+	7732284	7732342	59	cbx2	327291	cassette	False	7731547	7732283	7732343	7734859	7731547	7734859	7731546	7734860	3313	4	transcript/2147805,transcript/2150886,transcript/2171992,transcript/2175806
NC_133178.1:8405550-8405734:-	NC_133178.1	-	8405550	8405734	185	LOC141381132	141381132	cassette	False	8400948	8405549	8405735	8410062	8400948	8410062	8400947	8410063	9115	2	transcript/2062563,transcript/2323448
NC_133178.1:11251551-11252419:+	NC_133178.1	+	11251551	11252419	869	LOC141381148	141381148	alt_5p	False	11251470	11251550	11252420	11253875	11251470	11253875	11251469	11253876	2406	5	transcript/1528945,transcript/524288,transcript/717923,transcript/798799,transcript/888845
NC_133178.1:13054195-13054292:+	NC_133178.1	+	13054195	13054292	98	tlcd4b	449652	alt_5p	False	13049461	13054194	13054293	13095120	13049461	13095120	13049460	13095121	45660	1	transcript/288346
NC_133178.1:13057227-13057428:+	NC_133178.1	+	13057227	13057428	202	tlcd4b	449652	cassette	False	13054286	13057226	13057429	13095120	13054286	13095120	13054285	13095121	40835	2	transcript/1106546,transcript/235898
NC_133178.1:14150201-14150529:-	NC_133178.1	-	14150201	14150529	329	LOC137490042	137490042	alt_5p	True	14150087	14150200	14150530	14151680	14150087	14151680	14150086	14151681	1594	1	transcript/3601684
NC_133178.1:14385895-14386139:-	NC_133178.1	-	14385895	14386139	245	LOC137490042	137490042	alt_5p	False	14385337	14385894	14386140	14388418	14385337	14388418	14385336	14388419	3082	1	transcript/785379
NC_133178.1:14386608-14386841:-	NC_133178.1	-	14386608	14386841	234	LOC137490042	137490042	cassette	False	14386140	14386607	14386842	14388418	14386140	14388418	14386139	14388419	2279	3	transcript/641952,transcript/669242,transcript/674966
NC_133178.1:14771067-14771116:-	NC_133178.1	-	14771067	14771116	50	lasp1	323216	cassette	False	14759139	14771066	14771117	14778158	14759139	14778158	14759138	14778159	19020	3	transcript/2082745,transcript/2099728,transcript/2132826
NC_133178.1:15412896-15413023:+	NC_133178.1	+	15412896	15413023	128	gys1	394155	alt_5p	True	15412545	15412895	15413024	15414606	15412545	15414606	15412544	15414607	2062	1	transcript/690255
NC_133178.1:17560119-17560298:-	NC_133178.1	-	17560119	17560298	180	hagh	336977	cassette	True	17559151	17560118	17560299	17560801	17559151	17560801	17559150	17560802	1651	4	transcript/2625479,transcript/2681444,transcript/2683594,transcript/2744907
NC_133178.1:17560119-17560426:-	NC_133178.1	-	17560119	17560426	308	hagh	336977	cassette	True	17559151	17560118	17560427	17560801	17559151	17560801	17559150	17560802	1651	3	transcript/2390282,transcript/2404615,transcript/2410916
NC_133178.1:18471534-18471610:+	NC_133178.1	+	18471534	18471610	77	tlk2	407732	alt_5p	False	18468199	18471533	18471611	18475916	18468199	18475916	18468198	18475917	7718	1	transcript/438150
NC_133178.1:18786951-18787371:+	NC_133178.1	+	18786951	18787371	421	asb16	678621	alt_5p	False	18784932	18786950	18787372	18789474	18784932	18789474	18784931	18789475	4543	8	transcript/1710647,transcript/2281188,transcript/2328984,transcript/2503337,transcript/2530456,transcript/2539195,transcript/2584617,transcript/2588837
NC_133178.1:18787861-18787960:+	NC_133178.1	+	18787861	18787960	100	asb16	678621	cassette	True	18787361	18787860	18787961	18789474	18787361	18789474	18787360	18789475	2114	3	transcript/2317189,transcript/2323950,transcript/2376284
NC_133178.1:19853412-19853621:-	NC_133178.1	-	19853412	19853621	210	maza	100535691	alt_5p	False	19848980	19853411	19853622	19853794	19848980	19853794	19848979	19853795	4815	3	transcript/692995,transcript/716648,transcript/863416
NC_133178.1:19926723-19926905:+	NC_133178.1	+	19926723	19926905	183	zgc:123295	641564	alt_5p	False	19926637	19926722	19926906	19930142	19926637	19930142	19926636	19930143	3506	2	transcript/3988887,transcript/4021969
NC_133178.1:21139968-21140053:+	NC_133178.1	+	21139968	21140053	86	arhgap27l	566523	alt_5p	False	21138633	21139967	21140054	21141830	21138633	21141830	21138632	21141831	3198	1	transcript/235370
NC_133178.1:21786918-21787060:+	NC_133178.1	+	21786918	21787060	143	nags	557716	alt_5p	True	21785759	21786917	21787061	21789039	21785759	21789039	21785758	21789040	3281	3	transcript/1226681,transcript/687254,transcript/838938
NC_133178.1:22847066-22847184:+	NC_133178.1	+	22847066	22847184	119	copz2	57969	cassette	True	22844726	22847065	22847185	22849073	22844726	22849073	22844725	22849074	4348	4	transcript/4684148,transcript/4974312,transcript/5231672,transcript/5786093
NC_133178.1:22953214-22953298:+	NC_133178.1	+	22953214	22953298	85	adsl	334431	alt_5p	False	22952321	22953213	22953299	22953648	22952321	22953648	22952320	22953649	1328	1	transcript/3294569
NC_133178.1:23201768-23201839:+	NC_133178.1	+	23201768	23201839	72	cbx6b	556231	alt_5p	False	23201687	23201767	23201840	23203532	23201687	23203532	23201686	23203533	1846	1	transcript/849989
NC_133178.1:23831560-23831712:+	NC_133178.1	+	23831560	23831712	153	st13	564225	alt_5p	False	23831272	23831559	23831713	23831983	23831272	23831983	23831271	23831984	712	1	transcript/2648486
NC_133178.1:24015224-24015839:-	NC_133178.1	-	24015224	24015839	616	ddx5	322206	cassette	True	24015105	24015223	24015840	24015951	24015105	24015951	24015104	24015952	847	2	transcript/1228311,transcript/1241960
NC_133178.1:24015224-24015855:-	NC_133178.1	-	24015224	24015855	632	ddx5	322206	cassette	True	24015105	24015223	24015856	24015951	24015105	24015951	24015104	24015952	847	4	transcript/1218974,transcript/1225545,transcript/959143,transcript/965694
NC_133178.1:24015224-24016012:-	NC_133178.1	-	24015224	24016012	789	ddx5	322206	alt_5p	True	24015105	24015223	24016013	24016094	24015105	24016094	24015104	24016095	990	7	transcript/1111952,transcript/1119484,transcript/1126969,transcript/1133138,transcript/1215944,transcript/886541,transcript/894673
NC_133178.1:24015784-24015839:-	NC_133178.1	-	24015784	24015839	56	ddx5	322206	cassette	True	24015105	24015783	24015840	24015951	24015105	24015951	24015104	24015952	847	2	transcript/2031679,transcript/2034919
NC_133178.1:24015784-24015855:-	NC_133178.1	-	24015784	24015855	72	ddx5	322206	cassette	True	24015105	24015783	24015856	24015951	24015105	24015951	24015104	24015952	847	2	transcript/2008854,transcript/2016353
NC_133178.1:24015948-24016012:-	NC_133178.1	-	24015948	24016012	65	ddx5	322206	alt_5p	True	24015105	24015947	24016013	24016094	24015105	24016094	24015104	24016095	990	1	transcript/1687445
NC_133178.1:24016249-24016364:-	NC_133178.1	-	24016249	24016364	116	ddx5	322206	alt_5p	True	24016158	24016248	24016365	24016453	24016158	24016453	24016157	24016454	296	5	transcript/1692923,transcript/2093273,transcript/775177,transcript/972358,transcript/983446
NC_133178.1:24016951-24017099:-	NC_133178.1	-	24016951	24017099	149	ddx5	322206	alt_5p	False	24016872	24016950	24017100	24017181	24016872	24017181	24016871	24017182	310	1	transcript/850269
NC_133178.1:24017548-24017649:-	NC_133178.1	-	24017548	24017649	102	ddx5	322206	alt_5p	False	24017474	24017547	24017650	24018161	24017474	24018161	24017473	24018162	688	1	transcript/1698270
NC_133178.1:25513748-25513813:-	NC_133178.1	-	25513748	25513813	66	rab40c	678600	cassette	False	25507815	25513747	25513814	25514537	25507815	25514537	25507814	25514538	6723	2	transcript/1470488,transcript/280315
NC_133178.1:25522916-25523019:-	NC_133178.1	-	25522916	25523019	104	rab40c	678600	cassette	False	25514600	25522915	25523020	25526928	25514600	25526928	25514599	25526929	12329	2	transcript/281513,transcript/283482
NC_133178.1:25640228-25640338:-	NC_133178.1	-	25640228	25640338	111	clec16a	393184	alt_5p	False	25637586	25640227	25640339	25643884	25637586	25643884	25637585	25643885	6299	22	transcript/109031,transcript/109816,transcript/140304,transcript/142822,transcript/1447604,transcript/1469819,transcript/1477020,transcript/1483682,transcript/153636,transcript/155480,transcript/156003,transcript/156219,transcript/156884,transcript/157097,transcript/157109,transcript/157964,transcript/1583740,transcript/165658,transcript/192398,transcript/194643,transcript/203527,transcript/212250
NC_133178.1:27589017-27589498:+	NC_133178.1	+	27589017	27589498	482	ift70	797829	alt_5p	True	27588885	27589016	27589499	27589790	27588885	27589790	27588884	27589791	906	2	transcript/1005881,transcript/1041393
NC_133178.1:27589422-27589498:+	NC_133178.1	+	27589422	27589498	77	ift70	797829	cassette	True	27589095	27589421	27589499	27589790	27589095	27589790	27589094	27589791	696	3	transcript/1345108,transcript/1370490,transcript/1420331
NC_133178.1:28446159-28446379:+	NC_133178.1	+	28446159	28446379	221	LOC101886115	101886115	alt_5p	False	28445988	28446158	28446380	28457655	28445988	28457655	28445987	28457656	11668	2	transcript/4251110,transcript/4286862
NC_133178.1:29353165-29353755:-	NC_133178.1	-	29353165	29353755	591	syt3	100000615	alt_5p	False	29338287	29353164	29353756	29356839	29338287	29356839	29338286	29356840	18553	1	transcript/791629
NC_133178.1:30713682-30713796:-	NC_133178.1	-	30713682	30713796	115	rnf113a	446116	alt_5p	False	30712547	30713681	30713797	30714630	30712547	30714630	30712546	30714631	2084	1	transcript/5167865
NC_133178.1:31007155-31007226:-	NC_133178.1	-	31007155	31007226	72	LOC100534715	100534715	alt_5p	False	31006399	31007154	31007227	31007513	31006399	31007513	31006398	31007514	1115	3	transcript/3179486,transcript/3628399,transcript/4139531
NC_133178.1:31291518-31291646:+	NC_133178.1	+	31291518	31291646	129	scaf1	553490	alt_5p	False	31290751	31291517	31291647	31291798	31290751	31291798	31290750	31291799	1048	1	transcript/1194167
NC_133178.1:31389116-31389291:+	NC_133178.1	+	31389116	31389291	176	bcl2l12	557006	cassette	False	31387422	31389115	31389292	31390283	31387422	31390283	31387421	31390284	2862	19	transcript/2582595,transcript/2582596,transcript/2585791,transcript/2613294,transcript/2631665,transcript/2631666,transcript/2636847,transcript/2717157,transcript/2815882,transcript/2826045,transcript/2937135,transcript/3233693,transcript/3334051,transcript/3579451,transcript/5152786,transcript/5275986,transcript/5297099,transcript/5487117,transcript/5733481
NC_133178.1:31389116-31389300:+	NC_133178.1	+	31389116	31389300	185	bcl2l12	557006	cassette	False	31387422	31389115	31389301	31390283	31387422	31390283	31387421	31390284	2862	3	transcript/2582554,transcript/2586098,transcript/2723128
NC_133178.1:31624756-31624849:-	NC_133178.1	-	31624756	31624849	94	mylpfa	30429	cassette	False	31624101	31624755	31624850	31625215	31624101	31625215	31624100	31625216	1115	2	transcript/3763934,transcript/3782547
NC_133178.1:32255219-32255382:+	NC_133178.1	+	32255219	32255382	164	gtpbp1	378721	cassette	False	32253546	32255218	32255383	32256026	32253546	32256026	32253545	32256027	2481	5	transcript/600681,transcript/632994,transcript/724329,transcript/725839,transcript/729894
NC_133178.1:32277098-32277256:-	NC_133178.1	-	32277098	32277256	159	sgsm3	406635	alt_5p	True	32277015	32277097	32277257	32277434	32277015	32277434	32277014	32277435	420	1	transcript/477932
NC_133178.1:32279687-32279833:-	NC_133178.1	-	32279687	32279833	147	sgsm3	406635	cassette	True	32278871	32279686	32279834	32280562	32278871	32280562	32278870	32280563	1692	2	transcript/408854,transcript/445663
NC_133178.1:33031072-33031207:-	NC_133178.1	-	33031072	33031207	136	yipf2	445106	cassette	False	33030690	33031071	33031208	33031975	33030690	33031975	33030689	33031976	1286	1	transcript/2936354
NC_133178.1:34473622-34473664:+	NC_133178.1	+	34473622	34473664	43	traf7	563746	cassette	False	34471149	34473621	34473665	34475961	34471149	34475961	34471148	34475962	4813	1	transcript/598626
NC_133178.1:34676012-34676197:+	NC_133178.1	+	34676012	34676197	186	crlf3	550515	alt_5p	False	34671121	34676011	34676198	34689954	34671121	34689954	34671120	34689955	18834	1	transcript/1221193
NC_133178.1:34695024-34695205:+	NC_133178.1	+	34695024	34695205	182	crlf3	550515	cassette	False	34692293	34695023	34695206	34696487	34692293	34696487	34692292	34696488	4195	2	transcript/1167120,transcript/1180637
NC_133178.1:35134613-35134708:+	NC_133178.1	+	35134613	35134708	96	zgc:86896	415190	alt_5p	False	35134286	35134612	35134709	35134976	35134286	35134976	35134285	35134977	691	1	transcript/4055753
NC_133178.1:35307796-35307880:-	NC_133178.1	-	35307796	35307880	85	glyr1	493611	alt_5p	False	35307711	35307795	35307881	35308164	35307711	35308164	35307710	35308165	454	1	transcript/1620228
NC_133178.1:36542220-36542262:-	NC_133178.1	-	36542220	36542262	43	gpatch8	565404	cassette	False	36539609	36542219	36542263	36548056	36539609	36548056	36539608	36548057	8448	8	transcript/2656193,transcript/2975900,transcript/3492584,transcript/4566962,transcript/52102,transcript/53206,transcript/5359046,transcript/5728813
NC_133178.1:36551513-36551532:-	NC_133178.1	-	36551513	36551532	20	gpatch8	565404	cassette	False	36548131	36551512	36551533	36559512	36548131	36559512	36548130	36559513	11382	15	transcript/2046781,transcript/2108886,transcript/2152768,transcript/2201364,transcript/2286787,transcript/2287536,transcript/2301305,transcript/2740771,transcript/4658461,transcript/4729853,transcript/4756411,transcript/51734,transcript/5461042,transcript/5808081,transcript/5865475
NC_133178.1:36557030-36557070:-	NC_133178.1	-	36557030	36557070	41	gpatch8	565404	cassette	False	36548131	36557029	36557071	36559512	36548131	36559512	36548130	36559513	11382	24	transcript/1948266,transcript/2093246,transcript/2095254,transcript/2133404,transcript/2141322,transcript/2145131,transcript/2158817,transcript/2191971,transcript/2196545,transcript/2198292,transcript/2207541,transcript/2284444,transcript/2292257,transcript/2315801,transcript/2318812,transcript/2382638,transcript/2434759,transcript/2446762,transcript/4348,transcript/4578002,transcript/4589027,transcript/4745609,transcript/51556,transcript/52301
NC_133178.1:36557034-36557070:-	NC_133178.1	-	36557034	36557070	37	gpatch8	565404	cassette	False	36548131	36557033	36557071	36559512	36548131	36559512	36548130	36559513	11382	19	transcript/2135309,transcript/2181505,transcript/2183764,transcript/2216427,transcript/2222251,transcript/2236292,transcript/2249206,transcript/2262014,transcript/2269577,transcript/2291838,transcript/2340420,transcript/2442037,transcript/2468954,transcript/2696043,transcript/4579386,transcript/4720808,transcript/4801122,transcript/52800,transcript/53243
NC_133178.1:38546697-38547005:+	NC_133178.1	+	38546697	38547005	309	prpsap2	406369	alt_5p	False	38546248	38546696	38547006	38548641	38546248	38548641	38546247	38548642	2394	7	transcript/1619803,transcript/1640909,transcript/1671636,transcript/1740000,transcript/3044112,transcript/3059283,transcript/3155055
NC_133178.1:38546744-38547005:+	NC_133178.1	+	38546744	38547005	262	prpsap2	406369	alt_5p	False	38546248	38546743	38547006	38548641	38546248	38548641	38546247	38548642	2394	10	transcript/1683887,transcript/1702398,transcript/1743928,transcript/1774925,transcript/1778713,transcript/1784569,transcript/1804392,transcript/3235686,transcript/3236421,transcript/3460415
NC_133178.1:38549487-38549555:+	NC_133178.1	+	38549487	38549555	69	prpsap2	406369	cassette	False	38549121	38549486	38549556	38551707	38549121	38551707	38549120	38551708	2587	6	transcript/1774509,transcript/1781661,transcript/1824421,transcript/1848436,transcript/1849455,transcript/1868295
NC_133178.1:38639591-38639763:-	NC_133178.1	-	38639591	38639763	173	b9d1	554150	alt_5p	True	38638139	38639590	38639764	38639852	38638139	38639852	38638138	38639853	1714	11	transcript/3613442,transcript/3633533,transcript/3871664,transcript/3882524,transcript/4118749,transcript/4312274,transcript/4329542,transcript/4405742,transcript/4500743,transcript/4565233,transcript/4576104
NC_133178.1:38641220-38641336:-	NC_133178.1	-	38641220	38641336	117	b9d1	554150	alt_5p	False	38641041	38641219	38641337	38641435	38641041	38641435	38641040	38641436	395	6	transcript/2313534,transcript/3888031,transcript/3976250,transcript/4203102,transcript/4696530,transcript/5033218
NC_133178.1:39228497-39228631:-	NC_133178.1	-	39228497	39228631	135	pdap1b	393179	alt_5p	True	39228041	39228496	39228632	39230206	39228041	39230206	39228040	39230207	2166	3	transcript/4621565,transcript/4632505,transcript/4740432
NC_133178.1:39482001-39482045:-	NC_133178.1	-	39482001	39482045	45	actb2	57935	cassette	False	39481852	39482000	39482046	39482138	39481852	39482138	39481851	39482139	287	32	transcript/2734537,transcript/2859548,transcript/2860012,transcript/2862182,transcript/2862682,transcript/2862832,transcript/2866109,transcript/2867398,transcript/2867613,transcript/2868317,transcript/2869037,transcript/2871583,transcript/2871598,transcript/2871700,transcript/2871770,transcript/2872315,transcript/2872604,transcript/2872871,transcript/2873355,transcript/2874577,transcript/2874794,transcript/2875325,transcript/2877678,transcript/2878148,transcript/2881099,transcript/2882068,transcript/2891150,transcript/2896477,transcript/2902376,transcript/2908821,transcript/2909959,transcript/2913092
NC_133178.1:39482005-39482045:-	NC_133178.1	-	39482005	39482045	41	actb2	57935	cassette	False	39481852	39482004	39482046	39482138	39481852	39482138	39481851	39482139	287	1	transcript/2911601
NC_133178.1:40726571-40726654:+	NC_133178.1	+	40726571	40726654	84	eif3ba	796380	alt_5p	False	40726495	40726570	40726655	40726742	40726495	40726742	40726494	40726743	248	1	transcript/1216919
NC_133178.1:42164631-42164813:+	NC_133178.1	+	42164631	42164813	183	micall2a	327198	alt_5p	True	42164491	42164630	42164814	42167027	42164491	42167027	42164490	42167028	2537	14	transcript/459014,transcript/472755,transcript/483896,transcript/485528,transcript/491077,transcript/501543,transcript/505287,transcript/511481,transcript/556663,transcript/562426,transcript/613618,transcript/666999,transcript/800641,transcript/876413
NC_133178.1:48255254-48255393:+	NC_133178.1	+	48255254	48255393	140	dnm2a	559334	cassette	True	48253680	48255253	48255394	48258292	48253680	48258292	48253679	48258293	4613	4	transcript/143348,transcript/144231,transcript/146150,transcript/157301
NC_133178.1:48313250-48313405:-	NC_133178.1	-	48313250	48313405	156	tmed1a	445093	cassette	False	48312919	48313249	48313406	48314792	48312919	48314792	48312918	48314793	1874	1	transcript/4047899
NC_133178.1:50242846-50242941:-	NC_133178.1	-	50242846	50242941	96	dnajb1a	445177	cassette	False	50242756	50242845	50242942	50251061	50242756	50251061	50242755	50251062	8306	4	transcript/3116376,transcript/3211508,transcript/3215020,transcript/3508743
NC_133178.1:54321629-54321711:+	NC_133178.1	+	54321629	54321711	83	baiap2a	678518	cassette	False	54278949	54321628	54321712	54325209	54278949	54325209	54278948	54325210	46261	4	transcript/1197733,transcript/1202400,transcript/909365,transcript/910156
NC_133178.1:54394130-54394377:+	NC_133178.1	+	54394130	54394377	248	baiap2a	678518	alt_5p	False	54383106	54394129	54394378	54396477	54383106	54396477	54383105	54396478	13372	1	transcript/989090
NC_133178.1:55543786-55543892:+	NC_133178.1	+	55543786	55543892	107	pbx4	30728	cassette	False	55537314	55543785	55543893	55547692	55537314	55547692	55537313	55547693	10379	1	transcript/914015
NC_133178.1:59370711-59370883:-	NC_133178.1	-	59370711	59370883	173	axin2	58080	alt_5p	False	59370192	59370710	59370884	59370982	59370192	59370982	59370191	59370983	791	1	transcript/360180
NC_133178.1:59371611-59371756:-	NC_133178.1	-	59371611	59371756	146	axin2	58080	alt_5p	False	59371460	59371610	59371757	59373128	59371460	59373128	59371459	59373129	1669	1	transcript/571413
NC_133178.1:61802263-61802603:-	NC_133178.1	-	61802263	61802603	341	usp36	327239	alt_5p	False	61799430	61802262	61802604	61807019	61799430	61807019	61799429	61807020	7590	1	transcript/1059967
NC_133178.1:61955383-61955697:-	NC_133178.1	-	61955383	61955697	315	cant1a	406558	cassette	False	61953102	61955382	61955698	61956270	61953102	61956270	61953101	61956271	3169	1	transcript/2048554
NC_133178.1:62377217-62377286:+	NC_133178.1	+	62377217	62377286	70	uqcrc2a	436930	alt_5p	False	62377137	62377216	62377287	62377366	62377137	62377366	62377136	62377367	230	1	transcript/2380675
NC_133178.1:62377367-62377428:+	NC_133178.1	+	62377367	62377428	62	uqcrc2a	436930	alt_5p	False	62377283	62377366	62377429	62379415	62377283	62379415	62377282	62379416	2133	1	transcript/2881429
NC_133178.1:64750656-64751057:+	NC_133178.1	+	64750656	64751057	402	arhgdia	406770	alt_5p	False	64714552	64750655	64751058	64756980	64714552	64756980	64714551	64756981	42429	2	transcript/1816515,transcript/1818520
NC_133178.1:65898889-65899039:+	NC_133178.1	+	65898889	65899039	151	helz	406550	alt_5p	False	65896327	65898888	65899040	65901941	65896327	65901941	65896326	65901942	5615	1	transcript/55535
NC_133179.1:218879-218994:-	NC_133179.1	-	218879	218994	116	tbk1	692289	alt_5p	False	218808	218878	218995	220560	218808	220560	218807	220561	1753	1	transcript/721365
NC_133179.1:396626-396897:-	NC_133179.1	-	396626	396897	272	etv6	114444	cassette	False	396162	396625	396898	396982	396162	396982	396161	396983	821	1	transcript/1842647
NC_133179.1:937898-938112:-	NC_133179.1	-	937898	938112	215	rtcb	406376	alt_5p	False	936644	937897	938113	938204	936644	938204	936643	938205	1561	2	transcript/2764854,transcript/2771778
NC_133179.1:1064233-1064298:-	NC_133179.1	-	1064233	1064298	66	dpysl5b	553410	alt_5p	False	1064082	1064232	1064299	1064425	1064082	1064425	1064081	1064426	344	2	transcript/529898,transcript/544787
NC_133179.1:1066377-1066558:-	NC_133179.1	-	1066377	1066558	182	dpysl5b	553410	alt_5p	False	1065385	1066376	1066559	1068733	1065385	1068733	1065384	1068734	3349	3	transcript/522425,transcript/533268,transcript/537492
NC_133179.1:1365067-1365251:-	NC_133179.1	-	1365067	1365251	185	upf2	569006	alt_5p	False	1364130	1365066	1365252	1365496	1364130	1365496	1364129	1365497	1367	1	transcript/98163
NC_133179.1:2319573-2319927:-	NC_133179.1	-	2319573	2319927	355	si:dkey-97m3.1	100034578	alt_5p	True	2317775	2319572	2319928	2320259	2317775	2320259	2317774	2320260	2485	1	transcript/234891
NC_133179.1:2384744-2384934:-	NC_133179.1	-	2384744	2384934	191	cpsf6	327069	alt_5p	False	2384366	2384743	2384935	2385049	2384366	2385049	2384365	2385050	684	1	transcript/2193754
NC_133179.1:2388624-2388752:+	NC_133179.1	+	2388624	2388752	129	yeats4	437025	alt_5p	True	2388531	2388623	2388753	2389246	2388531	2389246	2388530	2389247	716	4	transcript/5048358,transcript/5130759,transcript/5135968,transcript/5144566
NC_133179.1:3278048-3278160:-	NC_133179.1	-	3278048	3278160	113	aebp2	406815	alt_5p	False	3276478	3278047	3278161	3278331	3276478	3278331	3276477	3278332	1854	1	transcript/2000080
NC_133179.1:5179802-5179943:+	NC_133179.1	+	5179802	5179943	142	slc13a4	100038771	alt_5p	False	5177515	5179801	5179944	5180501	5177515	5180501	5177514	5180502	2987	1	transcript/1075442
NC_133179.1:5562956-5563029:+	NC_133179.1	+	5562956	5563029	74	atp6v1e1b	192335	alt_5p	False	5562086	5562955	5563030	5564323	5562086	5564323	5562085	5564324	2238	2	transcript/4289256,transcript/4452969
NC_133179.1:5937244-5937399:+	NC_133179.1	+	5937244	5937399	156	LOC101884942	101884942	alt_5p	False	5935410	5937243	5937400	5937479	5935410	5937479	5935409	5937480	2070	2	transcript/1892876,transcript/1959695
NC_133179.1:7282143-7282326:-	NC_133179.1	-	7282143	7282326	184	ifrd1	555178	alt_5p	True	7281909	7282142	7282327	7282969	7281909	7282969	7281908	7282970	1061	1	transcript/2763688
NC_133179.1:7284931-7285014:-	NC_133179.1	-	7284931	7285014	84	ifrd1	555178	alt_5p	False	7284849	7284930	7285015	7286033	7284849	7286033	7284848	7286034	1185	1	transcript/2785957
NC_133179.1:8361202-8361283:-	NC_133179.1	-	8361202	8361283	82	LOC141381591	141381591	alt_5p	False	8357379	8361201	8361284	8361407	8357379	8361407	8357378	8361408	4029	1	transcript/4310443
NC_133179.1:9578220-9578296:+	NC_133179.1	+	9578220	9578296	77	samm50l	492471	alt_5p	True	9578141	9578219	9578297	9578948	9578141	9578948	9578140	9578949	808	1	transcript/2169548
NC_133179.1:10381296-10381351:-	NC_133179.1	-	10381296	10381351	56	parp12b	553633	cassette	False	10380534	10381295	10381352	10382447	10380534	10382447	10380533	10382448	1914	2	transcript/2555431,transcript/2560788
NC_133179.1:10381829-10382584:-	NC_133179.1	-	10381829	10382584	756	parp12b	553633	alt_5p	False	10380534	10381828	10382585	10384597	10380534	10384597	10380533	10384598	4064	2	transcript/1605125,transcript/1711160
NC_133179.1:10382326-10382584:-	NC_133179.1	-	10382326	10382584	259	parp12b	553633	alt_5p	False	10380534	10382325	10382585	10384597	10380534	10384597	10380533	10384598	4064	4	transcript/2268624,transcript/2400623,transcript/2548693,transcript/2584769
NC_133179.1:11164341-11164438:-	NC_133179.1	-	11164341	11164438	98	tspan12	394127	cassette	False	11162819	11164340	11164439	11164867	11162819	11164867	11162818	11164868	2049	10	transcript/2382355,transcript/2468268,transcript/2503571,transcript/2514641,transcript/2658110,transcript/2886517,transcript/2925500,transcript/3021608,transcript/3375313,transcript/3968851
NC_133179.1:11164518-11165000:-	NC_133179.1	-	11164518	11165000	483	tspan12	394127	alt_5p	False	11164439	11164517	11165001	11165829	11164439	11165829	11164438	11165830	1391	5	transcript/1711784,transcript/1792856,transcript/2063240,transcript/2082934,transcript/2093820
NC_133179.1:12608791-12608895:-	NC_133179.1	-	12608791	12608895	105	si:dkey-222f8.3	561722	cassette	True	12608467	12608790	12608896	12609603	12608467	12609603	12608466	12609604	1137	5	transcript/2982278,transcript/2991266,transcript/3000269,transcript/3079675,transcript/3123236
NC_133179.1:12843289-12843418:-	NC_133179.1	-	12843289	12843418	130	cnot4b	394144	alt_5p	False	12842976	12843288	12843419	12843497	12842976	12843497	12842975	12843498	522	1	transcript/268874
NC_133179.1:12848512-12848899:-	NC_133179.1	-	12848512	12848899	388	cnot4b	394144	alt_5p	False	12844974	12848511	12848900	12851319	12844974	12851319	12844973	12851320	6346	5	transcript/218063,transcript/220677,transcript/229534,transcript/236595,transcript/240554
NC_133179.1:13193849-13194072:+	NC_133179.1	+	13193849	13194072	224	LOC141381601	141381601	cassette	False	13191196	13193848	13194073	13194499	13191196	13194499	13191195	13194500	3304	20	transcript/1761772,transcript/1988242,transcript/2040949,transcript/2043513,transcript/2116882,transcript/2149124,transcript/2152404,transcript/2173210,transcript/2184179,transcript/2205147,transcript/2206443,transcript/2428381,transcript/2435546,transcript/2438418,transcript/2508549,transcript/2536465,transcript/2728258,transcript/543156,transcript/612811,transcript/615413
NC_133179.1:13296015-13296092:-	NC_133179.1	-	13296015	13296092	78	mgst1.2	431762	cassette	False	13294537	13296014	13296093	13297177	13294537	13297177	13294536	13297178	2641	2	transcript/6213395,transcript/6223188
NC_133179.1:13349258-13349399:-	NC_133179.1	-	13349258	13349399	142	helb	797342	alt_5p	False	13348424	13349257	13349400	13349514	13348424	13349514	13348423	13349515	1091	1	transcript/1342523
NC_133179.1:13482221-13482375:-	NC_133179.1	-	13482221	13482375	155	msrb3	415184	cassette	False	13478006	13482220	13482376	13484620	13478006	13484620	13478005	13484621	6615	3	transcript/1708595,transcript/1867770,transcript/1914331
NC_133179.1:14076606-14076697:-	NC_133179.1	-	14076606	14076697	92	si:ch211-266a5.12	557488	cassette	False	14076067	14076605	14076698	14077391	14076067	14077391	14076066	14077392	1325	2	transcript/4397050,transcript/4980632
NC_133179.1:14171768-14172022:+	NC_133179.1	+	14171768	14172022	255	tnpo3	394062	alt_5p	False	14170585	14171767	14172023	14172122	14170585	14172122	14170584	14172123	1538	2	transcript/383717,transcript/384415
NC_133179.1:15309946-15310092:+	NC_133179.1	+	15309946	15310092	147	LOC141381604	141381604	alt_5p	False	15309856	15309945	15310093	15310955	15309856	15310955	15309855	15310956	1100	2	transcript/3228534,transcript/3502846
NC_133179.1:15512178-15512347:+	NC_133179.1	+	15512178	15512347	170	psmc2	393941	alt_5p	False	15512077	15512177	15512348	15512443	15512077	15512443	15512076	15512444	367	1	transcript/3645929
NC_133179.1:15545337-15545396:+	NC_133179.1	+	15545337	15545396	60	slc26a5	322846	alt_5p	False	15540613	15545336	15545397	15546822	15540613	15546822	15540612	15546823	6210	1	transcript/4685034
NC_133179.1:15584933-15584999:-	NC_133179.1	-	15584933	15584999	67	klhdc10	393231	cassette	False	15582036	15584932	15585000	15586514	15582036	15586514	15582035	15586515	4479	4	transcript/1054425,transcript/2188421,transcript/448040,transcript/460966
NC_133179.1:16571211-16571373:+	NC_133179.1	+	16571211	16571373	163	copg2	30187	alt_5p	False	16571134	16571210	16571374	16572496	16571134	16572496	16571133	16572497	1363	1	transcript/879680
NC_133179.1:16575764-16575892:+	NC_133179.1	+	16575764	16575892	129	copg2	30187	alt_5p	False	16575444	16575763	16575893	16576148	16575444	16576148	16575443	16576149	705	1	transcript/874507
NC_133179.1:16575764-16575918:+	NC_133179.1	+	16575764	16575918	155	copg2	30187	alt_5p	True	16575444	16575763	16575919	16576148	16575444	16576148	16575443	16576149	705	2	transcript/843721,transcript/844722
NC_133179.1:16578252-16578395:+	NC_133179.1	+	16578252	16578395	144	copg2	30187	alt_5p	True	16578170	16578251	16578396	16578502	16578170	16578502	16578169	16578503	333	1	transcript/879332
NC_133179.1:17453078-17453293:-	NC_133179.1	-	17453078	17453293	216	tmpoa	352907	alt_5p	False	17452973	17453077	17453294	17456590	17452973	17456590	17452972	17456591	3618	1	transcript/1577839
NC_133179.1:17453100-17453293:-	NC_133179.1	-	17453100	17453293	194	tmpoa	352907	alt_5p	False	17452973	17453099	17453294	17456590	17452973	17456590	17452972	17456591	3618	2	transcript/1553049,transcript/1620269
NC_133179.1:17459254-17459404:-	NC_133179.1	-	17459254	17459404	151	tmpoa	352907	alt_5p	False	17457955	17459253	17459405	17464372	17457955	17464372	17457954	17464373	6418	2	transcript/2269138,transcript/3419543
NC_133179.1:17484146-17484241:+	NC_133179.1	+	17484146	17484241	96	etnk1	565971	cassette	True	17481505	17484145	17484242	17487282	17481505	17487282	17481504	17487283	5778	4	transcript/1738197,transcript/402789,transcript/4035962,transcript/408267
NC_133179.1:17484183-17484241:+	NC_133179.1	+	17484183	17484241	59	etnk1	565971	cassette	True	17481505	17484182	17484242	17487282	17481505	17487282	17481504	17487283	5778	4	transcript/1713996,transcript/404423,transcript/422048,transcript/447112
NC_133179.1:17484758-17484780:+	NC_133179.1	+	17484758	17484780	23	etnk1	565971	cassette	True	17481505	17484757	17484781	17487282	17481505	17487282	17481504	17487283	5778	1	transcript/448449
NC_133179.1:19042348-19042440:+	NC_133179.1	+	19042348	19042440	93	ncaph2	562678	cassette	True	19040869	19042347	19042441	19043202	19040869	19043202	19040868	19043203	2334	1	transcript/1634568
NC_133179.1:19194724-19194776:-	NC_133179.1	-	19194724	19194776	53	cdpf1	563220	cassette	False	19191540	19194723	19194777	19198027	19191540	19198027	19191539	19198028	6488	1	transcript/6374428
NC_133179.1:19194724-19195361:-	NC_133179.1	-	19194724	19195361	638	cdpf1	563220	cassette	False	19191540	19194723	19195362	19198027	19191540	19198027	19191539	19198028	6488	2	transcript/4320652,transcript/4382664
NC_133179.1:19432219-19432383:-	NC_133179.1	-	19432219	19432383	165	cbll1	394041	alt_5p	False	19432131	19432218	19432384	19433337	19432131	19433337	19432130	19433338	1207	1	transcript/3152901
NC_133179.1:20685429-20685658:+	NC_133179.1	+	20685429	20685658	230	ppp6r2a	560729	alt_5p	False	20685316	20685428	20685659	20686797	20685316	20686797	20685315	20686798	1482	1	transcript/336093
NC_133179.1:22364646-22364734:-	NC_133179.1	-	22364646	22364734	89	lin7a	393682	cassette	False	22360277	22364645	22364735	22365216	22360277	22365216	22360276	22365217	4940	4	transcript/1233999,transcript/1300854,transcript/2144176,transcript/2180368
NC_133179.1:23264780-23264834:-	NC_133179.1	-	23264780	23264834	55	kdm7aa	321248	alt_5p	False	23264484	23264779	23264835	23265291	23264484	23265291	23264483	23265292	808	1	transcript/3106743
NC_133179.1:25832053-25832189:-	NC_133179.1	-	25832053	25832189	137	atp5f1c	336957	alt_5p	False	25830759	25832052	25832190	25833173	25830759	25833173	25830758	25833174	2415	1	transcript/5121337
NC_133179.1:26284667-26284886:+	NC_133179.1	+	26284667	26284886	220	LOC137487196	137487196	cassette	False	26284520	26284666	26284887	26285990	26284520	26285990	26284519	26285991	1471	6	transcript/1813428,transcript/1814071,transcript/2662645,transcript/2667693,transcript/2782013,transcript/2782583
NC_133179.1:26412844-26413777:-	NC_133179.1	-	26412844	26413777	934	tmcc3	556763	alt_5p	False	26412231	26412843	26413778	26450490	26412231	26450490	26412230	26450491	38260	1	transcript/820049
NC_133179.1:26759481-26759526:-	NC_133179.1	-	26759481	26759526	46	scyl2	557149	cassette	False	26759317	26759480	26759527	26760101	26759317	26760101	26759316	26760102	785	23	transcript/2262397,transcript/2388835,transcript/2546894,transcript/2693401,transcript/2724122,transcript/2739432,transcript/2779046,transcript/2783652,transcript/2828620,transcript/2994556,transcript/3013098,transcript/3024642,transcript/3034120,transcript/3076400,transcript/3247618,transcript/3377073,transcript/3425409,transcript/3548706,transcript/3552660,transcript/3569210,transcript/3638310,transcript/3654205,transcript/3695165
NC_133179.1:27374763-27374849:+	NC_133179.1	+	27374763	27374849	87	iqsec3a	797355	cassette	True	27369086	27374762	27374850	27383313	27369086	27383313	27369085	27383314	14228	3	transcript/57527,transcript/91923,transcript/93881
NC_133179.1:27461286-27461393:+	NC_133179.1	+	27461286	27461393	108	iqsec3a	797355	cassette	True	27460857	27461285	27461394	27464635	27460857	27464635	27460856	27464636	3779	1	transcript/55714
NC_133179.1:27463060-27463099:+	NC_133179.1	+	27463060	27463099	40	iqsec3a	797355	cassette	True	27460857	27463059	27463100	27464635	27460857	27464635	27460856	27464636	3779	1	transcript/99354
NC_133179.1:66548475-66548578:-	NC_133179.1	-	66548475	66548578	104	LOC141381810	141381810	cassette	False	66547634	66548474	66548579	66548768	66547634	66548768	66547633	66548769	1135	1	transcript/99779
NC_133179.1:70899586-70899675:+	NC_133179.1	+	70899586	70899675	90	rab3ip	553605	cassette	False	70896545	70899585	70899676	70902406	70896545	70902406	70896544	70902407	5862	2	transcript/2223196,transcript/2269971
NC_133179.1:73492055-73492175:+	NC_133179.1	+	73492055	73492175	121	LOC110439376	110439376	cassette	False	73491889	73492054	73492176	73493746	73491889	73493746	73491888	73493747	1858	6	transcript/45822,transcript/55490,transcript/59113,transcript/68451,transcript/70270,transcript/75611
NC_133179.1:74909594-74909777:+	NC_133179.1	+	74909594	74909777	184	ms4a17a.12	103908665	cassette	True	74907848	74909593	74909778	74910335	74907848	74910335	74907847	74910336	2488	2	transcript/4552582,transcript/4617299
NC_133179.1:75674406-75674625:+	NC_133179.1	+	75674406	75674625	220	LOC110437810	110437810	cassette	True	75674083	75674405	75674626	75674723	75674083	75674723	75674082	75674724	641	2	transcript/2139738,transcript/2152516
NC_133179.1:75981500-75981663:-	NC_133179.1	-	75981500	75981663	164	usp15	100329380	alt_5p	True	75981186	75981499	75981664	75985252	75981186	75985252	75981185	75985253	4067	3	transcript/315213,transcript/320027,transcript/326155
NC_133179.1:75983155-75983198:-	NC_133179.1	-	75983155	75983198	44	usp15	100329380	cassette	False	75981664	75983154	75983199	75985252	75981664	75985252	75981663	75985253	3589	1	transcript/332572
NC_133179.1:75983160-75983198:-	NC_133179.1	-	75983160	75983198	39	usp15	100329380	cassette	False	75981664	75983159	75983199	75985252	75981664	75985252	75981663	75985253	3589	3	transcript/279599,transcript/327034,transcript/336289
NC_133179.1:75987773-75988134:-	NC_133179.1	-	75987773	75988134	362	usp15	100329380	alt_5p	False	75987037	75987772	75988135	75988236	75987037	75988236	75987036	75988237	1200	1	transcript/243309
NC_133179.1:75987783-75988134:-	NC_133179.1	-	75987783	75988134	352	usp15	100329380	alt_5p	False	75986967	75987782	75988135	75988236	75986967	75988236	75986966	75988237	1270	1	transcript/269511
NC_133179.1:75987865-75988134:-	NC_133179.1	-	75987865	75988134	270	usp15	100329380	alt_5p	False	75986967	75987864	75988135	75988236	75986967	75988236	75986966	75988237	1270	3	transcript/297949,transcript/301626,transcript/309433
NC_133180.1:3350341-3350456:+	NC_133180.1	+	3350341	3350456	116	hpda	394142	alt_5p	False	3349906	3350340	3350457	3351206	3349906	3351206	3349905	3351207	1301	1	transcript/2565105
NC_133180.1:8254991-8255205:-	NC_133180.1	-	8254991	8255205	215	bmpr1ba	30742	cassette	True	8251203	8254990	8255206	8255358	8251203	8255358	8251202	8255359	4156	1	transcript/1767787
NC_133180.1:8254991-8255535:-	NC_133180.1	-	8254991	8255535	545	bmpr1ba	30742	alt_5p	True	8251203	8254990	8255536	8255694	8251203	8255694	8251202	8255695	4492	1	transcript/1571039
NC_133180.1:9853517-9853709:+	NC_133180.1	+	9853517	9853709	193	rchy1	321875	alt_5p	True	9853439	9853516	9853710	9853890	9853439	9853890	9853438	9853891	452	1	transcript/5248609
NC_133180.1:9857715-9858053:+	NC_133180.1	+	9857715	9858053	339	rchy1	321875	cassette	True	9856975	9857714	9858054	9860893	9856975	9860893	9856974	9860894	3919	1	transcript/4414182
NC_133180.1:10775714-10775882:-	NC_133180.1	-	10775714	10775882	169	chek2	336998	alt_5p	False	10771433	10775713	10775883	10776034	10771433	10776034	10771432	10776035	4602	1	transcript/3007591
NC_133180.1:10794438-10794719:-	NC_133180.1	-	10794438	10794719	282	chek2	336998	alt_5p	False	10794217	10794437	10794720	10797019	10794217	10797019	10794216	10797020	2803	1	transcript/3009684
NC_133180.1:11984790-11985004:-	NC_133180.1	-	11984790	11985004	215	prodhb	100537991	alt_5p	True	11982464	11984789	11985005	11989157	11982464	11989157	11982463	11989158	6694	3	transcript/2094020,transcript/2150191,transcript/2159594
NC_133180.1:11991047-11991254:-	NC_133180.1	-	11991047	11991254	208	prodhb	100537991	alt_5p	False	11989659	11991046	11991255	11991365	11989659	11991365	11989658	11991366	1707	1	transcript/2041221
NC_133180.1:12657004-12657042:-	NC_133180.1	-	12657004	12657042	39	rnft2	553554	cassette	False	12654996	12657003	12657043	12657142	12654996	12657142	12654995	12657143	2147	2	transcript/1967278,transcript/2022681
NC_133180.1:14474594-14474907:-	NC_133180.1	-	14474594	14474907	314	snrnp27	436976	cassette	False	14472228	14474593	14474908	14475064	14472228	14475064	14472227	14475065	2837	3	transcript/4577306,transcript/4859828,transcript/4874504
NC_133180.1:14576447-14576662:+	NC_133180.1	+	14576447	14576662	216	hk2	406339	cassette	False	14572269	14576446	14576663	14589115	14572269	14589115	14572268	14589116	16847	3	transcript/563815,transcript/604888,transcript/632311
NC_133180.1:16684483-16684566:-	NC_133180.1	-	16684483	16684566	84	xbp1	140614	cassette	False	16684208	16684482	16684567	16685938	16684208	16685938	16684207	16685939	1731	1	transcript/2847934
NC_133180.1:20636652-20636688:-	NC_133180.1	-	20636652	20636688	37	git2a	793882	cassette	True	20635326	20636651	20636689	20637023	20635326	20637023	20635325	20637024	1698	1	transcript/901274
NC_133180.1:20831801-20831875:+	NC_133180.1	+	20831801	20831875	75	gatc	558898	alt_5p	False	20831693	20831800	20831876	20833251	20831693	20833251	20831692	20833252	1559	4	transcript/6036998,transcript/6204543,transcript/6331767,transcript/6366190
NC_133180.1:20833517-20833826:+	NC_133180.1	+	20833517	20833826	310	gatc	558898	cassette	True	20833423	20833516	20833827	20836232	20833423	20836232	20833422	20836233	2810	3	transcript/5314250,transcript/5453073,transcript/5492556
NC_133180.1:20863395-20863439:-	NC_133180.1	-	20863395	20863439	45	usp30	559099	cassette	False	20863307	20863394	20863440	20863853	20863307	20863853	20863306	20863854	547	1	transcript/1262764
NC_133180.1:21538187-21538283:-	NC_133180.1	-	21538187	21538283	97	si:ch211-225b11.1	561694	cassette	False	21535557	21538186	21538284	21539737	21535557	21539737	21535556	21539738	4181	1	transcript/397206
NC_133180.1:21538187-21538287:-	NC_133180.1	-	21538187	21538287	101	si:ch211-225b11.1	561694	cassette	False	21535557	21538186	21538288	21539737	21535557	21539737	21535556	21539738	4181	4	transcript/1443534,transcript/329979,transcript/349346,transcript/384792
NC_133180.1:21656307-21656567:+	NC_133180.1	+	21656307	21656567	261	si:dkey-174n20.1	796174	alt_5p	False	21652640	21656306	21656568	21657662	21652640	21657662	21652639	21657663	5023	2	transcript/4101356,transcript/4230956
NC_133180.1:22637581-22637789:+	NC_133180.1	+	22637581	22637789	209	smarca1	559803	cassette	True	22637135	22637580	22637790	22639022	22637135	22639022	22637134	22639023	1888	1	transcript/46769
NC_133180.1:22795205-22795382:-	NC_133180.1	-	22795205	22795382	178	zc4h2	323487	alt_5p	False	22794979	22795204	22795383	22798926	22794979	22798926	22794978	22798927	3948	4	transcript/3209483,transcript/3226202,transcript/3231299,transcript/3388596
NC_133180.1:23870597-23870707:+	NC_133180.1	+	23870597	23870707	111	cfap73	100001777	alt_5p	False	23870518	23870596	23870708	23870795	23870518	23870795	23870517	23870796	278	1	transcript/4485542
NC_133180.1:23938057-23938107:+	NC_133180.1	+	23938057	23938107	51	si:dkey-125i10.3	567654	alt_5p	False	23937956	23938056	23938108	23938287	23937956	23938287	23937955	23938288	332	1	transcript/1213527
NC_133180.1:24278844-24279018:+	NC_133180.1	+	24278844	24279018	175	kat5a	436638	alt_5p	False	24278700	24278843	24279019	24279406	24278700	24279406	24278699	24279407	707	2	transcript/2656948,transcript/2719729
NC_133180.1:24662832-24662920:-	NC_133180.1	-	24662832	24662920	89	eif1axa	450062	alt_5p	False	24662424	24662831	24662921	24664471	24662424	24664471	24662423	24664472	2048	1	transcript/5420598
NC_133180.1:24743552-24743611:+	NC_133180.1	+	24743552	24743611	60	tp53	30590	alt_5p	False	24742916	24743551	24743612	24743843	24742916	24743843	24742915	24743844	928	1	transcript/2257413
NC_133180.1:24867038-24867233:-	NC_133180.1	-	24867038	24867233	196	LOC141385809	141385809	alt_5p	True	24866787	24867037	24867234	24869949	24866787	24869949	24866786	24869950	3163	13	transcript/1715530,transcript/1739705,transcript/1740569,transcript/1745474,transcript/1747824,transcript/1761124,transcript/1767259,transcript/1832420,transcript/1905222,transcript/2018488,transcript/2084572,transcript/2084872,transcript/2249029
NC_133180.1:24870245-24870394:-	NC_133180.1	-	24870245	24870394	150	LOC141385809	141385809	alt_5p	False	24870089	24870244	24870395	24872064	24870089	24872064	24870088	24872065	1976	1	transcript/2304360
NC_133180.1:24872271-24872456:-	NC_133180.1	-	24872271	24872456	186	LOC141385809	141385809	alt_5p	False	24872176	24872270	24872457	24874996	24872176	24874996	24872175	24874997	2821	4	transcript/1856036,transcript/1894833,transcript/2253684,transcript/2270671
NC_133180.1:24878740-24878836:-	NC_133180.1	-	24878740	24878836	97	LOC141385809	141385809	alt_5p	True	24878613	24878739	24878837	24878937	24878613	24878937	24878612	24878938	325	5	transcript/1469774,transcript/1508417,transcript/1779341,transcript/1928715,transcript/2120442
NC_133180.1:25170717-25170820:-	NC_133180.1	-	25170717	25170820	104	tia1l	323447	alt_5p	False	25170586	25170716	25170821	25170963	25170586	25170963	25170585	25170964	378	1	transcript/1372354
NC_133180.1:25171907-25172011:-	NC_133180.1	-	25171907	25172011	105	tia1l	323447	alt_5p	False	25171236	25171906	25172012	25172130	25171236	25172130	25171235	25172131	895	2	transcript/1373832,transcript/1409216
NC_133180.1:25172431-25172479:-	NC_133180.1	-	25172431	25172479	49	tia1l	323447	cassette	False	25172187	25172430	25172480	25173515	25172187	25173515	25172186	25173516	1329	5	transcript/1356813,transcript/1558748,transcript/2039602,transcript/2122638,transcript/2136868
NC_133180.1:25715625-25715648:-	NC_133180.1	-	25715625	25715648	24	pnpla7b	503936	cassette	True	25713487	25715624	25715649	25716016	25713487	25716016	25713486	25716017	2530	3	transcript/138079,transcript/139317,transcript/140625
NC_133180.1:25715625-25715686:-	NC_133180.1	-	25715625	25715686	62	pnpla7b	503936	cassette	True	25713487	25715624	25715687	25716016	25713487	25716016	25713486	25716017	2530	2	transcript/132682,transcript/134517
NC_133180.1:25715625-25715741:-	NC_133180.1	-	25715625	25715741	117	pnpla7b	503936	cassette	True	25713487	25715624	25715742	25716016	25713487	25716016	25713486	25716017	2530	8	transcript/117663,transcript/124796,transcript/127499,transcript/136418,transcript/142981,transcript/144668,transcript/163200,transcript/185564
NC_133180.1:25915487-25915697:+	NC_133180.1	+	25915487	25915697	211	carnmt1	503765	alt_5p	False	25914279	25915486	25915698	25915832	25914279	25915832	25914278	25915833	1554	5	transcript/3003774,transcript/3015862,transcript/3022370,transcript/3123078,transcript/4054438
NC_133180.1:25918374-25918470:+	NC_133180.1	+	25918374	25918470	97	carnmt1	503765	cassette	True	25918042	25918373	25918471	25919521	25918042	25919521	25918041	25919522	1480	2	transcript/2853781,transcript/2961697
NC_133180.1:27410444-27410517:+	NC_133180.1	+	27410444	27410517	74	tcn2	407646	cassette	False	27410082	27410443	27410518	27410753	27410082	27410753	27410081	27410754	672	3	transcript/2859624,transcript/2864674,transcript/2883451
NC_133180.1:27410447-27410517:+	NC_133180.1	+	27410447	27410517	71	tcn2	407646	cassette	False	27410082	27410446	27410518	27410753	27410082	27410753	27410081	27410754	672	1	transcript/3015602
NC_133180.1:27462595-27462635:+	NC_133180.1	+	27462595	27462635	41	imp4	436992	cassette	False	27462335	27462594	27462636	27463507	27462335	27463507	27462334	27463508	1173	2	transcript/4881451,transcript/4900833
NC_133180.1:28872215-28872422:+	NC_133180.1	+	28872215	28872422	208	ncaph	570062	alt_5p	False	28870781	28872214	28872423	28873109	28870781	28873109	28870780	28873110	2329	1	transcript/1801975
NC_133180.1:30433810-30433970:+	NC_133180.1	+	30433810	30433970	161	f11r.2	100005566	alt_5p	False	30433618	30433809	30433971	30434062	30433618	30434062	30433617	30434063	445	5	transcript/4009210,transcript/4091663,transcript/4113279,transcript/4489781,transcript/4540083
NC_133180.1:31219755-31219886:+	NC_133180.1	+	31219755	31219886	132	hinfp	406733	alt_5p	False	31219620	31219754	31219887	31220001	31219620	31220001	31219619	31220002	382	1	transcript/1084564
NC_133180.1:31609174-31609315:+	NC_133180.1	+	31609174	31609315	142	ube2g1a	334133	cassette	True	31609044	31609173	31609316	31609672	31609044	31609672	31609043	31609673	629	2	transcript/1962738,transcript/2016185
NC_133180.1:31643097-31643297:+	NC_133180.1	+	31643097	31643297	201	ankfy1	568480	alt_5p	True	31642591	31643096	31643298	31643372	31642591	31643372	31642590	31643373	782	2	transcript/105054,transcript/105811
NC_133180.1:32887995-32888098:-	NC_133180.1	-	32887995	32888098	104	myhz1.3	100008070	alt_5p	False	32887913	32887994	32888099	32888174	32887913	32888174	32887912	32888175	262	1	transcript/39896
NC_133180.1:32888775-32888807:-	NC_133180.1	-	32888775	32888807	33	myhz1.3	100008070	alt_5p	False	32888676	32888774	32888808	32888902	32888676	32888902	32888675	32888903	227	1	transcript/40692
NC_133180.1:32898043-32898143:-	NC_133180.1	-	32898043	32898143	101	myhz1.2	799300	alt_5p	True	32897966	32898042	32898144	32898218	32897966	32898218	32897965	32898219	253	1	transcript/36941
NC_133180.1:33093878-33094083:-	NC_133180.1	-	33093878	33094083	206	gpr107	570589	cassette	True	33089086	33093877	33094084	33097157	33089086	33097157	33089085	33097158	8072	2	transcript/1133816,transcript/1191950
NC_133180.1:33426973-33427077:-	NC_133180.1	-	33426973	33427077	105	ptpa	445031	alt_5p	False	33426879	33426972	33427078	33427898	33426879	33427898	33426878	33427899	1020	1	transcript/2544749
NC_133180.1:33918585-33918787:-	NC_133180.1	-	33918585	33918787	203	zgc:103692	449772	alt_5p	True	33918471	33918584	33918788	33918879	33918471	33918879	33918470	33918880	409	1	transcript/5063078
NC_133180.1:34168410-34168627:-	NC_133180.1	-	34168410	34168627	218	si:dkey-34e4.1	558083	cassette	True	34160391	34168409	34168628	34176959	34160391	34176959	34160390	34176960	16569	1	transcript/41544
NC_133180.1:35235108-35235218:-	NC_133180.1	-	35235108	35235218	111	hexb	323613	alt_5p	False	35232432	35235107	35235219	35237044	35232432	35237044	35232431	35237045	4613	2	transcript/2274139,transcript/2414285
NC_133180.1:35235112-35235218:-	NC_133180.1	-	35235112	35235218	107	hexb	323613	alt_5p	False	35232432	35235111	35235219	35237044	35232432	35237044	35232431	35237045	4613	25	transcript/1923235,transcript/1991175,transcript/2028772,transcript/2164072,transcript/2291598,transcript/2297690,transcript/2306626,transcript/2325669,transcript/2339476,transcript/2344752,transcript/2349285,transcript/2356813,transcript/2389250,transcript/2411680,transcript/2431800,transcript/2436956,transcript/2437188,transcript/2447184,transcript/2454942,transcript/2493926,transcript/2703754,transcript/2737142,transcript/2842648,transcript/2879891,transcript/4772801
NC_133180.1:36586277-36586323:+	NC_133180.1	+	36586277	36586323	47	steep1	447921	alt_5p	False	36586184	36586276	36586324	36590342	36586184	36590342	36586183	36590343	4159	1	transcript/5680250
NC_133180.1:37505040-37505087:+	NC_133180.1	+	37505040	37505087	48	micu2	548335	cassette	True	37504947	37505039	37505088	37505480	37504947	37505480	37504946	37505481	534	2	transcript/1785855,transcript/1788005
NC_133180.1:37505044-37505087:+	NC_133180.1	+	37505044	37505087	44	micu2	548335	cassette	True	37504947	37505043	37505088	37505480	37504947	37505480	37504946	37505481	534	1	transcript/1799139
NC_133180.1:37505148-37505168:+	NC_133180.1	+	37505148	37505168	21	micu2	548335	cassette	True	37504947	37505147	37505169	37505480	37504947	37505480	37504946	37505481	534	2	transcript/1819620,transcript/1824657
NC_133180.1:37559086-37559163:+	NC_133180.1	+	37559086	37559163	78	capns1a	550598	cassette	False	37557575	37559085	37559164	37560515	37557575	37560515	37557574	37560516	2941	1	transcript/4522825
NC_133180.1:37559086-37559186:+	NC_133180.1	+	37559086	37559186	101	capns1a	550598	cassette	False	37557575	37559085	37559187	37560515	37557575	37560515	37557574	37560516	2941	2	transcript/4232364,transcript/4461363
NC_133180.1:37559086-37559207:+	NC_133180.1	+	37559086	37559207	122	capns1a	550598	cassette	False	37557575	37559085	37559208	37560515	37557575	37560515	37557574	37560516	2941	1	transcript/4108257
NC_133180.1:37560516-37560613:+	NC_133180.1	+	37560516	37560613	98	capns1a	550598	alt_5p	False	37557575	37560515	37560614	37560693	37557575	37560693	37557574	37560694	3119	4	transcript/4571117,transcript/4596814,transcript/4628006,transcript/4640481
NC_133180.1:37733326-37733502:-	NC_133180.1	-	37733326	37733502	177	ckma	30095	alt_5p	False	37732766	37733325	37733503	37734482	37732766	37734482	37732765	37734483	1717	2	transcript/3499725,transcript/3578806
NC_133180.1:37734479-37734616:-	NC_133180.1	-	37734479	37734616	138	ckma	30095	alt_5p	False	37733503	37734478	37734617	37735408	37733503	37735408	37733502	37735409	1906	1	transcript/3509652
NC_133180.1:37797427-37797746:+	NC_133180.1	+	37797427	37797746	320	srsf7a	402972	alt_5p	False	37796483	37797426	37797747	37798006	37796483	37798006	37796482	37798007	1524	33	transcript/2945392,transcript/3021803,transcript/3483750,transcript/3592461,transcript/3621191,transcript/3749513,transcript/3756850,transcript/3762599,transcript/3790195,transcript/3809851,transcript/3816819,transcript/3818672,transcript/3826418,transcript/3828659,transcript/3837526,transcript/3839500,transcript/3850044,transcript/3858591,transcript/3898497,transcript/3912965,transcript/3930282,transcript/3944796,transcript/3985234,transcript/3993006,transcript/4004988,transcript/4021055,transcript/4180466,transcript/4191747,transcript/4201403,transcript/4213018,transcript/4287292,transcript/4363576,transcript/4374745
NC_133180.1:37798007-37798191:+	NC_133180.1	+	37798007	37798191	185	srsf7a	402972	alt_5p	False	37797653	37798006	37798192	37798262	37797653	37798262	37797652	37798263	610	2	transcript/3952628,transcript/4075942
NC_133180.1:37798263-37798336:+	NC_133180.1	+	37798263	37798336	74	srsf7a	402972	alt_5p	False	37798188	37798262	37798337	37798406	37798188	37798406	37798187	37798407	219	3	transcript/3929598,transcript/4074756,transcript/4465590
NC_133180.1:37802930-37803047:+	NC_133180.1	+	37802930	37803047	118	hnrnpl	394074	alt_5p	False	37802803	37802929	37803048	37803156	37802803	37803156	37802802	37803157	354	1	transcript/2602167
NC_133180.1:37806932-37807017:+	NC_133180.1	+	37806932	37807017	86	hnrnpl	394074	cassette	False	37803752	37806931	37807018	37807813	37803752	37807813	37803751	37807814	4062	9	transcript/1742125,transcript/1900962,transcript/2419606,transcript/2433804,transcript/2466053,transcript/2466669,transcript/2468492,transcript/2655613,transcript/2662064
NC_133180.1:37806932-37807119:+	NC_133180.1	+	37806932	37807119	188	hnrnpl	394074	cassette	False	37803752	37806931	37807120	37807813	37803752	37807813	37803751	37807814	4062	20	transcript/1600256,transcript/1733089,transcript/1756328,transcript/2112659,transcript/2245170,transcript/2246475,transcript/2249856,transcript/2253181,transcript/2263330,transcript/2264597,transcript/2264829,transcript/2266122,transcript/2269004,transcript/2281559,transcript/2294282,transcript/2298800,transcript/2299194,transcript/2498194,transcript/2574610,transcript/2742309
NC_133180.1:37809868-37809994:+	NC_133180.1	+	37809868	37809994	127	hnrnpl	394074	alt_5p	True	37808716	37809867	37809995	37811136	37808716	37811136	37808715	37811137	2421	1	transcript/2647933
NC_133180.1:37811514-37811576:+	NC_133180.1	+	37811514	37811576	63	hnrnpl	394074	alt_5p	True	37811340	37811513	37811577	37811992	37811340	37811992	37811339	37811993	653	1	transcript/2698582
NC_133180.1:38181599-38181636:+	NC_133180.1	+	38181599	38181636	38	LOC141385558	141385558	cassette	False	38181345	38181598	38181637	38181772	38181345	38181772	38181344	38181773	428	4	transcript/2763737,transcript/2945866,transcript/2986349,transcript/3077459
NC_133180.1:38181599-38181647:+	NC_133180.1	+	38181599	38181647	49	LOC141385558	141385558	cassette	False	38181345	38181598	38181648	38181772	38181345	38181772	38181344	38181773	428	3	transcript/2929737,transcript/2946556,transcript/3084884
NC_133180.1:38194690-38194857:+	NC_133180.1	+	38194690	38194857	168	zgc:163098	100037380	alt_5p	False	38193437	38194689	38194858	38194958	38193437	38194958	38193436	38194959	1522	1	transcript/904523
NC_133180.1:38199853-38199968:+	NC_133180.1	+	38199853	38199968	116	zgc:163098	100037380	cassette	False	38199499	38199852	38199969	38200065	38199499	38200065	38199498	38200066	567	1	transcript/870885
NC_133180.1:39024098-39024190:-	NC_133180.1	-	39024098	39024190	93	si:ch211-284e13.6	100534782	cassette	False	39020114	39024097	39024191	39025886	39020114	39025886	39020113	39025887	5773	18	transcript/1644234,transcript/2222525,transcript/2237645,transcript/2280822,transcript/2286537,transcript/2293933,transcript/2296739,transcript/2309954,transcript/2319384,transcript/2323036,transcript/2336081,transcript/2347979,transcript/2382756,transcript/2389058,transcript/2421713,transcript/2536567,transcript/2559928,transcript/2747244
NC_133180.1:41296953-41297112:+	NC_133180.1	+	41296953	41297112	160	arl15a	567657	cassette	True	41282650	41296952	41297113	41309882	41282650	41309882	41282649	41309883	27233	1	transcript/4466363
NC_133180.1:41663162-41663426:-	NC_133180.1	-	41663162	41663426	265	LOC141385704	141385704	alt_5p	False	41661750	41663161	41663427	41664092	41661750	41664092	41661749	41664093	2343	1	transcript/2193746
NC_133180.1:42419578-42419634:-	NC_133180.1	-	42419578	42419634	57	akr1a1a	445326	cassette	False	42418221	42419577	42419635	42420223	42418221	42420223	42418220	42420224	2003	2	transcript/4774580,transcript/4805491
NC_133180.1:43655967-43656020:-	NC_133180.1	-	43655967	43656020	54	flot2a	245698	cassette	True	43654311	43655966	43656021	43656798	43654311	43656798	43654310	43656799	2488	1	transcript/1000161
NC_133180.1:43673766-43673857:-	NC_133180.1	-	43673766	43673857	92	flot2a	245698	cassette	False	43673186	43673765	43673858	43681309	43673186	43681309	43673185	43681310	8124	6	transcript/851307,transcript/866746,transcript/900239,transcript/900240,transcript/901597,transcript/977384
NC_133180.1:43763740-43763883:-	NC_133180.1	-	43763740	43763883	144	grsf1	563249	alt_5p	False	43762348	43763739	43763884	43763973	43762348	43763973	43762347	43763974	1626	1	transcript/4046019
NC_133180.1:43765516-43765618:-	NC_133180.1	-	43765516	43765618	103	grsf1	563249	cassette	False	43764816	43765515	43765619	43766874	43764816	43766874	43764815	43766875	2059	2	transcript/3794481,transcript/3842207
NC_133180.1:43766018-43766049:-	NC_133180.1	-	43766018	43766049	32	grsf1	563249	cassette	False	43764816	43766017	43766050	43766874	43764816	43766874	43764815	43766875	2059	5	transcript/3853413,transcript/3872512,transcript/3904802,transcript/3996336,transcript/4017211
NC_133180.1:52094887-52095029:-	NC_133180.1	-	52094887	52095029	143	tmem161b	406680	cassette	False	52092563	52094886	52095030	52095285	52092563	52095285	52092562	52095286	2723	3	transcript/562048,transcript/570371,transcript/581050
NC_133180.1:52267794-52268177:-	NC_133180.1	-	52267794	52268177	384	mef2cb	798771	alt_5p	False	52264911	52267793	52268178	52298887	52264911	52298887	52264910	52298888	33977	2	transcript/1631274,transcript/675927
NC_133180.1:54355056-54355123:-	NC_133180.1	-	54355056	54355123	68	si:ch73-280o22.2	798741	cassette	False	54353765	54355055	54355124	54359670	54353765	54359670	54353764	54359671	5906	2	transcript/129659,transcript/131850
NC_133180.1:56064541-56064629:-	NC_133180.1	-	56064541	56064629	89	serinc5	406835	alt_5p	False	56060592	56064540	56064630	56068590	56060592	56068590	56060591	56068591	7999	1	transcript/2619047
NC_133180.1:56715527-56715588:+	NC_133180.1	+	56715527	56715588	62	ptar1	561820	cassette	False	56715029	56715526	56715589	56716290	56715029	56716290	56715028	56716291	1262	1	transcript/242807
NC_133180.1:59931640-59931786:+	NC_133180.1	+	59931640	59931786	147	npr2	100331745	cassette	False	59931552	59931639	59931787	59937860	59931552	59937860	59931551	59937861	6309	1	transcript/400636
NC_133180.1:59945360-59945397:+	NC_133180.1	+	59945360	59945397	38	npr2	100331745	cassette	True	59944437	59945359	59945398	59948038	59944437	59948038	59944436	59948039	3602	2	transcript/431775,transcript/440760
NC_133180.1:59948357-59948433:+	NC_133180.1	+	59948357	59948433	77	npr2	100331745	alt_5p	True	59948145	59948356	59948434	59952330	59948145	59952330	59948144	59952331	4186	1	transcript/446134
NC_133180.1:60040047-60040155:-	NC_133180.1	-	60040047	60040155	109	slc30a5	436594	alt_5p	False	60038637	60040046	60040156	60040238	60038637	60040238	60038636	60040239	1602	6	transcript/1120579,transcript/1125149,transcript/1156215,transcript/1165712,transcript/1169475,transcript/1190809
NC_133180.1:60088069-60090090:-	NC_133180.1	-	60088069	60090090	2022	pik3r1	557176	alt_5p	False	60085549	60088068	60090091	60090183	60085549	60090183	60085548	60090184	4635	1	transcript/61862
NC_133180.1:60494640-60495060:-	NC_133180.1	-	60494640	60495060	421	srek1	445219	cassette	False	60491633	60494639	60495061	60512526	60491633	60512526	60491632	60512527	20894	2	transcript/1819386,transcript/1940487
NC_133180.1:60939778-60939936:-	NC_133180.1	-	60939778	60939936	159	LOC141385623	141385623	alt_5p	False	60939587	60939777	60939937	60949883	60939587	60949883	60939586	60949884	10297	2	transcript/1779003,transcript/1807853
NC_133180.1:62288558-62288658:-	NC_133180.1	-	62288558	62288658	101	tia1	793165	alt_5p	True	62288390	62288557	62288659	62290233	62288390	62290233	62288389	62290234	1844	1	transcript/3174449
NC_133180.1:63628112-63628223:+	NC_133180.1	+	63628112	63628223	112	nrgna	567608	cassette	True	63626424	63628111	63628224	63629319	63626424	63629319	63626423	63629320	2896	1	transcript/5808107
NC_133180.1:63711250-63711298:+	NC_133180.1	+	63711250	63711298	49	slc37a2	406287	cassette	False	63708927	63711249	63711299	63711464	63708927	63711464	63708926	63711465	2538	16	transcript/1512529,transcript/1526010,transcript/1541879,transcript/1544469,transcript/1549083,transcript/1608935,transcript/1613957,transcript/1618497,transcript/1622891,transcript/1638124,transcript/1648029,transcript/1657452,transcript/1683147,transcript/1684669,transcript/1724691,transcript/1731645
NC_133180.1:63715896-63715949:+	NC_133180.1	+	63715896	63715949	54	slc37a2	406287	cassette	False	63713454	63715895	63715950	63716831	63713454	63716831	63713453	63716832	3378	38	transcript/1511865,transcript/1533962,transcript/1538238,transcript/1553095,transcript/1556679,transcript/1595897,transcript/1596994,transcript/1602549,transcript/1605091,transcript/1605824,transcript/1607186,transcript/1608803,transcript/1618816,transcript/1619105,transcript/1630938,transcript/1664006,transcript/1683480,transcript/1684379,transcript/1685093,transcript/1686810,transcript/1690181,transcript/1701116,transcript/1708939,transcript/1737596,transcript/1740370,transcript/1813199,transcript/1814592,transcript/1865227,transcript/1870770,transcript/1883884,transcript/1896281,transcript/1913159,transcript/1982726,transcript/2098535,transcript/2134593,transcript/2218322,transcript/2348048,transcript/2401275
NC_133180.1:64860519-64860671:+	NC_133180.1	+	64860519	64860671	153	derl2	554093	cassette	False	64860301	64860518	64860672	64863352	64860301	64863352	64860300	64863353	3052	2	transcript/4610019,transcript/4643339
NC_133180.1:66755334-66755523:+	NC_133180.1	+	66755334	66755523	190	lig3	563276	alt_5p	False	66754118	66755333	66755524	66755597	66754118	66755597	66754117	66755598	1480	3	transcript/308809,transcript/309284,transcript/312093
NC_133180.1:66769712-66769869:-	NC_133180.1	-	66769712	66769869	158	rad51d	404608	alt_5p	False	66767135	66769711	66769870	66770014	66767135	66770014	66767134	66770015	2880	1	transcript/4572245
NC_133180.1:67357488-67358463:+	NC_133180.1	+	67357488	67358463	976	polr2j	554099	alt_5p	True	67357229	67357487	67358464	67360544	67357229	67360544	67357228	67360545	3316	2	transcript/3826375,transcript/4230700
NC_133180.1:67426562-67426632:+	NC_133180.1	+	67426562	67426632	71	lrwd1	327124	cassette	False	67422371	67426561	67426633	67427120	67422371	67427120	67422370	67427121	4750	2	transcript/1037649,transcript/1043525
NC_133180.1:67429874-67429983:+	NC_133180.1	+	67429874	67429983	110	lrwd1	327124	cassette	True	67427196	67429873	67429984	67433817	67427196	67433817	67427195	67433818	6622	2	transcript/981706,transcript/986632
NC_133180.1:67545093-67545383:-	NC_133180.1	-	67545093	67545383	291	lrwd1	327124	alt_5p	False	67542891	67545092	67545384	67548237	67542891	67548237	67542890	67548238	5347	4	transcript/2393600,transcript/2436249,transcript/2720511,transcript/3469611
NC_133180.1:67597756-67597785:+	NC_133180.1	+	67597756	67597785	30	lrwd1	327124	cassette	True	67595027	67597755	67597786	67597952	67595027	67597952	67595026	67597953	2926	2	transcript/277134,transcript/291638
NC_133180.1:67597761-67597785:+	NC_133180.1	+	67597761	67597785	25	lrwd1	327124	cassette	True	67595027	67597760	67597786	67597952	67595027	67597952	67595026	67597953	2926	1	transcript/285295
NC_133180.1:67704819-67704947:-	NC_133180.1	-	67704819	67704947	129	lrwd1	327124	alt_5p	False	67704302	67704818	67704948	67707293	67704302	67707293	67704301	67707294	2992	4	transcript/3405709,transcript/3784888,transcript/4027691,transcript/4133249
NC_133180.1:68264206-68264288:+	NC_133180.1	+	68264206	68264288	83	aspa	557232	cassette	False	68263890	68264205	68264289	68265254	68263890	68265254	68263889	68265255	1365	3	transcript/2338951,transcript/4299325,transcript/4564403
NC_133180.1:68661833-68661915:+	NC_133180.1	+	68661833	68661915	83	zswim7	325530	cassette	False	68658339	68661832	68661916	68662043	68658339	68662043	68658338	68662044	3705	2	transcript/5492398,transcript/5539244
NC_133180.1:69268059-69268118:+	NC_133180.1	+	69268059	69268118	60	cntrl	100334259	cassette	True	69266765	69268058	69268119	69269786	69266765	69269786	69266764	69269787	3022	7	transcript/1729197,transcript/1977714,transcript/2014269,transcript/2037564,transcript/2038643,transcript/2043361,transcript/2342936
NC_133180.1:69272030-69272143:+	NC_133180.1	+	69272030	69272143	114	cntrl	100334259	cassette	True	69269874	69272029	69272144	69272771	69269874	69272771	69269873	69272772	2898	1	transcript/1924253
NC_133180.1:69320972-69321094:+	NC_133180.1	+	69320972	69321094	123	cntrl	100334259	cassette	True	69317350	69320971	69321095	69321224	69317350	69321224	69317349	69321225	3875	2	transcript/2139837,transcript/2243418
NC_133180.1:69599784-69599965:-	NC_133180.1	-	69599784	69599965	182	ciz1b	406846	cassette	False	69598040	69599783	69599966	69600063	69598040	69600063	69598039	69600064	2024	2	transcript/2131716,transcript/2146334
NC_133180.1:70747807-70747870:-	NC_133180.1	-	70747807	70747870	64	lix1	558010	cassette	False	70747714	70747806	70747871	70750343	70747714	70750343	70747713	70750344	2630	1	transcript/4481648
NC_133180.1:72657194-72657261:-	NC_133180.1	-	72657194	72657261	68	kat5b	503731	alt_5p	False	72655455	72657193	72657262	72659251	72655455	72659251	72655454	72659252	3797	1	transcript/1654485
NC_133180.1:73292217-73292301:-	NC_133180.1	-	73292217	73292301	85	rsrc2	406566	alt_5p	False	73291442	73292216	73292302	73293431	73291442	73293431	73291441	73293432	1990	1	transcript/3663118
NC_133180.1:73293428-73293549:-	NC_133180.1	-	73293428	73293549	122	rsrc2	406566	alt_5p	True	73292302	73293427	73293550	73293639	73292302	73293639	73292301	73293640	1338	1	transcript/3680649
NC_133180.1:73299946-73300026:-	NC_133180.1	-	73299946	73300026	81	rsrc2	406566	cassette	False	73294477	73299945	73300027	73300316	73294477	73300316	73294476	73300317	5840	37	transcript/1876097,transcript/2253708,transcript/2346788,transcript/2352493,transcript/2465577,transcript/2513546,transcript/2555677,transcript/2605303,transcript/2640546,transcript/2774875,transcript/2857926,transcript/2869806,transcript/2932272,transcript/3004261,transcript/3131256,transcript/3132668,transcript/3212648,transcript/3285865,transcript/3378153,transcript/3387492,transcript/3392741,transcript/3393050,transcript/3400947,transcript/3401008,transcript/3405541,transcript/3414569,transcript/3416196,transcript/3416381,transcript/3418778,transcript/3428298,transcript/3430403,transcript/3441297,transcript/3454277,transcript/3470662,transcript/3476677,transcript/3477813,transcript/3513749
NC_133180.1:73299946-73300112:-	NC_133180.1	-	73299946	73300112	167	rsrc2	406566	cassette	False	73294477	73299945	73300113	73300316	73294477	73300316	73294476	73300317	5840	1	transcript/3180877
NC_133180.1:74853686-74853769:+	NC_133180.1	+	74853686	74853769	84	usp39	790924	alt_5p	False	74851597	74853685	74853770	74854411	74851597	74854411	74851596	74854412	2815	1	transcript/2713870
NC_133180.1:75511882-75512031:-	NC_133180.1	-	75511882	75512031	150	psat1	327512	alt_5p	True	75511764	75511881	75512032	75514138	75511764	75514138	75511763	75514139	2375	1	transcript/3277896
NC_133180.1:75511898-75512031:-	NC_133180.1	-	75511898	75512031	134	psat1	327512	alt_5p	True	75511764	75511897	75512032	75514138	75511764	75514138	75511763	75514139	2375	1	transcript/3205187
NC_133180.1:75899197-75900631:+	NC_133180.1	+	75899197	75900631	1435	ythdc1	492769	alt_5p	True	75896979	75899196	75900632	75904525	75896979	75904525	75896978	75904526	7547	4	transcript/462490,transcript/469799,transcript/478389,transcript/481078
NC_133180.1:78069413-78069540:-	NC_133180.1	-	78069413	78069540	128	ak1	445486	alt_5p	False	78066969	78069412	78069541	78070130	78066969	78070130	78066968	78070131	3162	2	transcript/6053529,transcript/6090065
NC_133181.1:184946-185321:+	NC_133181.1	+	184946	185321	376	ap1m2	403021	alt_5p	True	184863	184945	185322	185739	184863	185739	184862	185740	877	1	transcript/2375616
NC_133181.1:329653-329696:-	NC_133181.1	-	329653	329696	44	rbfox2	406569	cassette	True	325828	329652	329697	330621	325828	330621	325827	330622	4794	7	transcript/1530342,transcript/1555315,transcript/1683569,transcript/1894672,transcript/1939912,transcript/1942086,transcript/2943294
NC_133181.1:336901-336949:-	NC_133181.1	-	336901	336949	49	rbfox2	406569	cassette	True	332625	336900	336950	341717	332625	341717	332624	341718	9093	2	transcript/1900008,transcript/2004300
NC_133181.1:339477-339544:-	NC_133181.1	-	339477	339544	68	rbfox2	406569	cassette	True	332625	339476	339545	341717	332625	341717	332624	341718	9093	9	transcript/1326114,transcript/1534223,transcript/1892577,transcript/1895838,transcript/1904964,transcript/1915912,transcript/1916961,transcript/1917018,transcript/3227173
NC_133181.1:2273293-2273310:-	NC_133181.1	-	2273293	2273310	18	chchd6b	492522	cassette	False	2273220	2273292	2273311	2275442	2273220	2275442	2273219	2275443	2223	2	transcript/5268516,transcript/5321517
NC_133181.1:4066519-4066574:+	NC_133181.1	+	4066519	4066574	56	st3gal3a	393326	cassette	False	4061554	4066518	4066575	4067037	4061554	4067037	4061553	4067038	5484	7	transcript/2208898,transcript/2295729,transcript/2371788,transcript/2425081,transcript/2456438,transcript/2470065,transcript/2525385
NC_133181.1:4380312-4380397:+	NC_133181.1	+	4380312	4380397	86	col28a2b	100002791	alt_5p	False	4380240	4380311	4380398	4381169	4380240	4381169	4380239	4381170	930	1	transcript/125173
NC_133181.1:4572307-4572376:+	NC_133181.1	+	4572307	4572376	70	gad1b	378441	alt_5p	False	4569668	4572306	4572377	4572459	4569668	4572459	4569667	4572460	2792	1	transcript/825113
NC_133181.1:4580976-4581147:+	NC_133181.1	+	4580976	4581147	172	gorasp2	393676	cassette	False	4580689	4580975	4581148	4581379	4580689	4581379	4580688	4581380	691	1	transcript/2052047
NC_133181.1:4698821-4698897:-	NC_133181.1	-	4698821	4698897	77	slc25a12	337675	cassette	False	4696437	4698820	4698898	4699453	4696437	4699453	4696436	4699454	3017	1	transcript/1016646
NC_133181.1:8050852-8050953:-	NC_133181.1	-	8050852	8050953	102	atg3	336632	alt_5p	False	8048757	8050851	8050954	8051041	8048757	8051041	8048756	8051042	2285	6	transcript/2801082,transcript/2887188,transcript/3149437,transcript/3163157,transcript/4001964,transcript/4150839
NC_133181.1:8185494-8186119:+	NC_133181.1	+	8185494	8186119	626	dzip1	402875	alt_5p	False	8185214	8185493	8186120	8195466	8185214	8195466	8185213	8195467	10253	1	transcript/516014
NC_133181.1:8477076-8477173:+	NC_133181.1	+	8477076	8477173	98	pa2g4a	368737	alt_5p	False	8476137	8477075	8477174	8477455	8476137	8477455	8476136	8477456	1319	1	transcript/3565103
NC_133181.1:9207585-9207689:-	NC_133181.1	-	9207585	9207689	105	slc44a2	324345	alt_5p	False	9204521	9207584	9207690	9208730	9204521	9208730	9204520	9208731	4210	1	transcript/106326
NC_133181.1:10048910-10049039:+	NC_133181.1	+	10048910	10049039	130	vps16	798985	alt_5p	False	10047798	10048909	10049040	10049110	10047798	10049110	10047797	10049111	1313	2	transcript/627986,transcript/636292
NC_133181.1:10608420-10608484:+	NC_133181.1	+	10608420	10608484	65	sumo1	406438	cassette	True	10605787	10608419	10608485	10609540	10605787	10609540	10605786	10609541	3754	2	transcript/3994316,transcript/4009815
NC_133181.1:11003804-11003908:+	NC_133181.1	+	11003804	11003908	105	sucla2	406299	alt_5p	False	10999344	11003803	11003909	11005447	10999344	11005447	10999343	11005448	6104	1	transcript/2155779
NC_133181.1:11006295-11006461:+	NC_133181.1	+	11006295	11006461	167	sucla2	406299	alt_5p	False	11006166	11006294	11006462	11008075	11006166	11008075	11006165	11008076	1910	2	transcript/2127693,transcript/2154391
NC_133181.1:11065340-11065421:+	NC_133181.1	+	11065340	11065421	82	gpr155b	100005567	alt_5p	False	11063490	11065339	11065422	11065508	11063490	11065508	11063489	11065509	2019	1	transcript/153380
NC_133181.1:11209826-11209968:-	NC_133181.1	-	11209826	11209968	143	gpr155b	100005567	alt_5p	True	11209441	11209825	11209969	11211815	11209441	11211815	11209440	11211816	2375	3	transcript/26115,transcript/30089,transcript/33836
NC_133181.1:12368816-12369007:+	NC_133181.1	+	12368816	12369007	192	senp2	556400	alt_5p	True	12367801	12368815	12369008	12369979	12367801	12369979	12367800	12369980	2179	3	transcript/758767,transcript/774515,transcript/816908
NC_133181.1:12371789-12372008:+	NC_133181.1	+	12371789	12372008	220	senp2	556400	alt_5p	True	12370113	12371788	12372009	12372175	12370113	12372175	12370112	12372176	2063	1	transcript/736677
NC_133181.1:12731790-12732043:-	NC_133181.1	-	12731790	12732043	254	fam171b	561242	cassette	False	12729525	12731789	12732044	12732421	12729525	12732421	12729524	12732422	2897	1	transcript/437789
NC_133181.1:13270124-13270232:-	NC_133181.1	-	13270124	13270232	109	si:dkey-276j7.1	561769	cassette	False	13267515	13270123	13270233	13270524	13267515	13270524	13267514	13270525	3010	2	transcript/3216763,transcript/3225479
NC_133181.1:13947460-13947708:+	NC_133181.1	+	13947460	13947708	249	asic4b	407667	cassette	False	13946390	13947459	13947709	13949475	13946390	13949475	13946389	13949476	3086	10	transcript/4528404,transcript/4637764,transcript/4673054,transcript/4915017,transcript/5295223,transcript/5324584,transcript/5328886,transcript/5425709,transcript/5604053,transcript/5720621
NC_133181.1:14179604-14179685:+	NC_133181.1	+	14179604	14179685	82	asic4b	407667	alt_5p	False	14179500	14179603	14179686	14184009	14179500	14184009	14179499	14184010	4510	1	transcript/1409855
NC_133181.1:14753476-14753671:-	NC_133181.1	-	14753476	14753671	196	cryba2a	415139	alt_5p	False	14752747	14753475	14753672	14754203	14752747	14754203	14752746	14754204	1457	2	transcript/5272117,transcript/6134590
NC_133181.1:14753478-14753671:-	NC_133181.1	-	14753478	14753671	194	cryba2a	415139	alt_5p	False	14752747	14753477	14753672	14754203	14752747	14754203	14752746	14754204	1457	2	transcript/5246053,transcript/6137705
NC_133181.1:15960556-15960618:+	NC_133181.1	+	15960556	15960618	63	mrps9	751681	cassette	False	15953233	15960555	15960619	15960698	15953233	15960698	15953232	15960699	7466	5	transcript/3551779,transcript/3563859,transcript/3676545,transcript/3722216,transcript/3829861
NC_133181.1:19433026-19433128:+	NC_133181.1	+	19433026	19433128	103	stk11ip	795019	alt_5p	False	19425313	19433025	19433129	19433641	19425313	19433641	19425312	19433642	8329	2	transcript/143235,transcript/145297
NC_133181.1:20130073-20130095:+	NC_133181.1	+	20130073	20130095	23	rhebl1	767781	cassette	False	20127721	20130072	20130096	20130644	20127721	20130644	20127720	20130645	2924	3	transcript/2257215,transcript/2261911,transcript/2343761
NC_133181.1:20135486-20135547:+	NC_133181.1	+	20135486	20135547	62	rhebl1	767781	alt_5p	True	20131534	20135485	20135548	20135624	20131534	20135624	20131533	20135625	4091	1	transcript/2358434
NC_133181.1:20446545-20446614:+	NC_133181.1	+	20446545	20446614	70	thumpd3	561938	cassette	False	20445237	20446544	20446615	20448509	20445237	20448509	20445236	20448510	3273	1	transcript/3114374
NC_133181.1:20449972-20450085:+	NC_133181.1	+	20449972	20450085	114	thumpd3	561938	cassette	True	20448642	20449971	20450086	20450185	20448642	20450185	20448641	20450186	1544	2	transcript/3047537,transcript/3062699
NC_133181.1:20554860-20555402:+	NC_133181.1	+	20554860	20555402	543	ddx17	556764	cassette	True	20551573	20554859	20555403	20557191	20551573	20557191	20551572	20557192	5619	7	transcript/610157,transcript/804868,transcript/805563,transcript/879608,transcript/888040,transcript/950638,transcript/955544
NC_133181.1:20655429-20655604:+	NC_133181.1	+	20655429	20655604	176	rae1	393973	alt_5p	True	20655344	20655428	20655605	20655698	20655344	20655698	20655343	20655699	355	1	transcript/3257724
NC_133181.1:20667607-20667796:+	NC_133181.1	+	20667607	20667796	190	uqcrc1	393793	alt_5p	False	20665873	20667606	20667797	20672666	20665873	20672666	20665872	20672667	6794	4	transcript/2776536,transcript/2881720,transcript/2929879,transcript/2940086
NC_133181.1:20683426-20683545:-	NC_133181.1	-	20683426	20683545	120	nprl2	559391	alt_5p	True	20681561	20683425	20683546	20683653	20681561	20683653	20681560	20683654	2093	1	transcript/3640140
NC_133181.1:21403732-21403819:+	NC_133181.1	+	21403732	21403819	88	srp68	446119	alt_5p	False	21402353	21403731	21403820	21404882	21402353	21404882	21402352	21404883	2530	3	transcript/1362369,transcript/509536,transcript/793914
NC_133181.1:21495702-21497209:+	NC_133181.1	+	21495702	21497209	1508	acox1	449662	alt_5p	False	21494980	21495701	21497210	21498100	21494980	21498100	21494979	21498101	3121	1	transcript/384269
NC_133181.1:21497048-21497209:+	NC_133181.1	+	21497048	21497209	162	acox1	449662	cassette	False	21495864	21497047	21497210	21498100	21495864	21498100	21495863	21498101	2237	1	transcript/1177481
NC_133181.1:24444815-24445012:+	NC_133181.1	+	24444815	24445012	198	rab11fip4b	100151129	alt_5p	False	24440335	24444814	24445013	24445175	24440335	24445175	24440334	24445176	4841	1	transcript/1498426
NC_133181.1:24453420-24453514:+	NC_133181.1	+	24453420	24453514	95	rab11fip4b	100151129	cassette	False	24452578	24453419	24453515	24454422	24452578	24454422	24452577	24454423	1845	5	transcript/1197469,transcript/1197757,transcript/2216080,transcript/980625,transcript/994768
NC_133181.1:25344530-25344625:-	NC_133181.1	-	25344530	25344625	96	gga3a	492643	cassette	True	25343099	25344529	25344626	25347025	25343099	25347025	25343098	25347026	3927	3	transcript/793542,transcript/805602,transcript/806861
NC_133181.1:26851520-26851890:-	NC_133181.1	-	26851520	26851890	371	brdt	333996	alt_5p	False	26851445	26851519	26851891	26853330	26851445	26853330	26851444	26853331	1886	2	transcript/2985718,transcript/3131114
NC_133181.1:29385016-29385099:-	NC_133181.1	-	29385016	29385099	84	hdlbpa	794178	alt_5p	False	29384934	29385015	29385100	29385220	29384934	29385220	29384933	29385221	287	2	transcript/3010173,transcript/77207
NC_133181.1:29439524-29439758:+	NC_133181.1	+	29439524	29439758	235	LOC101882153	101882153	alt_5p	True	29436121	29439523	29439759	29439831	29436121	29439831	29436120	29439832	3711	1	transcript/1173714
NC_133181.1:29604745-29604858:-	NC_133181.1	-	29604745	29604858	114	dtymk	567734	alt_5p	False	29603732	29604744	29604859	29605263	29603732	29605263	29603731	29605264	1532	1	transcript/6005887
NC_133181.1:29804905-29805041:+	NC_133181.1	+	29804905	29805041	137	espnla	100536888	alt_5p	False	29804805	29804904	29805042	29823161	29804805	29823161	29804804	29823162	18357	1	transcript/328865
NC_133181.1:29990166-29990456:+	NC_133181.1	+	29990166	29990456	291	sned1	100001751	alt_5p	True	29990087	29990165	29990457	29990537	29990087	29990537	29990086	29990538	451	3	transcript/113046,transcript/113129,transcript/117293
NC_133181.1:30046880-30046999:+	NC_133181.1	+	30046880	30046999	120	ryk	558502	cassette	False	30007743	30046879	30047000	30058416	30007743	30058416	30007742	30058417	50674	4	transcript/646466,transcript/656626,transcript/664956,transcript/685125
NC_133181.1:31425483-31425598:-	NC_133181.1	-	31425483	31425598	116	tbc1d23	798995	alt_5p	True	31423568	31425482	31425599	31425828	31423568	31425828	31423567	31425829	2261	2	transcript/646553,transcript/655023
NC_133181.1:32218167-32218300:+	NC_133181.1	+	32218167	32218300	134	phb2b	436954	cassette	True	32217535	32218166	32218301	32219658	32217535	32219658	32217534	32219659	2124	4	transcript/3524117,transcript/3858812,transcript/4123768,transcript/4318339
NC_133181.1:33196404-33196571:-	NC_133181.1	-	33196404	33196571	168	ttc4	393981	alt_5p	False	33196325	33196403	33196572	33197224	33196325	33197224	33196324	33197225	900	1	transcript/2424719
NC_133181.1:33876894-33877057:-	NC_133181.1	-	33876894	33877057	164	ak4	406590	alt_5p	False	33875694	33876893	33877058	33877262	33875694	33877262	33875693	33877263	1569	1	transcript/2002405
NC_133181.1:34853997-34854215:+	NC_133181.1	+	34853997	34854215	219	dock7	568817	alt_5p	False	34853878	34853996	34854216	34854325	34853878	34854325	34853877	34854326	448	1	transcript/4746630
NC_133181.1:36436476-36437121:-	NC_133181.1	-	36436476	36437121	646	nasp	799570	alt_5p	True	36436305	36436475	36437122	36437329	36436305	36437329	36436304	36437330	1025	1	transcript/2085760
NC_133181.1:36452580-36452744:-	NC_133181.1	-	36452580	36452744	165	prpf38a	445089	alt_5p	False	36452492	36452579	36452745	36454193	36452492	36454193	36452491	36454194	1702	2	transcript/4469399,transcript/4572750
NC_133181.1:37473749-37473825:-	NC_133181.1	-	37473749	37473825	77	serbp1a	335449	alt_5p	False	37473631	37473748	37473826	37473917	37473631	37473917	37473630	37473918	287	2	transcript/2083184,transcript/3914029
NC_133181.1:37588186-37588349:-	NC_133181.1	-	37588186	37588349	164	uap1	322513	alt_5p	True	37587758	37588185	37588350	37588749	37587758	37588749	37587757	37588750	992	2	transcript/1719365,transcript/1729907
NC_133181.1:37590409-37590554:-	NC_133181.1	-	37590409	37590554	146	uap1	322513	alt_5p	False	37588940	37590408	37590555	37590972	37588940	37590972	37588939	37590973	2033	1	transcript/1954406
NC_133181.1:37597852-37598062:-	NC_133181.1	-	37597852	37598062	211	uap1	322513	alt_5p	False	37596198	37597851	37598063	37600036	37596198	37600036	37596197	37600037	3839	1	transcript/2078181
NC_133181.1:39445001-39445057:+	NC_133181.1	+	39445001	39445057	57	traf3ip2l	100334940	alt_5p	True	39439109	39445000	39445058	39445169	39439109	39445169	39439108	39445170	6061	1	transcript/2954689
NC_133181.1:39863094-39863289:+	NC_133181.1	+	39863094	39863289	196	zranb2	406716	alt_5p	True	39862955	39863093	39863290	39863714	39862955	39863714	39862954	39863715	760	4	transcript/2413775,transcript/2444944,transcript/2457452,transcript/2488309
NC_133181.1:39863094-39863775:+	NC_133181.1	+	39863094	39863775	682	zranb2	406716	alt_5p	True	39862955	39863093	39863776	39864254	39862955	39864254	39862954	39864255	1300	17	transcript/1468019,transcript/1470725,transcript/1486688,transcript/1544257,transcript/1735310,transcript/1735702,transcript/1769278,transcript/1785453,transcript/1802280,transcript/1879527,transcript/1879705,transcript/1940818,transcript/1989331,transcript/2018699,transcript/2019145,transcript/2028500,transcript/2075890
NC_133181.1:39995932-39996015:-	NC_133181.1	-	39995932	39996015	84	nit2	402904	alt_5p	False	39990121	39995931	39996016	39996243	39990121	39996243	39990120	39996244	6123	2	transcript/4975834,transcript/5083207
NC_133181.1:41619907-41620103:-	NC_133181.1	-	41619907	41620103	197	eif4bb	336619	alt_5p	False	41619814	41619906	41620104	41624541	41619814	41624541	41619813	41624542	4728	2	transcript/2302610,transcript/2325048
NC_133181.1:41623916-41624008:-	NC_133181.1	-	41623916	41624008	93	eif4bb	336619	cassette	False	41620104	41623915	41624009	41624541	41620104	41624541	41620103	41624542	4438	1	transcript/2196753
NC_133181.1:41623916-41624011:-	NC_133181.1	-	41623916	41624011	96	eif4bb	336619	cassette	False	41620104	41623915	41624012	41624541	41620104	41624541	41620103	41624542	4438	1	transcript/2189628
NC_133181.1:41859985-41860116:-	NC_133181.1	-	41859985	41860116	132	krt4	794486	alt_5p	False	41859910	41859984	41860117	41860197	41859910	41860197	41859909	41860198	288	5	transcript/1428649,transcript/1433859,transcript/1435843,transcript/1446021,transcript/1453398
NC_133181.1:41860194-41860363:-	NC_133181.1	-	41860194	41860363	170	krt4	794486	alt_5p	False	41860117	41860193	41860364	41860446	41860117	41860446	41860116	41860447	330	1	transcript/1443376
NC_133181.1:41860767-41860988:-	NC_133181.1	-	41860767	41860988	222	krt4	794486	alt_5p	False	41860697	41860766	41860989	41862443	41860697	41862443	41860696	41862444	1747	4	transcript/1412222,transcript/1424502,transcript/1432356,transcript/1534448
NC_133181.1:41860775-41860988:-	NC_133181.1	-	41860775	41860988	214	krt4	794486	alt_5p	False	41860697	41860774	41860989	41862443	41860697	41862443	41860696	41862444	1747	7	transcript/1435663,transcript/1439086,transcript/1442602,transcript/1442821,transcript/1447613,transcript/1450065,transcript/1453069
NC_133181.1:42438843-42439024:-	NC_133181.1	-	42438843	42439024	182	myl6	798632	alt_5p	False	42435205	42438842	42439025	42441971	42435205	42441971	42435204	42441972	6767	1	transcript/5823189
NC_133181.1:42980451-42980549:-	NC_133181.1	-	42980451	42980549	99	pfkfb4b	386663	alt_5p	True	42979807	42980450	42980550	42980651	42979807	42980651	42979806	42980652	845	3	transcript/4109541,transcript/4202231,transcript/4296960
NC_133181.1:43323568-43323715:-	NC_133181.1	-	43323568	43323715	148	arpc4	114456	cassette	False	43322560	43323567	43323716	43324433	43322560	43324433	43322559	43324434	1874	1	transcript/4059485
NC_133181.1:43486757-43486960:+	NC_133181.1	+	43486757	43486960	204	eif4enif1	541411	alt_5p	False	43486675	43486756	43486961	43487037	43486675	43487037	43486674	43487038	363	1	transcript/258525
NC_133181.1:43639753-43640151:-	NC_133181.1	-	43639753	43640151	399	srsf3a	368925	cassette	True	43639371	43639752	43640152	43640512	43639371	43640512	43639370	43640513	1142	30	transcript/1992555,transcript/2474957,transcript/2513172,transcript/2533586,transcript/3495204,transcript/3601257,transcript/3671778,transcript/3901975,transcript/3954299,transcript/3979696,transcript/4144277,transcript/4144804,transcript/4178247,transcript/4189966,transcript/4200052,transcript/4200970,transcript/4203779,transcript/4206489,transcript/4206879,transcript/4207953,transcript/4211095,transcript/4219915,transcript/4223656,transcript/4225093,transcript/4255733,transcript/4351981,transcript/4599468,transcript/4980316,transcript/5126322,transcript/5153922
NC_133181.1:43639757-43640151:-	NC_133181.1	-	43639757	43640151	395	srsf3a	368925	cassette	True	43639371	43639756	43640152	43640512	43639371	43640512	43639370	43640513	1142	3	transcript/1954243,transcript/4205801,transcript/4225092
NC_133181.1:43948224-43948441:+	NC_133181.1	+	43948224	43948441	218	cadpsb	100001129	alt_5p	False	43947128	43948223	43948442	43956967	43947128	43956967	43947127	43956968	9840	34	transcript/163846,transcript/167303,transcript/167356,transcript/167525,transcript/167863,transcript/169807,transcript/175922,transcript/182624,transcript/190583,transcript/196540,transcript/200565,transcript/65406,transcript/65867,transcript/67078,transcript/68151,transcript/68381,transcript/68430,transcript/69094,transcript/69805,transcript/70756,transcript/71365,transcript/71641,transcript/71693,transcript/72541,transcript/72984,transcript/73927,transcript/75319,transcript/75661,transcript/78252,transcript/78556,transcript/79101,transcript/82174,transcript/82603,transcript/90351
NC_133181.1:44965685-44965766:-	NC_133181.1	-	44965685	44965766	82	ip6k2a	322041	cassette	False	44965553	44965684	44965767	44967557	44965553	44967557	44965552	44967558	2005	1	transcript/1401844
NC_133181.1:45567480-45567587:-	NC_133181.1	-	45567480	45567587	108	glyctk	570678	cassette	False	45566423	45567479	45567588	45568686	45566423	45568686	45566422	45568687	2264	2	transcript/2608839,transcript/2696207
NC_133181.1:45782598-45782688:+	NC_133181.1	+	45782598	45782688	91	trnt1	415249	cassette	False	45780897	45782597	45782689	45784336	45780897	45784336	45780896	45784337	3440	3	transcript/4043146,transcript/4502828,transcript/4617739
NC_133181.1:50841785-50841868:-	NC_133181.1	-	50841785	50841868	84	st7l	558013	alt_5p	False	50840028	50841784	50841869	50841958	50840028	50841958	50840027	50841959	1931	1	transcript/2787886
NC_133181.1:51638342-51638399:+	NC_133181.1	+	51638342	51638399	58	slc25a55a	406717	cassette	False	51637525	51638341	51638400	51639518	51637525	51639518	51637524	51639519	1994	7	transcript/1263414,transcript/1267423,transcript/1269218,transcript/1272981,transcript/1293995,transcript/2248335,transcript/3123332
NC_133181.1:51638342-51638416:+	NC_133181.1	+	51638342	51638416	75	slc25a55a	406717	cassette	False	51637525	51638341	51638417	51639518	51637525	51639518	51637524	51639519	1994	11	transcript/1220271,transcript/1227277,transcript/1228558,transcript/1230056,transcript/1234208,transcript/1243163,transcript/1252433,transcript/1279483,transcript/1653881,transcript/3157248,transcript/522605
NC_133181.1:52361331-52361474:+	NC_133181.1	+	52361331	52361474	144	stx16	562857	cassette	False	52358120	52361330	52361475	52364295	52358120	52364295	52358119	52364296	6176	1	transcript/2268763
NC_133181.1:52552849-52552950:+	NC_133181.1	+	52552849	52552950	102	chmp4ba	393164	cassette	False	52551448	52552848	52552951	52553918	52551448	52553918	52551447	52553919	2471	5	transcript/2315558,transcript/2370006,transcript/2372187,transcript/2383788,transcript/2391763
NC_133181.1:53027101-53027313:+	NC_133181.1	+	53027101	53027313	213	cyc1	564379	alt_5p	False	53026005	53027100	53027314	53029132	53026005	53029132	53026004	53029133	3128	4	transcript/4268755,transcript/4311190,transcript/4566070,transcript/4632746
NC_133181.1:53030402-53030433:+	NC_133181.1	+	53030402	53030433	32	cyc1	564379	cassette	False	53029261	53030401	53030434	53030738	53029261	53030738	53029260	53030739	1478	2	transcript/4297494,transcript/4331627
NC_133181.1:54218611-54218670:-	NC_133181.1	-	54218611	54218670	60	rbl1	795522	cassette	False	54217333	54218610	54218671	54219367	54217333	54219367	54217332	54219368	2035	3	transcript/307062,transcript/311560,transcript/317221
NC_133181.1:55403898-55403948:-	NC_133181.1	-	55403898	55403948	51	sdc4	568593	cassette	False	55403810	55403897	55403949	55410749	55403810	55410749	55403809	55410750	6940	1	transcript/1900616
NC_133181.1:55410030-55410262:-	NC_133181.1	-	55410030	55410262	233	sdc4	568593	cassette	False	55403810	55410029	55410263	55410749	55403810	55410749	55403809	55410750	6940	1	transcript/1614437
NC_133181.1:55563137-55563264:+	NC_133181.1	+	55563137	55563264	128	matn4	497348	alt_5p	False	55562881	55563136	55563265	55564887	55562881	55564887	55562880	55564888	2007	1	transcript/725914
NC_133181.1:56776439-56776839:-	NC_133181.1	-	56776439	56776839	401	LOC141386380	141386380	cassette	False	56774716	56776438	56776840	56778397	56774716	56778397	56774715	56778398	3682	1	transcript/2517533
NC_133181.1:57744905-57745044:+	NC_133181.1	+	57744905	57745044	140	mybphb	321053	alt_5p	False	57744772	57744904	57745045	57750902	57744772	57750902	57744771	57750903	6131	1	transcript/2497525
NC_133181.1:57778467-57778658:+	NC_133181.1	+	57778467	57778658	192	mybphb	321053	alt_5p	False	57770314	57778466	57778659	57784797	57770314	57784797	57770313	57784798	14484	1	transcript/2481751
NC_133181.1:58080439-58080511:+	NC_133181.1	+	58080439	58080511	73	pltp	445125	alt_5p	True	58078930	58080438	58080512	58080580	58078930	58080580	58078929	58080581	1651	1	transcript/2651392
NC_133182.1:1038649-1038731:-	NC_133182.1	-	1038649	1038731	83	alpk1	100333928	cassette	True	1038312	1038648	1038732	1041543	1038312	1041543	1038311	1041544	3232	2	transcript/2627033,transcript/2668118
NC_133182.1:1039280-1039352:-	NC_133182.1	-	1039280	1039352	73	alpk1	100333928	cassette	True	1038312	1039279	1039353	1041543	1038312	1041543	1038311	1041544	3232	2	transcript/2651441,transcript/2652266
NC_133182.1:1040105-1040267:-	NC_133182.1	-	1040105	1040267	163	alpk1	100333928	cassette	True	1038312	1040104	1040268	1041543	1038312	1041543	1038311	1041544	3232	2	transcript/2482489,transcript/2523868
NC_133182.1:1045166-1045221:-	NC_133182.1	-	1045166	1045221	56	alpk1	100333928	cassette	False	1044935	1045165	1045222	1045713	1044935	1045713	1044934	1045714	779	17	transcript/2597372,transcript/2620159,transcript/2663565,transcript/2668185,transcript/2673014,transcript/2678717,transcript/2684428,transcript/2685406,transcript/2687357,transcript/2701101,transcript/2711667,transcript/2717228,transcript/2724142,transcript/2726720,transcript/2741880,transcript/2753800,transcript/2767548
NC_133182.1:3824112-3824189:-	NC_133182.1	-	3824112	3824189	78	zgc:55733	393968	alt_5p	False	3824039	3824111	3824190	3829115	3824039	3829115	3824038	3829116	5077	29	transcript/1358483,transcript/1365687,transcript/1371581,transcript/1374378,transcript/1374658,transcript/1377569,transcript/1381841,transcript/1422720,transcript/1589546,transcript/1616917,transcript/1658500,transcript/1747799,transcript/1837960,transcript/1965302,transcript/1984533,transcript/2105439,transcript/2457500,transcript/2681590,transcript/2762330,transcript/2844791,transcript/3055542,transcript/3376925,transcript/3642024,transcript/3980761,transcript/4161084,transcript/4315150,transcript/4618943,transcript/4704313,transcript/787399
NC_133182.1:6523339-6523466:+	NC_133182.1	+	6523339	6523466	128	sf3b2	570994	alt_5p	False	6519691	6523338	6523467	6523536	6519691	6523536	6519690	6523537	3846	6	transcript/1303581,transcript/1347136,transcript/1348278,transcript/1353532,transcript/1368260,transcript/1371358
NC_133182.1:6946982-6947133:+	NC_133182.1	+	6946982	6947133	152	actn3b	323320	alt_5p	False	6945556	6946981	6947134	6948507	6945556	6948507	6945555	6948508	2952	1	transcript/140827
NC_133182.1:10492638-10492744:+	NC_133182.1	+	10492638	10492744	107	zfand6	336461	cassette	True	10492274	10492637	10492745	10494106	10492274	10494106	10492273	10494107	1833	4	transcript/3585714,transcript/3601084,transcript/3843729,transcript/3934732
NC_133182.1:17908654-17908811:+	NC_133182.1	+	17908654	17908811	158	mta2	326078	alt_5p	False	17908568	17908653	17908812	17912331	17908568	17912331	17908567	17912332	3764	20	transcript/302337,transcript/305908,transcript/310444,transcript/343363,transcript/352299,transcript/353032,transcript/367053,transcript/371914,transcript/383723,transcript/385742,transcript/391085,transcript/397322,transcript/400245,transcript/405352,transcript/414612,transcript/448163,transcript/475913,transcript/479256,transcript/511545,transcript/656951
NC_133182.1:18115428-18115684:-	NC_133182.1	-	18115428	18115684	257	peli3	100331601	alt_5p	False	18108561	18115427	18115685	18136211	18108561	18136211	18108560	18136212	27651	4	transcript/2574682,transcript/2732850,transcript/2765696,transcript/2791395
NC_133182.1:18538505-18538668:-	NC_133182.1	-	18538505	18538668	164	msantd1	798497	cassette	False	18538338	18538504	18538669	18540042	18538338	18540042	18538337	18540043	1705	2	transcript/2772922,transcript/2798021
NC_133182.1:18538505-18538740:-	NC_133182.1	-	18538505	18538740	236	msantd1	798497	cassette	False	18538338	18538504	18538741	18540042	18538338	18540042	18538337	18540043	1705	8	transcript/1450446,transcript/1478931,transcript/1513113,transcript/2528814,transcript/2562481,transcript/2621517,transcript/2726937,transcript/2730436
NC_133182.1:19047609-19047733:-	NC_133182.1	-	19047609	19047733	125	ndufs2	553672	alt_5p	False	19047313	19047608	19047734	19050077	19047313	19050077	19047312	19050078	2765	2	transcript/3311995,transcript/3350859
NC_133182.1:19584593-19584669:-	NC_133182.1	-	19584593	19584669	77	oxa1l	562963	cassette	True	19583535	19584592	19584670	19585359	19583535	19585359	19583534	19585360	1825	1	transcript/3447374
NC_133182.1:19844475-19844618:+	NC_133182.1	+	19844475	19844618	144	mus81	406839	alt_5p	False	19844380	19844474	19844619	19847574	19844380	19847574	19844379	19847575	3195	1	transcript/2258889
NC_133182.1:19945497-19945659:-	NC_133182.1	-	19945497	19945659	163	snx15	393352	cassette	False	19944171	19945496	19945660	19946440	19944171	19946440	19944170	19946441	2270	2	transcript/2301713,transcript/2444576
NC_133182.1:20393806-20393915:+	NC_133182.1	+	20393806	20393915	110	si:dkey-33c9.6	795086	alt_5p	False	20393686	20393805	20393916	20396668	20393686	20396668	20393685	20396669	2983	1	transcript/1142767
NC_133182.1:20486862-20487828:+	NC_133182.1	+	20486862	20487828	967	LOC141375344	141375344	alt_5p	True	20486777	20486861	20487829	20489547	20486777	20489547	20486776	20489548	2771	1	transcript/3415944
NC_133182.1:20893441-20893540:+	NC_133182.1	+	20893441	20893540	100	wrap53	321796	alt_5p	True	20891555	20893440	20893541	20900794	20891555	20900794	20891554	20900795	9240	5	transcript/2309601,transcript/740603,transcript/752228,transcript/759287,transcript/784412
NC_133182.1:22796182-22796276:+	NC_133182.1	+	22796182	22796276	95	sf1	572785	alt_5p	False	22796094	22796181	22796277	22796360	22796094	22796360	22796093	22796361	267	1	transcript/1336702
NC_133182.1:24070734-24071935:+	NC_133182.1	+	24070734	24071935	1202	acin1b	327495	cassette	True	24069247	24070733	24071936	24072326	24069247	24072326	24069246	24072327	3080	1	transcript/89285
NC_133182.1:24090720-24090787:-	NC_133182.1	-	24090720	24090787	68	ajuba	572549	alt_5p	False	24090645	24090719	24090788	24092704	24090645	24092704	24090644	24092705	2060	1	transcript/595864
NC_133182.1:24143209-24143644:+	NC_133182.1	+	24143209	24143644	436	lrp10	560361	alt_5p	False	24141676	24143208	24143645	24143735	24141676	24143735	24141675	24143736	2060	1	transcript/532589
NC_133182.1:24623347-24623498:-	NC_133182.1	-	24623347	24623498	152	rgp1	436881	alt_5p	False	24623258	24623346	24623499	24626077	24623258	24626077	24623257	24626078	2820	1	transcript/2400178
NC_133182.1:24989948-24990048:+	NC_133182.1	+	24989948	24990048	101	naa40	550325	alt_5p	False	24989824	24989947	24990049	24990480	24989824	24990480	24989823	24990481	657	2	transcript/2762095,transcript/2763250
NC_133182.1:24989948-24990066:+	NC_133182.1	+	24989948	24990066	119	naa40	550325	alt_5p	False	24989824	24989947	24990067	24990480	24989824	24990480	24989823	24990481	657	4	transcript/2286191,transcript/2286192,transcript/2573162,transcript/2710073
NC_133182.1:25201659-25201710:+	NC_133182.1	+	25201659	25201710	52	exoc6b	767763	alt_5p	False	25199935	25201658	25201711	25202230	25199935	25202230	25199934	25202231	2296	1	transcript/423744
NC_133182.1:26034527-26034603:+	NC_133182.1	+	26034527	26034603	77	pelp1	100003680	alt_5p	False	26033703	26034526	26034604	26034683	26033703	26034683	26033702	26034684	981	1	transcript/275796
NC_133182.1:26545357-26545505:-	NC_133182.1	-	26545357	26545505	149	eif4a1a	386634	alt_5p	False	26545074	26545356	26545506	26546253	26545074	26546253	26545073	26546254	1180	1	transcript/1806403
NC_133182.1:26547398-26547543:-	NC_133182.1	-	26547398	26547543	146	eif4a1a	386634	alt_5p	False	26547115	26547397	26547544	26547971	26547115	26547971	26547114	26547972	857	7	transcript/1682488,transcript/1710316,transcript/1771100,transcript/1783234,transcript/1792795,transcript/1804760,transcript/1895846
NC_133182.1:29933027-29933165:+	NC_133182.1	+	29933027	29933165	139	tpma	30324	alt_5p	False	29930508	29933026	29933166	29934263	29930508	29934263	29930507	29934264	3756	6	transcript/4269338,transcript/4278602,transcript/4282345,transcript/4301922,transcript/4331347,transcript/4658179
NC_133182.1:29934808-29934875:+	NC_133182.1	+	29934808	29934875	68	tpma	30324	alt_5p	False	29934727	29934807	29934876	29934991	29934727	29934991	29934726	29934992	265	4	transcript/4122275,transcript/4183159,transcript/4559494,transcript/4630319
NC_133182.1:30468702-30468748:+	NC_133182.1	+	30468702	30468748	47	mindy2	570359	cassette	False	30466425	30468701	30468749	30470201	30466425	30470201	30466424	30470202	3777	4	transcript/1389466,transcript/259030,transcript/319745,transcript/818999
NC_133182.1:30488097-30488463:+	NC_133182.1	+	30488097	30488463	367	mindy2	570359	cassette	True	30484782	30488096	30488464	30490789	30484782	30490789	30484781	30490790	6008	3	transcript/1051306,transcript/1194607,transcript/1223036
NC_133182.1:30592978-30593099:+	NC_133182.1	+	30592978	30593099	122	ccnb2	368316	alt_5p	False	30592824	30592977	30593100	30593177	30592824	30593177	30592823	30593178	354	2	transcript/3443768,transcript/3585330
NC_133182.1:32990010-32990116:-	NC_133182.1	-	32990010	32990116	107	pkp3b	100330353	cassette	True	32978239	32990009	32990117	32990714	32978239	32990714	32978238	32990715	12476	2	transcript/646428,transcript/648102
NC_133182.1:34904867-34905454:+	NC_133182.1	+	34904867	34905454	588	esrp2	572992	alt_5p	False	34904709	34904866	34905455	34905537	34904709	34905537	34904708	34905538	829	2	transcript/372169,transcript/402798
NC_133182.1:35198632-35198874:+	NC_133182.1	+	35198632	35198874	243	atp6v0d1	322811	alt_5p	False	35198355	35198631	35198875	35198996	35198355	35198996	35198354	35198997	642	3	transcript/1984575,transcript/2027868,transcript/2114141
NC_133182.1:37958393-37958477:+	NC_133182.1	+	37958393	37958477	85	nkd1	751108	alt_5p	False	37958312	37958392	37958478	37960335	37958312	37960335	37958311	37960336	2024	1	transcript/2346163
NC_133182.1:38513452-38513546:+	NC_133182.1	+	38513452	38513546	95	lrp3	100170796	cassette	False	38513318	38513451	38513547	38515098	38513318	38515098	38513317	38515099	1781	1	transcript/345983
NC_133182.1:38775736-38777044:-	NC_133182.1	-	38775736	38777044	1309	celf1	58137	alt_5p	False	38773148	38775735	38777045	38784456	38773148	38784456	38773147	38784457	11309	1	transcript/148628
NC_133182.1:38921417-38921553:-	NC_133182.1	-	38921417	38921553	137	fbxo3	553731	alt_5p	False	38921312	38921416	38921554	38925163	38921312	38925163	38921311	38925164	3852	3	transcript/900054,transcript/916997,transcript/940869
NC_133182.1:39046071-39046229:-	NC_133182.1	-	39046071	39046229	159	phf21aa	497383	cassette	False	39043579	39046070	39046230	39046339	39043579	39046339	39043578	39046340	2761	1	transcript/85538
NC_133182.1:39599070-39599113:-	NC_133182.1	-	39599070	39599113	44	snx1b	619253	cassette	True	39598928	39599069	39599114	39599609	39598928	39599609	39598927	39599610	682	4	transcript/1439997,transcript/1458415,transcript/1488926,transcript/1510336
NC_133182.1:39733098-39733287:+	NC_133182.1	+	39733098	39733287	190	esyt2b	100330508	cassette	False	39731320	39733097	39733288	39733390	39731320	39733390	39731319	39733391	2071	4	transcript/5296390,transcript/5407905,transcript/5422910,transcript/5425046
NC_133182.1:40558447-40558522:+	NC_133182.1	+	40558447	40558522	76	ncapg2	100037337	alt_5p	False	40558314	40558446	40558523	40558921	40558314	40558921	40558313	40558922	608	1	transcript/393475
NC_133182.1:41846048-41846202:-	NC_133182.1	-	41846048	41846202	155	nfx1	562071	alt_5p	True	41845490	41846047	41846203	41846308	41845490	41846308	41845489	41846309	819	4	transcript/386836,transcript/399467,transcript/417395,transcript/417702
NC_133182.1:41846279-41846351:-	NC_133182.1	-	41846279	41846351	73	nfx1	562071	alt_5p	True	41846203	41846278	41846352	41846661	41846203	41846661	41846202	41846662	459	6	transcript/406573,transcript/422663,transcript/423906,transcript/435166,transcript/436684,transcript/441927
NC_133182.1:41857465-41857598:-	NC_133182.1	-	41857465	41857598	134	nfx1	562071	alt_5p	False	41856655	41857464	41857599	41857759	41856655	41857759	41856654	41857760	1105	4	transcript/399306,transcript/427434,transcript/446025,transcript/449942
NC_133182.1:42163220-42163291:+	NC_133182.1	+	42163220	42163291	72	orc6	324256	cassette	False	42161851	42163219	42163292	42165592	42161851	42165592	42161850	42165593	3742	1	transcript/3866043
NC_133182.1:42167807-42167896:+	NC_133182.1	+	42167807	42167896	90	orc6	324256	cassette	True	42165934	42167806	42167897	42169012	42165934	42169012	42165933	42169013	3079	1	transcript/3910644
NC_133182.1:43038148-43038435:+	NC_133182.1	+	43038148	43038435	288	adamts18	100150128	alt_5p	False	43012028	43038147	43038436	43038778	43012028	43038778	43012027	43038779	26751	2	transcript/20919,transcript/43337
NC_133182.1:45186129-45186223:-	NC_133182.1	-	45186129	45186223	95	tk2	437016	alt_5p	False	45185979	45186128	45186224	45186483	45185979	45186483	45185978	45186484	505	2	transcript/3752795,transcript/3816255
NC_133182.1:47663856-47664073:+	NC_133182.1	+	47663856	47664073	218	pop4	553787	cassette	False	47662599	47663855	47664074	47664511	47662599	47664511	47662598	47664512	1913	2	transcript/4628067,transcript/4641423
NC_133182.1:50618639-50618688:+	NC_133182.1	+	50618639	50618688	50	acana	497505	cassette	True	50618312	50618638	50618689	50619034	50618312	50619034	50618311	50619035	723	1	transcript/30759
NC_133182.1:50652047-50652132:+	NC_133182.1	+	50652047	50652132	86	cpt1aa	558088	cassette	False	50651689	50652046	50652133	50653234	50651689	50653234	50651688	50653235	1546	4	transcript/603995,transcript/608240,transcript/616538,transcript/622008
NC_133182.1:52206521-52206585:-	NC_133182.1	-	52206521	52206585	65	prc1b	393203	cassette	False	52206435	52206520	52206586	52208426	52206435	52208426	52206434	52208427	1992	3	transcript/1698448,transcript/1701530,transcript/1848272
NC_133182.1:53164147-53164319:-	NC_133182.1	-	53164147	53164319	173	rasl11a	550538	cassette	False	53163931	53164146	53164320	53164569	53163931	53164569	53163930	53164570	639	1	transcript/2148808
NC_133182.1:53550652-53550904:-	NC_133182.1	-	53550652	53550904	253	hdac8	406740	alt_5p	False	53550462	53550651	53550905	53554203	53550462	53554203	53550461	53554204	3742	1	transcript/2466416
NC_133182.1:53554432-53554499:-	NC_133182.1	-	53554432	53554499	68	hdac8	406740	alt_5p	False	53554336	53554431	53554500	53554775	53554336	53554775	53554335	53554776	440	1	transcript/2630978
NC_133182.1:53624607-53624740:+	NC_133182.1	+	53624607	53624740	134	got2b	335974	alt_5p	False	53622254	53624606	53624741	53630949	53622254	53630949	53622253	53630950	8696	1	transcript/3269569
NC_133182.1:54497580-54497667:+	NC_133182.1	+	54497580	54497667	88	tp53bp1	557086	alt_5p	False	54497464	54497579	54497668	54499973	54497464	54499973	54497463	54499974	2510	6	transcript/61846,transcript/65850,transcript/71657,transcript/76066,transcript/78074,transcript/78232
NC_133182.1:58110371-58110511:+	NC_133182.1	+	58110371	58110511	141	adamts7	560364	alt_5p	False	58107534	58110370	58110512	58111127	58107534	58111127	58107533	58111128	3594	3	transcript/2837416,transcript/2891729,transcript/2948517
NC_133182.1:58111339-58111385:+	NC_133182.1	+	58111339	58111385	47	adamts7	560364	alt_5p	True	58111264	58111338	58111386	58113375	58111264	58113375	58111263	58113376	2112	1	transcript/2928618
NC_133182.1:58114515-58114619:+	NC_133182.1	+	58114515	58114619	105	adamts7	560364	alt_5p	True	58113507	58114514	58114620	58117296	58113507	58117296	58113506	58117297	3790	1	transcript/2842280
NC_133182.1:58426355-58426398:+	NC_133182.1	+	58426355	58426398	44	drd4b	503565	cassette	False	58425146	58426354	58426399	58433184	58425146	58433184	58425145	58433185	8039	1	transcript/542595
NC_133182.1:58495851-58495874:-	NC_133182.1	-	58495851	58495874	24	sirt3	558775	cassette	False	58490989	58495850	58495875	58496196	58490989	58496196	58490988	58496197	5208	6	transcript/2665905,transcript/2696319,transcript/2722247,transcript/2837591,transcript/3327325,transcript/3510183
NC_133182.1:59177688-59177774:+	NC_133182.1	+	59177688	59177774	87	ggh	406624	cassette	True	59176110	59177687	59177775	59177853	59176110	59177853	59176109	59177854	1744	3	transcript/4062683,transcript/4144494,transcript/4276277
NC_133182.1:59934137-59934239:+	NC_133182.1	+	59934137	59934239	103	LOC110439952	110439952	cassette	False	59932117	59934136	59934240	59935008	59932117	59935008	59932116	59935009	2892	2	transcript/2672329,transcript/2786486
NC_133182.1:60137719-60137844:-	NC_133182.1	-	60137719	60137844	126	chmp5b	393351	cassette	False	60136542	60137718	60137845	60139568	60136542	60139568	60136541	60139569	3027	2	transcript/4438212,transcript/4528116
NC_133182.1:71499162-71499235:+	NC_133182.1	+	71499162	71499235	74	bmal1b	352935	alt_5p	False	71498410	71499161	71499236	71501878	71498410	71501878	71498409	71501879	3469	1	transcript/1573898
NC_133182.1:73177761-73177828:+	NC_133182.1	+	73177761	73177828	68	cyb5b	405812	cassette	True	73177621	73177760	73177829	73182882	73177621	73182882	73177620	73182883	5262	2	transcript/3240069,transcript/3462419
NC_133182.1:76874439-76874593:-	NC_133182.1	-	76874439	76874593	155	dhx15	321931	alt_5p	False	76871856	76874438	76874594	76874868	76871856	76874868	76871855	76874869	3013	1	transcript/1072013
NC_133182.1:77236915-77236950:-	NC_133182.1	-	77236915	77236950	36	mettl4	560686	cassette	False	77236157	77236914	77236951	77237093	77236157	77237093	77236156	77237094	937	2	transcript/839261,transcript/871565
NC_133182.1:79587944-79588191:-	NC_133182.1	-	79587944	79588191	248	casq1b	767757	alt_5p	False	79584980	79587943	79588192	79611716	79584980	79611716	79584979	79611717	26737	2	transcript/2077263,transcript/2161914
NC_133183.1:92137-92260:-	NC_133183.1	-	92137	92260	124	pggt1b	570808	alt_5p	False	91812	92136	92261	96488	91812	96488	91811	96489	4677	1	transcript/2725911
NC_133183.1:128281-128420:-	NC_133183.1	-	128281	128420	140	cdo1	393714	cassette	True	127411	128280	128421	130139	127411	130139	127410	130140	2729	3	transcript/3999321,transcript/4021622,transcript/4057641
NC_133183.1:142204-142246:+	NC_133183.1	+	142204	142246	43	ap3s1	449791	cassette	True	138347	142203	142247	143046	138347	143046	138346	143047	4700	1	transcript/4532547
NC_133183.1:783733-783889:-	NC_133183.1	-	783733	783889	157	si:ch211-87m7.1	557308	alt_5p	True	782660	783732	783890	786899	782660	786899	782659	786900	4240	1	transcript/149280
NC_133183.1:1574251-1574459:-	NC_133183.1	-	1574251	1574459	209	znf367	550421	alt_5p	True	1573280	1574250	1574460	1574784	1573280	1574784	1573279	1574785	1505	1	transcript/463919
NC_133183.1:1601644-1601798:-	NC_133183.1	-	1601644	1601798	155	cdc14b	393148	cassette	True	1592285	1601643	1601799	1613611	1592285	1613611	1592284	1613612	21327	3	transcript/1719686,transcript/1920009,transcript/2126620
NC_133183.1:1606187-1606275:-	NC_133183.1	-	1606187	1606275	89	cdc14b	393148	cassette	True	1592285	1606186	1606276	1613611	1592285	1613611	1592284	1613612	21327	6	transcript/1852961,transcript/1895476,transcript/2008094,transcript/2164050,transcript/2198177,transcript/2243811
NC_133183.1:3694866-3694976:+	NC_133183.1	+	3694866	3694976	111	polb	554204	cassette	False	3693189	3694865	3694977	3695504	3693189	3695504	3693188	3695505	2316	1	transcript/3112244
NC_133183.1:3754421-3755280:-	NC_133183.1	-	3754421	3755280	860	acaa2	406325	cassette	False	3751937	3754420	3755281	3755392	3751937	3755392	3751936	3755393	3456	2	transcript/1142348,transcript/1182658
NC_133183.1:3754777-3755280:-	NC_133183.1	-	3754777	3755280	504	acaa2	406325	cassette	False	3751937	3754776	3755281	3755392	3751937	3755392	3751936	3755393	3456	1	transcript/1671144
NC_133183.1:3755030-3755280:-	NC_133183.1	-	3755030	3755280	251	acaa2	406325	cassette	False	3751937	3755029	3755281	3755392	3751937	3755392	3751936	3755393	3456	7	transcript/1982771,transcript/2005046,transcript/2009594,transcript/2018309,transcript/2021687,transcript/2103180,transcript/2118329
NC_133183.1:5105153-5105271:-	NC_133183.1	-	5105153	5105271	119	gcn1	567890	cassette	True	5103177	5105152	5105272	5116151	5103177	5116151	5103176	5116152	12975	1	transcript/430166
NC_133183.1:5140628-5140750:-	NC_133183.1	-	5140628	5140750	123	gcn1	567890	alt_5p	False	5129974	5140627	5140751	5165296	5129974	5165296	5129973	5165297	35323	1	transcript/448088
NC_133183.1:5923579-5923898:+	NC_133183.1	+	5923579	5923898	320	myl2b	677750	alt_5p	True	5923479	5923578	5923899	5924571	5923479	5924571	5923478	5924572	1093	3	transcript/3476193,transcript/3964326,transcript/4635339
NC_133183.1:6083157-6083258:-	NC_133183.1	-	6083157	6083258	102	myl2b	677750	alt_5p	False	6078020	6083156	6083259	6086936	6078020	6086936	6078019	6086937	8917	1	transcript/2693227
NC_133183.1:6772760-6772869:-	NC_133183.1	-	6772760	6772869	110	ppp2r2aa	558752	cassette	True	6764204	6772759	6772870	6773863	6764204	6773863	6764203	6773864	9660	2	transcript/2436897,transcript/2548090
NC_133183.1:8586029-8586197:+	NC_133183.1	+	8586029	8586197	169	gpd1a	550404	cassette	True	8584676	8586028	8586198	8586895	8584676	8586895	8584675	8586896	2220	4	transcript/3104153,transcript/3235129,transcript/3298212,transcript/3393581
NC_133183.1:9125317-9125433:-	NC_133183.1	-	9125317	9125433	117	irak1	569226	cassette	False	9125145	9125316	9125434	9125573	9125145	9125573	9125144	9125574	429	3	transcript/774936,transcript/781969,transcript/786648
NC_133183.1:9404674-9404797:+	NC_133183.1	+	9404674	9404797	124	cxxc1a	393571	alt_5p	False	9404589	9404673	9404798	9406150	9404589	9406150	9404588	9406151	1562	1	transcript/808417
NC_133183.1:9897165-9897296:-	NC_133183.1	-	9897165	9897296	132	tsr2	317639	cassette	True	9896009	9897164	9897297	9897494	9896009	9897494	9896008	9897495	1486	2	transcript/4783383,transcript/4901845
NC_133183.1:12483036-12483188:-	NC_133183.1	-	12483036	12483188	153	nr1h5	557500	alt_5p	False	12482903	12483035	12483189	12487101	12482903	12487101	12482902	12487102	4199	2	transcript/2724469,transcript/2736531
NC_133183.1:12803302-12803352:-	NC_133183.1	-	12803302	12803352	51	unc45b	266640	alt_5p	False	12802289	12803301	12803353	12803429	12802289	12803429	12802288	12803430	1141	1	transcript/424828
NC_133183.1:14838319-14838386:+	NC_133183.1	+	14838319	14838386	68	sap30bp	321738	cassette	False	14831293	14838318	14838387	14841250	14831293	14841250	14831292	14841251	9958	2	transcript/3489636,transcript/3501840
NC_133183.1:14844825-14844885:+	NC_133183.1	+	14844825	14844885	61	sap30bp	321738	cassette	True	14841341	14844824	14844886	14850512	14841341	14850512	14841340	14850513	9172	3	transcript/3562464,transcript/3584426,transcript/3607647
NC_133183.1:15851105-15851159:-	NC_133183.1	-	15851105	15851159	55	si:dkey-6n6.1	100170811	cassette	False	15847316	15851104	15851160	15852007	15847316	15852007	15847315	15852008	4692	1	transcript/6074627
NC_133183.1:15851105-15851162:-	NC_133183.1	-	15851105	15851162	58	si:dkey-6n6.1	100170811	cassette	False	15847316	15851104	15851163	15852007	15847316	15852007	15847315	15852008	4692	2	transcript/6068398,transcript/6074342
NC_133183.1:16297707-16297839:-	NC_133183.1	-	16297707	16297839	133	qsox1	100004382	cassette	False	16286033	16297706	16297840	16298451	16286033	16298451	16286032	16298452	12419	3	transcript/1098464,transcript/653376,transcript/653698
NC_133183.1:18623641-18623789:+	NC_133183.1	+	18623641	18623789	149	elovl7a	334217	cassette	False	18622823	18623640	18623790	18624191	18622823	18624191	18622822	18624192	1369	2	transcript/2708965,transcript/2732024
NC_133183.1:18931015-18931076:+	NC_133183.1	+	18931015	18931076	62	si:dkey-190g11.3	567059	cassette	False	18929969	18931014	18931077	18931506	18929969	18931506	18929968	18931507	1538	3	transcript/4310300,transcript/5064606,transcript/5180681
NC_133183.1:19891399-19891530:+	NC_133183.1	+	19891399	19891530	132	ssbp3b	406759	alt_5p	True	19891306	19891398	19891531	19891737	19891306	19891737	19891305	19891738	432	3	transcript/1359859,transcript/1377447,transcript/1397549
NC_133183.1:19891399-19891535:+	NC_133183.1	+	19891399	19891535	137	ssbp3b	406759	alt_5p	True	19891306	19891398	19891536	19891737	19891306	19891737	19891305	19891738	432	1	transcript/1338500
NC_133183.1:19891399-19891582:+	NC_133183.1	+	19891399	19891582	184	ssbp3b	406759	alt_5p	True	19891306	19891398	19891583	19891737	19891306	19891737	19891305	19891738	432	3	transcript/1254085,transcript/1315431,transcript/1323310
NC_133183.1:19892046-19892075:+	NC_133183.1	+	19892046	19892075	30	ssbp3b	406759	cassette	True	19891788	19892045	19892076	19892236	19891788	19892236	19891787	19892237	449	4	transcript/1276452,transcript/1276453,transcript/1300053,transcript/1361203
NC_133183.1:20094011-20094074:-	NC_133183.1	-	20094011	20094074	64	guk1b	393697	cassette	False	20093014	20094010	20094075	20095169	20093014	20095169	20093013	20095170	2156	4	transcript/4368925,transcript/4425626,transcript/4427844,transcript/4505192
NC_133183.1:22965517-22965554:-	NC_133183.1	-	22965517	22965554	38	aldh9a1a.2	100006238	cassette	False	22965337	22965516	22965555	22965992	22965337	22965992	22965336	22965993	656	3	transcript/1101351,transcript/2242285,transcript/2977216
NC_133183.1:22998211-22998312:+	NC_133183.1	+	22998211	22998312	102	uck2a	100005763	alt_5p	False	22997933	22998210	22998313	23000720	22997933	23000720	22997932	23000721	2788	1	transcript/3822401
NC_133183.1:23081441-23081499:+	NC_133183.1	+	23081441	23081499	59	col2a1a	562496	alt_5p	False	23081355	23081440	23081500	23081580	23081355	23081580	23081354	23081581	226	2	transcript/202499,transcript/60502
NC_133183.1:23081581-23081684:+	NC_133183.1	+	23081581	23081684	104	col2a1a	562496	alt_5p	False	23081496	23081580	23081685	23081812	23081496	23081812	23081495	23081813	317	1	transcript/61093
NC_133183.1:23119532-23119688:+	NC_133183.1	+	23119532	23119688	157	cry3a	573209	alt_5p	False	23118588	23119531	23119689	23121435	23118588	23121435	23118587	23121436	2848	1	transcript/239734
NC_133183.1:23120976-23121073:+	NC_133183.1	+	23120976	23121073	98	cry3a	573209	cassette	False	23119685	23120975	23121074	23121435	23119685	23121435	23119684	23121436	1751	2	transcript/217665,transcript/229318
NC_133183.1:23120979-23121073:+	NC_133183.1	+	23120979	23121073	95	cry3a	573209	cassette	False	23119685	23120978	23121074	23121435	23119685	23121435	23119684	23121436	1751	2	transcript/212273,transcript/224846
NC_133183.1:23245562-23245664:-	NC_133183.1	-	23245562	23245664	103	ela2l	334304	alt_5p	False	23245289	23245561	23245665	23245963	23245289	23245963	23245288	23245964	675	1	transcript/5769041
NC_133183.1:23254256-23254383:+	NC_133183.1	+	23254256	23254383	128	ela2	403061	alt_5p	False	23254121	23254255	23254384	23254458	23254121	23254458	23254120	23254459	338	1	transcript/5669666
NC_133183.1:24386446-24386574:+	NC_133183.1	+	24386446	24386574	129	tnfrsf14	100535903	alt_5p	False	24384490	24386445	24386575	24386677	24384490	24386677	24384489	24386678	2188	1	transcript/3949544
NC_133183.1:24431558-24431761:-	NC_133183.1	-	24431558	24431761	204	csde1	336679	alt_5p	False	24431180	24431557	24431762	24432382	24431180	24432382	24431179	24432383	1203	1	transcript/186897
NC_133183.1:24909011-24909149:+	NC_133183.1	+	24909011	24909149	139	uckl1a	570547	cassette	False	24908865	24909010	24909150	24909339	24908865	24909339	24908864	24909340	475	1	transcript/2078392
NC_133183.1:25042561-25043624:+	NC_133183.1	+	25042561	25043624	1064	gid8a	393685	alt_5p	True	25041114	25042560	25043625	25043926	25041114	25043926	25041113	25043927	2813	1	transcript/1948476
NC_133183.1:25043496-25043624:+	NC_133183.1	+	25043496	25043624	129	gid8a	393685	cassette	True	25042760	25043495	25043625	25043926	25042760	25043926	25042759	25043927	1167	2	transcript/3694256,transcript/3747556
NC_133183.1:25276739-25276994:+	NC_133183.1	+	25276739	25276994	256	mapre1a	334135	alt_5p	False	25276302	25276738	25276995	25277410	25276302	25277410	25276301	25277411	1109	2	transcript/4720972,transcript/4763405
NC_133183.1:27219469-27219605:-	NC_133183.1	-	27219469	27219605	137	eps8l3b	393332	alt_5p	False	27218504	27219468	27219606	27220338	27218504	27220338	27218503	27220339	1835	1	transcript/1687480
NC_133183.1:27220996-27221159:-	NC_133183.1	-	27220996	27221159	164	eps8l3b	393332	alt_5p	False	27220745	27220995	27221160	27223390	27220745	27223390	27220744	27223391	2646	1	transcript/1688890
NC_133183.1:28320267-28320450:+	NC_133183.1	+	28320267	28320450	184	ifrd2	445227	alt_5p	True	28319784	28320266	28320451	28321697	28319784	28321697	28319783	28321698	1914	1	transcript/1437740
NC_133183.1:28772693-28772742:+	NC_133183.1	+	28772693	28772742	50	rimkla	447815	cassette	False	28769221	28772692	28772743	28775532	28769221	28775532	28769220	28775533	6312	24	transcript/1036020,transcript/1067052,transcript/1070738,transcript/1077624,transcript/1077625,transcript/1079973,transcript/1144253,transcript/1384007,transcript/148307,transcript/1496391,transcript/1626659,transcript/1983755,transcript/2104167,transcript/2319463,transcript/237815,transcript/240845,transcript/261376,transcript/270074,transcript/307720,transcript/329540,transcript/369525,transcript/381685,transcript/574996,transcript/981845
NC_133183.1:28784328-28784438:+	NC_133183.1	+	28784328	28784438	111	rimkla	447815	cassette	True	28781899	28784327	28784439	28784717	28781899	28784717	28781898	28784718	2819	2	transcript/1134004,transcript/259584
NC_133183.1:29554256-29554381:+	NC_133183.1	+	29554256	29554381	126	rhocb	436718	alt_5p	False	29552796	29554255	29554382	29556336	29552796	29556336	29552795	29556337	3541	1	transcript/4956650
NC_133183.1:29752674-29752762:+	NC_133183.1	+	29752674	29752762	89	mov10b.1	556024	cassette	True	29752312	29752673	29752763	29753849	29752312	29753849	29752311	29753850	1538	1	transcript/3302547
NC_133183.1:30210482-30210555:-	NC_133183.1	-	30210482	30210555	74	rap1aa	415242	alt_5p	False	30210408	30210481	30210556	30210675	30210408	30210675	30210407	30210676	268	1	transcript/3488037
NC_133183.1:32870188-32870447:-	NC_133183.1	-	32870188	32870447	260	gstt1a	563972	alt_5p	True	32870043	32870187	32870448	32870603	32870043	32870603	32870042	32870604	561	1	transcript/5093706
NC_133183.1:33004188-33004228:-	NC_133183.1	-	33004188	33004228	41	smarcb1a	799716	cassette	False	33003651	33004187	33004229	33004932	33003651	33004932	33003650	33004933	1282	1	transcript/3508295
NC_133183.1:33075082-33075248:+	NC_133183.1	+	33075082	33075248	167	ptgesl	799964	alt_5p	True	33073560	33075081	33075249	33075363	33073560	33075363	33073559	33075364	1804	11	transcript/1647927,transcript/2428169,transcript/2428170,transcript/2578901,transcript/2627762,transcript/4097818,transcript/4116323,transcript/4145209,transcript/4223568,transcript/4284405,transcript/4290731
NC_133183.1:33455245-33455356:-	NC_133183.1	-	33455245	33455356	112	creb3l3l	406853	alt_5p	False	33454880	33455244	33455357	33455459	33454880	33455459	33454879	33455460	580	1	transcript/1499727
NC_133183.1:33899169-33899270:+	NC_133183.1	+	33899169	33899270	102	oxct1a	442923	cassette	True	33892370	33899168	33899271	33900830	33892370	33900830	33892369	33900831	8461	1	transcript/1943129
NC_133183.1:44103926-44103979:-	NC_133183.1	-	44103926	44103979	54	rbm39b	541556	cassette	False	44103830	44103925	44103980	44104580	44103830	44104580	44103829	44104581	751	3	transcript/1391054,transcript/1401409,transcript/1464982
NC_133183.1:44108235-44108381:-	NC_133183.1	-	44108235	44108381	147	rbm39b	541556	cassette	False	44106913	44108234	44108382	44113830	44106913	44113830	44106912	44113831	6918	13	transcript/1101783,transcript/1206687,transcript/1234758,transcript/1241104,transcript/1260512,transcript/1262884,transcript/1264873,transcript/1265818,transcript/1284149,transcript/1298558,transcript/1308240,transcript/1530436,transcript/940501
NC_133183.1:44110009-44110088:-	NC_133183.1	-	44110009	44110088	80	rbm39b	541556	cassette	False	44106913	44110008	44110089	44113830	44106913	44113830	44106912	44113831	6918	2	transcript/1263088,transcript/1382452
NC_133183.1:44110012-44110088:-	NC_133183.1	-	44110012	44110088	77	rbm39b	541556	cassette	False	44106913	44110011	44110089	44113830	44106913	44113830	44106912	44113831	6918	19	transcript/1190948,transcript/1266326,transcript/1294147,transcript/1297579,transcript/1339419,transcript/1351831,transcript/1355187,transcript/1362853,transcript/1367130,transcript/1374978,transcript/1385534,transcript/1394578,transcript/1415003,transcript/1440328,transcript/1486356,transcript/1607824,transcript/1675826,transcript/1681339,transcript/975964
NC_133183.1:44113827-44113888:-	NC_133183.1	-	44113827	44113888	62	rbm39b	541556	alt_5p	False	44106913	44113826	44113889	44114215	44106913	44114215	44106912	44114216	7303	1	transcript/1481876
NC_133183.1:45218785-45218878:-	NC_133183.1	-	45218785	45218878	94	sorbs3	541478	alt_5p	True	45218611	45218784	45218879	45221513	45218611	45221513	45218610	45221514	2903	1	transcript/298136
NC_133183.1:48047724-48047759:+	NC_133183.1	+	48047724	48047759	36	msi1b	541389	cassette	False	48039220	48047723	48047760	48050580	48039220	48050580	48039219	48050581	11361	12	transcript/1668709,transcript/1685814,transcript/1714040,transcript/1751933,transcript/1789078,transcript/1811006,transcript/1835453,transcript/1874405,transcript/1881274,transcript/1898366,transcript/1916130,transcript/1961268
NC_133183.1:48252201-48252355:-	NC_133183.1	-	48252201	48252355	155	zgc:162025	571775	cassette	False	48251419	48252200	48252356	48253399	48251419	48253399	48251418	48253400	1981	4	transcript/4413107,transcript/4434553,transcript/4541032,transcript/4551498
NC_133183.1:48879683-48879720:-	NC_133183.1	-	48879683	48879720	38	tbc1d10aa	325772	cassette	False	48876808	48879682	48879721	48880106	48876808	48880106	48876807	48880107	3299	2	transcript/1740645,transcript/415726
NC_133183.1:48949491-48949581:+	NC_133183.1	+	48949491	48949581	91	sb:cb288	321191	cassette	True	48943506	48949490	48949582	48950381	48943506	48950381	48943505	48950382	6876	6	transcript/3112606,transcript/3324415,transcript/3523988,transcript/3575499,transcript/3625676,transcript/3689240
NC_133183.1:49491402-49491442:+	NC_133183.1	+	49491402	49491442	41	gpat2	558437	cassette	False	49480507	49491401	49491443	49495893	49480507	49495893	49480506	49495894	15387	6	transcript/1017435,transcript/1109514,transcript/851693,transcript/916911,transcript/939449,transcript/989369
NC_133183.1:49709595-49709798:-	NC_133183.1	-	49709595	49709798	204	rnf10	560444	alt_5p	False	49709459	49709594	49709799	49710596	49709459	49710596	49709458	49710597	1138	1	transcript/514560
NC_133183.1:49710593-49710735:-	NC_133183.1	-	49710593	49710735	143	rnf10	560444	alt_5p	False	49709799	49710592	49710736	49711569	49709799	49711569	49709798	49711570	1771	2	transcript/516251,transcript/523245
NC_133183.1:51071123-51071301:-	NC_133183.1	-	51071123	51071301	179	kazald3	100000101	cassette	False	51063480	51071122	51071302	51071980	51063480	51071980	51063479	51071981	8501	1	transcript/3360520
NC_133183.1:54307276-54307365:+	NC_133183.1	+	54307276	54307365	90	lsm1	445157	cassette	True	54304288	54307275	54307366	54308159	54304288	54308159	54304287	54308160	3872	1	transcript/5796865
NC_133183.1:54654945-54655004:+	NC_133183.1	+	54654945	54655004	60	grk5l	567452	cassette	True	54654790	54654944	54655005	54659976	54654790	54659976	54654789	54659977	5187	10	transcript/1045278,transcript/1067709,transcript/1373190,transcript/1450293,transcript/1474477,transcript/1667290,transcript/1676780,transcript/1722402,transcript/2137743,transcript/625186
NC_133183.1:55110109-55110163:-	NC_133183.1	-	55110109	55110163	55	grk5l	567452	alt_5p	False	55109985	55110108	55110164	55110676	55109985	55110676	55109984	55110677	692	3	transcript/2505287,transcript/4308116,transcript/5674300
NC_133183.1:55541985-55542079:-	NC_133183.1	-	55541985	55542079	95	ogdha	564552	cassette	False	55541714	55541984	55542080	55543720	55541714	55543720	55541713	55543721	2007	5	transcript/121373,transcript/123811,transcript/125229,transcript/126485,transcript/126498
NC_133183.1:55695232-55695312:-	NC_133183.1	-	55695232	55695312	81	fhip2b	777718	cassette	False	55693250	55695231	55695313	55697320	55693250	55697320	55693249	55697321	4071	2	transcript/695772,transcript/734693
NC_133183.1:55737797-55737827:-	NC_133183.1	-	55737797	55737827	31	LOC794073	794073	cassette	True	55736615	55737796	55737828	55738254	55736615	55738254	55736614	55738255	1640	3	transcript/518026,transcript/534750,transcript/573558
NC_133183.1:55737797-55738894:-	NC_133183.1	-	55737797	55738894	1098	LOC794073	794073	alt_5p	True	55736615	55737796	55738895	55742708	55736615	55742708	55736614	55742709	6094	1	transcript/358558
NC_133183.1:56225100-56225254:-	NC_133183.1	-	56225100	56225254	155	sult1st1	323424	cassette	True	56224891	56225099	56225255	56226644	56224891	56226644	56224890	56226645	1754	1	transcript/3929888
NC_133183.1:56226037-56226117:-	NC_133183.1	-	56226037	56226117	81	sult1st1	323424	cassette	True	56224891	56226036	56226118	56226644	56224891	56226644	56224890	56226645	1754	2	transcript/2341176,transcript/2399546
NC_133183.1:56834212-56834300:+	NC_133183.1	+	56834212	56834300	89	LOC141375928	141375928	alt_5p	False	56833176	56834211	56834301	56843522	56833176	56843522	56833175	56843523	10347	2	transcript/1546405,transcript/1623588
NC_133183.1:56853630-56853773:+	NC_133183.1	+	56853630	56853773	144	LOC141375928	141375928	alt_5p	True	56853331	56853629	56853774	56859022	56853331	56859022	56853330	56859023	5692	3	transcript/1492057,transcript/1519194,transcript/1606506
NC_133183.1:56877192-56877286:-	NC_133183.1	-	56877192	56877286	95	LOC141375928	141375928	alt_5p	False	56875455	56877191	56877287	56877367	56875455	56877367	56875454	56877368	1913	3	transcript/4193640,transcript/4197293,transcript/4504162
NC_133183.1:56929386-56929452:-	NC_133183.1	-	56929386	56929452	67	LOC141375928	141375928	cassette	False	56906694	56929385	56929453	56934293	56906694	56934293	56906693	56934294	27600	5	transcript/4450950,transcript/4835275,transcript/4856160,transcript/4905278,transcript/5555348
NC_133183.1:57366448-57366529:+	NC_133183.1	+	57366448	57366529	82	si:ch211-251b21.1	571720	alt_5p	False	57366305	57366447	57366530	57378394	57366305	57378394	57366304	57378395	12090	1	transcript/1973166
NC_133183.1:57378517-57378701:+	NC_133183.1	+	57378517	57378701	185	si:ch211-251b21.1	571720	alt_5p	False	57378428	57378516	57378702	57381461	57378428	57381461	57378427	57381462	3034	2	transcript/1949651,transcript/1978627
NC_133183.1:57381462-57381693:+	NC_133183.1	+	57381462	57381693	232	si:ch211-251b21.1	571720	alt_5p	True	57378698	57381461	57381694	57384402	57378698	57384402	57378697	57384403	5705	1	transcript/1950511
NC_133183.1:57384403-57384506:+	NC_133183.1	+	57384403	57384506	104	si:ch211-251b21.1	571720	alt_5p	True	57381690	57384402	57384507	57387154	57381690	57387154	57381689	57387155	5465	1	transcript/1955630
NC_133183.1:58593604-58593935:-	NC_133183.1	-	58593604	58593935	332	wrap73	334381	cassette	False	58591338	58593603	58593936	58595378	58591338	58595378	58591337	58595379	4041	2	transcript/1645400,transcript/1654603
NC_133183.1:59723916-59724103:+	NC_133183.1	+	59723916	59724103	188	naa35	321587	alt_5p	False	59722890	59723915	59724104	59724917	59722890	59724917	59722889	59724918	2028	2	transcript/1518870,transcript/1536281
NC_133183.1:61145188-61145329:-	NC_133183.1	-	61145188	61145329	142	kansl3	555951	cassette	True	61144578	61145187	61145330	61145841	61144578	61145841	61144577	61145842	1264	1	transcript/590982
NC_133183.1:62255941-62256072:+	NC_133183.1	+	62255941	62256072	132	gins4	572562	cassette	True	62254324	62255940	62256073	62258842	62254324	62258842	62254323	62258843	4519	2	transcript/3283494,transcript/3472237
NC_133183.1:62547869-62548012:-	NC_133183.1	-	62547869	62548012	144	fkbp15b	571805	alt_5p	False	62546332	62547868	62548013	62550435	62546332	62550435	62546331	62550436	4104	1	transcript/237398
NC_133183.1:62553931-62554134:+	NC_133183.1	+	62553931	62554134	204	LOC101882297	101882297	alt_5p	False	62553835	62553930	62554135	62556486	62553835	62556486	62553834	62556487	2652	3	transcript/5000784,transcript/5002784,transcript/5101053
NC_133183.1:62553931-62554138:+	NC_133183.1	+	62553931	62554138	208	LOC101882297	101882297	alt_5p	False	62553835	62553930	62554139	62556486	62553835	62556486	62553834	62556487	2652	1	transcript/4970566
NC_133183.1:63147247-63147358:+	NC_133183.1	+	63147247	63147358	112	mrps25	550252	alt_5p	False	63145875	63147246	63147359	63147483	63145875	63147483	63145874	63147484	1609	1	transcript/6325012
NC_133184.1:212335-212410:-	NC_133184.1	-	212335	212410	76	pcbp2	321844	alt_5p	True	212110	212334	212411	212492	212110	212492	212109	212493	383	1	transcript/2047725
NC_133184.1:212677-212756:-	NC_133184.1	-	212677	212756	80	pcbp2	321844	alt_5p	True	212536	212676	212757	213231	212536	213231	212535	213232	696	1	transcript/2019231
NC_133184.1:216313-216360:-	NC_133184.1	-	216313	216360	48	pcbp2	321844	cassette	False	216182	216312	216361	219214	216182	219214	216181	219215	3033	2	transcript/2026769,transcript/2029419
NC_133184.1:269632-269898:+	NC_133184.1	+	269632	269898	267	stac3	445111	alt_5p	True	268407	269631	269899	270108	268407	270108	268406	270109	1702	4	transcript/2485443,transcript/2588082,transcript/2621735,transcript/2728277
NC_133184.1:394135-394216:-	NC_133184.1	-	394135	394216	82	cd58	572028	cassette	True	394010	394134	394217	394933	394010	394933	394009	394934	924	2	transcript/2726894,transcript/3018417
NC_133184.1:517768-517925:-	NC_133184.1	-	517768	517925	158	LOC100537317	100537317	cassette	False	517461	517767	517926	518096	517461	518096	517460	518097	636	2	transcript/806557,transcript/928409
NC_133184.1:2903684-2903817:-	NC_133184.1	-	2903684	2903817	134	cdca7a	550236	alt_5p	False	2903333	2903683	2903818	2904461	2903333	2904461	2903332	2904462	1129	2	transcript/3170928,transcript/3217977
NC_133184.1:3536353-3536402:+	NC_133184.1	+	3536353	3536402	50	mettl8	100148927	cassette	False	3535156	3536352	3536403	3536562	3535156	3536562	3535155	3536563	1407	2	transcript/2312445,transcript/4242536
NC_133184.1:9328394-9328445:-	NC_133184.1	-	9328394	9328445	52	u2af1	192328	cassette	False	9327856	9328393	9328446	9329566	9327856	9329566	9327855	9329567	1711	1	transcript/5461762
NC_133184.1:11708391-11708708:+	NC_133184.1	+	11708391	11708708	318	si:dkey-69o16.5	100149419	cassette	False	11707568	11708390	11708709	11709615	11707568	11709615	11707567	11709616	2048	2	transcript/4928939,transcript/5172450
NC_133184.1:11792617-11792656:-	NC_133184.1	-	11792617	11792656	40	zc3h15	334307	cassette	False	11792507	11792616	11792657	11792920	11792507	11792920	11792506	11792921	414	2	transcript/2012042,transcript/2050968
NC_133184.1:11797655-11797783:-	NC_133184.1	-	11797655	11797783	129	zc3h15	334307	alt_5p	False	11794001	11797654	11797784	11797874	11794001	11797874	11794000	11797875	3874	3	transcript/2000313,transcript/2005437,transcript/2046772
NC_133184.1:12801484-12801625:-	NC_133184.1	-	12801484	12801625	142	pttg1ipb	449768	alt_5p	False	12800906	12801483	12801626	12802367	12800906	12802367	12800905	12802368	1462	2	transcript/5078671,transcript/5083125
NC_133184.1:12802064-12802101:-	NC_133184.1	-	12802064	12802101	38	pttg1ipb	449768	cassette	False	12801626	12802063	12802102	12802367	12801626	12802367	12801625	12802368	742	2	transcript/5225114,transcript/5238457
NC_133184.1:22999939-23000051:+	NC_133184.1	+	22999939	23000051	113	cryl1	751596	alt_5p	False	22999515	22999938	23000052	23001635	22999515	23001635	22999514	23001636	2121	1	transcript/4401082
NC_133184.1:23053007-23053147:-	NC_133184.1	-	23053007	23053147	141	zmym2	570149	alt_5p	False	23052849	23053006	23053148	23055221	23052849	23055221	23052848	23055222	2373	1	transcript/97928
NC_133184.1:23439623-23439859:+	NC_133184.1	+	23439623	23439859	237	txndc9	336625	cassette	True	23437489	23439622	23439860	23439984	23437489	23439984	23437488	23439985	2496	2	transcript/3596007,transcript/3795165
NC_133184.1:23592661-23592740:-	NC_133184.1	-	23592661	23592740	80	uchl3	554104	alt_5p	False	23592383	23592660	23592741	23592908	23592383	23592908	23592382	23592909	526	1	transcript/5003240
NC_133184.1:23592703-23592740:-	NC_133184.1	-	23592703	23592740	38	uchl3	554104	alt_5p	False	23592383	23592702	23592741	23592908	23592383	23592908	23592382	23592909	526	5	transcript/3499727,transcript/4142925,transcript/5015346,transcript/5051064,transcript/5610270
NC_133184.1:24524110-24524198:-	NC_133184.1	-	24524110	24524198	89	arl5a	436611	alt_5p	False	24524026	24524109	24524199	24524266	24524026	24524266	24524025	24524267	241	3	transcript/4201730,transcript/4252420,transcript/4308635
NC_133184.1:24694499-24695102:-	NC_133184.1	-	24694499	24695102	604	lypd6	447932	alt_5p	False	24689870	24694498	24695103	24697963	24689870	24697963	24689869	24697964	8094	1	transcript/2926796
NC_133184.1:24694720-24695102:-	NC_133184.1	-	24694720	24695102	383	lypd6	447932	alt_5p	False	24694615	24694719	24695103	24697963	24694615	24697963	24694614	24697964	3349	1	transcript/2239814
NC_133184.1:24857201-24857618:-	NC_133184.1	-	24857201	24857618	418	ccnt2a	327568	alt_5p	False	24855484	24857200	24857619	24857839	24855484	24857839	24855483	24857840	2356	9	transcript/1029489,transcript/1103937,transcript/1255106,transcript/1360255,transcript/1394704,transcript/1476583,transcript/1522770,transcript/1547865,transcript/1594901
NC_133184.1:25206590-25206701:+	NC_133184.1	+	25206590	25206701	112	cntnap5a	569185	alt_5p	False	25199954	25206589	25206702	25207919	25199954	25207919	25199953	25207920	7966	1	transcript/140925
NC_133184.1:25503444-25503483:-	NC_133184.1	-	25503444	25503483	40	fam124a	556683	cassette	False	25497689	25503443	25503484	25503952	25497689	25503952	25497688	25503953	6264	8	transcript/1037519,transcript/1051934,transcript/1052034,transcript/1116194,transcript/1200231,transcript/1254443,transcript/1296961,transcript/1711272
NC_133184.1:25745876-25746044:+	NC_133184.1	+	25745876	25746044	169	maip1	552941	alt_5p	True	25745790	25745875	25746045	25746180	25745790	25746180	25745789	25746181	391	12	transcript/3094006,transcript/4118213,transcript/4297790,transcript/4676075,transcript/4852472,transcript/4854642,transcript/4864345,transcript/4918863,transcript/4992496,transcript/5111149,transcript/5569304,transcript/5755902
NC_133184.1:29369451-29369548:-	NC_133184.1	-	29369451	29369548	98	gtf2e1	567899	cassette	False	29367719	29369450	29369549	29389710	29367719	29389710	29367718	29389711	21992	4	transcript/1494311,transcript/1513006,transcript/1549628,transcript/1590364
NC_133184.1:29914698-29914782:-	NC_133184.1	-	29914698	29914782	85	ccnyl1	767752	cassette	False	29913057	29914697	29914783	29914879	29913057	29914879	29913056	29914880	1823	2	transcript/1740405,transcript/1921770
NC_133184.1:30569903-30569944:-	NC_133184.1	-	30569903	30569944	42	epb41l5	368449	cassette	True	30561942	30569902	30569945	30570436	30561942	30570436	30561941	30570437	8495	2	transcript/281075,transcript/283036
NC_133184.1:31292648-31292778:+	NC_133184.1	+	31292648	31292778	131	phf11	569187	cassette	False	31291838	31292647	31292779	31292873	31291838	31292873	31291837	31292874	1036	2	transcript/1945954,transcript/2244513
NC_133184.1:31316316-31316471:-	NC_133184.1	-	31316316	31316471	156	spryd7b	393498	alt_5p	False	31313824	31316315	31316472	31316868	31313824	31316868	31313823	31316869	3045	1	transcript/2747346
NC_133184.1:31665520-31665691:+	NC_133184.1	+	31665520	31665691	172	cmss1	450027	cassette	True	31664553	31665519	31665692	31666133	31664553	31666133	31664552	31666134	1581	1	transcript/4817365
NC_133184.1:31795470-31795546:+	NC_133184.1	+	31795470	31795546	77	tfg	336466	cassette	True	31795138	31795469	31795547	31795788	31795138	31795788	31795137	31795789	651	3	transcript/2577446,transcript/2584249,transcript/2621356
NC_133184.1:31897833-31897998:-	NC_133184.1	-	31897833	31897998	166	si:dkey-100n23.3	571373	cassette	True	31895861	31897832	31897999	31900616	31895861	31900616	31895860	31900617	4756	4	transcript/551824,transcript/568178,transcript/569852,transcript/577309
NC_133184.1:31913908-31913959:-	NC_133184.1	-	31913908	31913959	52	si:dkey-100n23.3	571373	cassette	False	31913777	31913907	31913960	31915752	31913777	31915752	31913776	31915753	1976	1	transcript/668717
NC_133184.1:31978896-31979205:+	NC_133184.1	+	31978896	31979205	310	srpx	541513	alt_5p	False	31969020	31978895	31979206	31979273	31969020	31979273	31969019	31979274	10254	7	transcript/1897830,transcript/1905663,transcript/1914300,transcript/2121595,transcript/2210127,transcript/2373178,transcript/2390982
NC_133184.1:31979108-31979205:+	NC_133184.1	+	31979108	31979205	98	srpx	541513	cassette	False	31978945	31979107	31979206	31979273	31978945	31979273	31978944	31979274	329	2	transcript/2649351,transcript/2716389
NC_133184.1:32927547-32927706:+	NC_133184.1	+	32927547	32927706	160	clybl	641475	cassette	True	32927369	32927546	32927707	32928012	32927369	32928012	32927368	32928013	644	4	transcript/2290643,transcript/2312133,transcript/2379074,transcript/2442117
NC_133184.1:33846361-33846486:-	NC_133184.1	-	33846361	33846486	126	sf3b1	446117	alt_5p	False	33846273	33846360	33846487	33847762	33846273	33847762	33846272	33847763	1490	4	transcript/202422,transcript/209641,transcript/209697,transcript/213394
NC_133184.1:33852501-33852556:-	NC_133184.1	-	33852501	33852556	56	sf3b1	446117	cassette	False	33852204	33852500	33852557	33854721	33852204	33854721	33852203	33854722	2518	23	transcript/108922,transcript/164957,transcript/186843,transcript/187677,transcript/187793,transcript/188302,transcript/188919,transcript/189153,transcript/190852,transcript/190979,transcript/191028,transcript/191287,transcript/191455,transcript/192808,transcript/197106,transcript/197687,transcript/198790,transcript/198994,transcript/200215,transcript/204975,transcript/303046,transcript/5275317,transcript/5405608
NC_133184.1:33989960-33990051:+	NC_133184.1	+	33989960	33990051	92	mob4	445045	alt_5p	False	33989266	33989959	33990052	33990318	33989266	33990318	33989265	33990319	1053	1	transcript/5018585
NC_133184.1:35438242-35438425:-	NC_133184.1	-	35438242	35438425	184	ndp	100003793	cassette	False	35432361	35438241	35438426	35440010	35432361	35440010	35432360	35440011	7650	2	transcript/1766915,transcript/1859608
NC_133184.1:35475122-35475283:-	NC_133184.1	-	35475122	35475283	162	fundc1	436984	alt_5p	True	35475040	35475121	35475284	35475708	35475040	35475708	35475039	35475709	669	2	transcript/5650813,transcript/5758170
NC_133184.1:38985909-38986024:+	NC_133184.1	+	38985909	38986024	116	gli2a	30154	alt_5p	False	38983341	38985908	38986025	38989648	38983341	38989648	38983340	38989649	6308	1	transcript/53969
NC_133184.1:39746810-39746842:-	NC_133184.1	-	39746810	39746842	33	hacd2	334121	cassette	False	39746445	39746809	39746843	39749151	39746445	39749151	39746444	39749152	2707	3	transcript/2251543,transcript/2299725,transcript/2418329
NC_133184.1:40077824-40077885:-	NC_133184.1	-	40077824	40077885	62	ccdc93	678566	alt_5p	False	40077664	40077823	40077886	40077958	40077664	40077958	40077663	40077959	295	1	transcript/1818068
NC_133184.1:40312926-40313409:+	NC_133184.1	+	40312926	40313409	484	snx4	323203	alt_5p	False	40312838	40312925	40313410	40315651	40312838	40315651	40312837	40315652	2814	1	transcript/1138345
NC_133184.1:40712197-40712284:-	NC_133184.1	-	40712197	40712284	88	myl1	336165	cassette	True	40711344	40712196	40712285	40713953	40711344	40713953	40711343	40713954	2610	2	transcript/4912828,transcript/5114240
NC_133184.1:42648728-42648804:+	NC_133184.1	+	42648728	42648804	77	hibch	798364	cassette	False	42645178	42648727	42648805	42651016	42645178	42651016	42645177	42651017	5839	2	transcript/1896267,transcript/1926107
NC_133184.1:42649686-42649739:+	NC_133184.1	+	42649686	42649739	54	hibch	798364	cassette	True	42645178	42649685	42649740	42651016	42645178	42651016	42645177	42651017	5839	3	transcript/1921292,transcript/1941566,transcript/1980897
NC_133184.1:42836990-42837243:+	NC_133184.1	+	42836990	42837243	254	LOC141376184	141376184	alt_5p	False	42836222	42836989	42837244	42838406	42836222	42838406	42836221	42838407	2185	1	transcript/446093
NC_133184.1:42869839-42870566:-	NC_133184.1	-	42869839	42870566	728	wdr75	368478	alt_5p	False	42868384	42869838	42870567	42870655	42868384	42870655	42868383	42870656	2272	1	transcript/711539
NC_133184.1:43032828-43032878:-	NC_133184.1	-	43032828	43032878	51	glsb	564746	cassette	False	43028074	43032827	43032879	43039612	43028074	43039612	43028073	43039613	11539	5	transcript/1295811,transcript/1319156,transcript/1552477,transcript/1866523,transcript/1909824
NC_133184.1:46098295-46098508:+	NC_133184.1	+	46098295	46098508	214	itprid2	553255	alt_5p	False	46045910	46098294	46098509	46104241	46045910	46104241	46045909	46104242	58332	1	transcript/119986
NC_133184.1:46673332-46673376:-	NC_133184.1	-	46673332	46673376	45	LOC141376198	141376198	cassette	False	46671886	46673331	46673377	46675348	46671886	46675348	46671885	46675349	3463	1	transcript/632803
NC_133184.1:46689988-46690165:-	NC_133184.1	-	46689988	46690165	178	dnajc10	557858	cassette	False	46689613	46689987	46690166	46690560	46689613	46690560	46689612	46690561	948	3	transcript/545097,transcript/546183,transcript/549853
NC_133184.1:47403219-47403328:-	NC_133184.1	-	47403219	47403328	110	agr1	335309	cassette	False	47399425	47403218	47403329	47405186	47399425	47405186	47399424	47405187	5762	2	transcript/5803576,transcript/5808750
NC_133184.1:47408446-47408503:-	NC_133184.1	-	47408446	47408503	58	agr1	335309	alt_5p	False	47405430	47408445	47408504	47408594	47405430	47408594	47405429	47408595	3165	1	transcript/6129757
NC_133184.1:49911992-49912027:-	NC_133184.1	-	49911992	49912027	36	arpc2	327068	cassette	True	49909432	49911991	49912028	49915027	49909432	49915027	49909431	49915028	5596	1	transcript/4044057
NC_133184.1:49915024-49915155:-	NC_133184.1	-	49915024	49915155	132	arpc2	327068	alt_5p	True	49909432	49915023	49915156	49917517	49909432	49917517	49909431	49917518	8086	3	transcript/4093325,transcript/4119748,transcript/4119826
NC_133184.1:49923901-49924005:-	NC_133184.1	-	49923901	49924005	105	arpc2	327068	cassette	False	49919949	49923900	49924006	49928108	49919949	49928108	49919948	49928109	8160	2	transcript/3885039,transcript/3905561
NC_133184.1:49987065-49987085:+	NC_133184.1	+	49987065	49987085	21	mettl5	449776	cassette	False	49986913	49987064	49987086	49987517	49986913	49987517	49986912	49987518	605	4	transcript/5277829,transcript/5460831,transcript/5546515,transcript/5721420
NC_133184.1:50049139-50049284:-	NC_133184.1	-	50049139	50049284	146	phgdh	321928	alt_5p	True	50046231	50049138	50049285	50052179	50046231	50052179	50046230	50052180	5949	3	transcript/2389047,transcript/2510984,transcript/2527127
NC_133184.1:50050703-50050780:-	NC_133184.1	-	50050703	50050780	78	phgdh	321928	cassette	False	50049285	50050702	50050781	50052179	50049285	50052179	50049284	50052180	2895	5	transcript/1557097,transcript/1691820,transcript/2289606,transcript/2290515,transcript/2359516
NC_133184.1:56110803-56110942:+	NC_133184.1	+	56110803	56110942	140	si:ch211-199f5.1	100002026	alt_5p	False	56110723	56110802	56110943	56119117	56110723	56119117	56110722	56119118	8395	1	transcript/4362756
NC_133184.1:56882367-56882417:+	NC_133184.1	+	56882367	56882417	51	egfl6	436730	cassette	False	56881853	56882366	56882418	56887932	56881853	56887932	56881852	56887933	6080	2	transcript/2230453,transcript/2249434
NC_133184.1:56891150-56891325:+	NC_133184.1	+	56891150	56891325	176	egfl6	436730	cassette	False	56890758	56891149	56891326	56893209	56890758	56893209	56890757	56893210	2452	3	transcript/2137041,transcript/2187201,transcript/2199852
NC_133184.1:56897252-56897404:+	NC_133184.1	+	56897252	56897404	153	egfl6	436730	alt_5p	False	56895071	56897251	56897405	56900739	56895071	56900739	56895070	56900740	5669	2	transcript/2439129,transcript/2548564
NC_133184.1:57256245-57256388:+	NC_133184.1	+	57256245	57256388	144	mospd2	492327	cassette	False	57253567	57256244	57256389	57258311	57253567	57258311	57253566	57258312	4745	2	transcript/2013626,transcript/2099493
NC_133184.1:57875296-57875535:-	NC_133184.1	-	57875296	57875535	240	arsh	100332997	alt_5p	False	57873475	57875295	57875536	57880406	57873475	57880406	57873474	57880407	6932	3	transcript/1147712,transcript/175244,transcript/177814
NC_133185.1:499718-500219:+	NC_133185.1	+	499718	500219	502	klhl35	570873	cassette	False	499553	499717	500220	500315	499553	500315	499552	500316	763	1	transcript/904695
NC_133185.1:2177837-2177930:-	NC_133185.1	-	2177837	2177930	94	LOC141376283	141376283	alt_5p	False	2176796	2177836	2177931	2178597	2176796	2178597	2176795	2178598	1802	1	transcript/1099847
NC_133185.1:3097865-3098026:+	NC_133185.1	+	3097865	3098026	162	LOC556989	556989	alt_5p	False	3097729	3097864	3098027	3099288	3097729	3099288	3097728	3099289	1560	1	transcript/465223
NC_133185.1:3112463-3112605:+	NC_133185.1	+	3112463	3112605	143	LOC556989	556989	cassette	False	3112346	3112462	3112606	3113013	3112346	3113013	3112345	3113014	668	2	transcript/412586,transcript/431918
NC_133185.1:3402569-3402612:-	NC_133185.1	-	3402569	3402612	44	LOC141376286	141376286	cassette	True	3400265	3402568	3402613	3402770	3400265	3402770	3400264	3402771	2506	2	transcript/1870201,transcript/1890218
NC_133185.1:3402767-3402896:-	NC_133185.1	-	3402767	3402896	130	LOC141376286	141376286	alt_5p	True	3400265	3402766	3402897	3408404	3400265	3408404	3400264	3408405	8140	2	transcript/1944865,transcript/1979249
NC_133185.1:5050949-5051016:-	NC_133185.1	-	5050949	5051016	68	lyrm7	100002948	cassette	False	5049455	5050948	5051017	5055541	5049455	5055541	5049454	5055542	6087	3	transcript/2432436,transcript/2543043,transcript/2569373
NC_133185.1:5428632-5428747:-	NC_133185.1	-	5428632	5428747	116	lyrm7	100002948	alt_5p	False	5428432	5428631	5428748	5431339	5428432	5431339	5428431	5431340	2908	1	transcript/2392945
NC_133185.1:5433938-5434077:-	NC_133185.1	-	5433938	5434077	140	lyrm7	100002948	cassette	False	5431530	5433937	5434078	5436164	5431530	5436164	5431529	5436165	4635	1	transcript/2227269
NC_133185.1:5433938-5434112:-	NC_133185.1	-	5433938	5434112	175	lyrm7	100002948	cassette	False	5431530	5433937	5434113	5436164	5431530	5436164	5431529	5436165	4635	2	transcript/2080193,transcript/2176821
NC_133185.1:5485154-5485356:-	NC_133185.1	-	5485154	5485356	203	hnrnpd	560522	cassette	False	5484922	5485153	5485357	5491174	5484922	5491174	5484921	5491175	6253	3	transcript/3455284,transcript/3506982,transcript/3568790
NC_133185.1:5502030-5502208:+	NC_133185.1	+	5502030	5502208	179	enoph1	431773	cassette	False	5500660	5502029	5502209	5503354	5500660	5503354	5500659	5503355	2695	4	transcript/1735565,transcript/3891389,transcript/3903486,transcript/4109750
NC_133185.1:5730998-5731057:+	NC_133185.1	+	5730998	5731057	60	sptlc1	553981	alt_5p	True	5725876	5730997	5731058	5731924	5725876	5731924	5725875	5731925	6049	1	transcript/2279208
NC_133185.1:5942829-5943010:+	NC_133185.1	+	5942829	5943010	182	auh	445182	cassette	True	5940713	5942828	5943011	5946165	5940713	5946165	5940712	5946166	5453	6	transcript/2430860,transcript/2516329,transcript/2622850,transcript/3419115,transcript/3611011,transcript/3631882
NC_133185.1:6822769-6822899:+	NC_133185.1	+	6822769	6822899	131	LOC141376292	141376292	alt_5p	False	6812535	6822768	6822900	6840484	6812535	6840484	6812534	6840485	27950	1	transcript/4120288
NC_133185.1:6845864-6845940:+	NC_133185.1	+	6845864	6845940	77	tpm2	415209	cassette	False	6844326	6845863	6845941	6848286	6844326	6848286	6844325	6848287	3961	2	transcript/3911208,transcript/3989264
NC_133185.1:6918213-6918329:-	NC_133185.1	-	6918213	6918329	117	ca9	566612	alt_5p	True	6918135	6918212	6918330	6920156	6918135	6920156	6918134	6920157	2022	3	transcript/1000045,transcript/1037651,transcript/1054984
NC_133185.1:6977121-6977201:-	NC_133185.1	-	6977121	6977201	81	dcp2	393121	cassette	True	6973044	6977120	6977202	6977350	6973044	6977350	6973043	6977351	4307	1	transcript/1930497
NC_133185.1:6983546-6983700:-	NC_133185.1	-	6983546	6983700	155	dcp2	393121	alt_5p	False	6980321	6983545	6983701	6987319	6980321	6987319	6980320	6987320	6999	1	transcript/2066138
NC_133185.1:6990330-6990406:+	NC_133185.1	+	6990330	6990406	77	reep5	337237	cassette	True	6990260	6990329	6990407	7004257	6990260	7004257	6990259	7004258	13998	5	transcript/4421206,transcript/4471680,transcript/4482764,transcript/4817932,transcript/4925265
NC_133185.1:7006617-7006889:+	NC_133185.1	+	7006617	7006889	273	reep5	337237	cassette	True	7004398	7006616	7006890	7010760	7004398	7010760	7004397	7010761	6363	2	transcript/3713967,transcript/4304616
NC_133185.1:7464441-7464520:-	NC_133185.1	-	7464441	7464520	80	sh2d4a	393219	cassette	True	7464130	7464440	7464521	7464753	7464130	7464753	7464129	7464754	624	7	transcript/2059525,transcript/2084660,transcript/2084855,transcript/2135424,transcript/2735347,transcript/2751824,transcript/2920163
NC_133185.1:7770986-7771056:+	NC_133185.1	+	7770986	7771056	71	fut10	497615	cassette	False	7770425	7770985	7771057	7771214	7770425	7771214	7770424	7771215	790	5	transcript/2632488,transcript/2686937,transcript/2696282,transcript/2697409,transcript/2764161
NC_133185.1:8119490-8119584:+	NC_133185.1	+	8119490	8119584	95	ppp2cb	406582	alt_5p	False	8118674	8119489	8119585	8123874	8118674	8123874	8118673	8123875	5201	2	transcript/2395787,transcript/3148729
NC_133185.1:8367861-8367942:-	NC_133185.1	-	8367861	8367942	82	mat2aa	323329	cassette	False	8367776	8367860	8367943	8373715	8367776	8373715	8367775	8373716	5940	2	transcript/871991,transcript/889953
NC_133185.1:8536843-8537037:-	NC_133185.1	-	8536843	8537037	195	ewsr1a	323597	alt_5p	True	8532655	8536842	8537038	8537113	8532655	8537113	8532654	8537114	4459	1	transcript/1670329
NC_133185.1:9802513-9802593:+	NC_133185.1	+	9802513	9802593	81	antxr2b	560841	alt_5p	False	9802430	9802512	9802594	9803647	9802430	9803647	9802429	9803648	1218	1	transcript/624788
NC_133185.1:9950534-9950844:+	NC_133185.1	+	9950534	9950844	311	mrrf	431721	alt_5p	False	9949225	9950533	9950845	9963678	9949225	9963678	9949224	9963679	14454	2	transcript/3018832,transcript/3044614
NC_133185.1:11464388-11464508:+	NC_133185.1	+	11464388	11464508	121	ambp	394093	cassette	True	11461611	11464387	11464509	11464770	11461611	11464770	11461610	11464771	3160	3	transcript/4292661,transcript/4294895,transcript/4391479
NC_133185.1:11934485-11934593:+	NC_133185.1	+	11934485	11934593	109	hsdl2	322347	alt_5p	False	11933519	11934484	11934594	11934878	11933519	11934878	11933518	11934879	1360	1	transcript/3614251
NC_133185.1:15675699-15675747:-	NC_133185.1	-	15675699	15675747	49	cntfr	368438	cassette	True	15675621	15675698	15675748	15729163	15675621	15729163	15675620	15729164	53543	2	transcript/1587251,transcript/1614030
NC_133185.1:17642964-17643055:+	NC_133185.1	+	17642964	17643055	92	trappc13	321203	cassette	False	17641491	17642963	17643056	17644317	17641491	17644317	17641490	17644318	2827	1	transcript/3484875
NC_133185.1:17671246-17671361:-	NC_133185.1	-	17671246	17671361	116	sgtb	431772	cassette	False	17668393	17671245	17671362	17671947	17668393	17671947	17668392	17671948	3555	2	transcript/2113585,transcript/2196405
NC_133185.1:17888834-17889097:+	NC_133185.1	+	17888834	17889097	264	erbin	566811	alt_5p	True	17888734	17888833	17889098	17892046	17888734	17892046	17888733	17892047	3313	12	transcript/1758294,transcript/1803747,transcript/1921650,transcript/2447217,transcript/2527285,transcript/2536528,transcript/2537562,transcript/2541884,transcript/2543515,transcript/2547070,transcript/2576190,transcript/2679097
NC_133185.1:18268052-18268188:+	NC_133185.1	+	18268052	18268188	137	apba1b	565507	alt_5p	True	18267832	18268051	18268189	18270248	18267832	18270248	18267831	18270249	2417	9	transcript/1004372,transcript/1005782,transcript/1025346,transcript/1028052,transcript/1028516,transcript/1036988,transcript/1157343,transcript/1299147,transcript/980121
NC_133185.1:18318942-18319076:+	NC_133185.1	+	18318942	18319076	135	lmnb1	195816	cassette	False	18318499	18318941	18319077	18321003	18318499	18321003	18318498	18321004	2505	2	transcript/821348,transcript/842470
NC_133185.1:18856031-18856218:+	NC_133185.1	+	18856031	18856218	188	isoc1	559897	cassette	True	18855096	18856030	18856219	18857887	18855096	18857887	18855095	18857888	2792	7	transcript/1489587,transcript/1541382,transcript/1550027,transcript/4477844,transcript/4739692,transcript/4772401,transcript/5025698
NC_133185.1:18856038-18856218:+	NC_133185.1	+	18856038	18856218	181	isoc1	559897	cassette	True	18855096	18856037	18856219	18857887	18855096	18857887	18855095	18857888	2792	4	transcript/4470723,transcript/4837774,transcript/4839680,transcript/5049921
NC_133185.1:21876993-21877068:+	NC_133185.1	+	21876993	21877068	76	atp8b5b	563450	alt_5p	False	21876051	21876992	21877069	21877151	21876051	21877151	21876050	21877152	1101	1	transcript/194544
NC_133185.1:21936974-21937144:+	NC_133185.1	+	21936974	21937144	171	si:dkey-106l3.7	100534806	alt_5p	False	21930909	21936973	21937145	21939729	21930909	21939729	21930908	21939730	8821	1	transcript/2772908
NC_133185.1:22426184-22426337:-	NC_133185.1	-	22426184	22426337	154	smarcad1b	563175	alt_5p	False	22426119	22426183	22426338	22426437	22426119	22426437	22426118	22426438	319	2	transcript/420991,transcript/497759
NC_133185.1:22608827-22608859:+	NC_133185.1	+	22608827	22608859	33	pigo	563993	cassette	False	22607133	22608826	22608860	22609306	22607133	22609306	22607132	22609307	2174	1	transcript/152585
NC_133185.1:23764569-23764739:+	NC_133185.1	+	23764569	23764739	171	ppp2r2ab	327263	alt_5p	False	23763323	23764568	23764740	23766113	23763323	23766113	23763322	23766114	2791	2	transcript/1660138,transcript/1663522
NC_133185.1:24429822-24429852:+	NC_133185.1	+	24429822	24429852	31	atp6v1b2	359840	cassette	False	24428055	24429821	24429853	24430017	24428055	24430017	24428054	24430018	1963	9	transcript/1472184,transcript/1502887,transcript/1622470,transcript/1691639,transcript/1709779,transcript/1852083,transcript/1853744,transcript/1911502,transcript/942661
NC_133185.1:24430153-24430246:+	NC_133185.1	+	24430153	24430246	94	atp6v1b2	359840	cassette	False	24430075	24430152	24430247	24431569	24430075	24431569	24430074	24431570	1495	3	transcript/1529155,transcript/1534631,transcript/1538341
NC_133185.1:24431922-24432028:+	NC_133185.1	+	24431922	24432028	107	atp6v1b2	359840	alt_5p	False	24431847	24431921	24432029	24432324	24431847	24432324	24431846	24432325	478	2	transcript/1531275,transcript/1728480
NC_133185.1:26919666-26919752:+	NC_133185.1	+	26919666	26919752	87	npm1a	266985	cassette	True	26913331	26919665	26919753	26920262	26913331	26920262	26913330	26920263	6932	1	transcript/3496649
NC_133185.1:27999827-27999983:+	NC_133185.1	+	27999827	27999983	157	slc25a1a	393579	cassette	False	27999442	27999826	27999984	28002632	27999442	28002632	27999441	28002633	3191	6	transcript/2256993,transcript/2291519,transcript/2306193,transcript/2495918,transcript/2525534,transcript/2695579
NC_133185.1:31779662-31779744:+	NC_133185.1	+	31779662	31779744	83	znrd2	449989	cassette	False	31778484	31779661	31779745	31780740	31778484	31780740	31778483	31780741	2257	1	transcript/5308359
NC_133185.1:34794669-34794883:+	NC_133185.1	+	34794669	34794883	215	LOC141376405	141376405	alt_5p	False	34793923	34794668	34794884	34795088	34793923	34795088	34793922	34795089	1166	1	transcript/1713888
NC_133185.1:38178778-38178861:+	NC_133185.1	+	38178778	38178861	84	myl10	550569	alt_5p	True	38176889	38178777	38178862	38178949	38176889	38178949	38176888	38178950	2061	1	transcript/6500073
NC_133185.1:38178778-38178871:+	NC_133185.1	+	38178778	38178871	94	myl10	550569	alt_5p	True	38176889	38178777	38178872	38178949	38176889	38178949	38176888	38178950	2061	1	transcript/6491044
NC_133185.1:39092649-39092835:+	NC_133185.1	+	39092649	39092835	187	si:dkey-10b15.8	560031	cassette	False	39092100	39092648	39092836	39093932	39092100	39093932	39092099	39093933	1833	4	transcript/3809664,transcript/3865088,transcript/4139065,transcript/4319595
NC_133185.1:39173657-39173844:+	NC_133185.1	+	39173657	39173844	188	LOC110438863	110438863	cassette	False	39173108	39173656	39173845	39174941	39173108	39174941	39173107	39174942	1834	1	transcript/4361328
NC_133185.1:39980749-39980867:-	NC_133185.1	-	39980749	39980867	119	smad9	445564	cassette	True	39977574	39980748	39980868	39981331	39977574	39981331	39977573	39981332	3758	1	transcript/2102391
NC_133185.1:40013892-40014087:-	NC_133185.1	-	40013892	40014087	196	alg5	751635	alt_5p	False	40008288	40013891	40014088	40018132	40008288	40018132	40008287	40018133	9845	3	transcript/3674977,transcript/3775725,transcript/3837278
NC_133185.1:40171436-40171580:+	NC_133185.1	+	40171436	40171580	145	ripk4	406351	alt_5p	False	40170324	40171435	40171581	40172260	40170324	40172260	40170323	40172261	1937	4	transcript/3069829,transcript/3190104,transcript/3248310,transcript/3471884
NC_133185.1:40261624-40261747:-	NC_133185.1	-	40261624	40261747	124	smg8	567424	cassette	False	40258254	40261623	40261748	40261903	40258254	40261903	40258253	40261904	3650	1	transcript/822619
NC_133185.1:40261624-40261750:-	NC_133185.1	-	40261624	40261750	127	smg8	567424	cassette	False	40258254	40261623	40261751	40261903	40258254	40261903	40258253	40261904	3650	1	transcript/849796
NC_133185.1:41639669-41639761:-	NC_133185.1	-	41639669	41639761	93	slc1a3b	556181	cassette	False	41635623	41639668	41639762	41641039	41635623	41641039	41635622	41641040	5417	1	transcript/240914
NC_133185.1:41760249-41760355:+	NC_133185.1	+	41760249	41760355	107	rab6a	793785	cassette	False	41757371	41760248	41760356	41760487	41757371	41760487	41757370	41760488	3117	9	transcript/2175923,transcript/2201435,transcript/2241801,transcript/2260361,transcript/2298325,transcript/2317207,transcript/4373799,transcript/4547377,transcript/4579689
NC_133185.1:43705293-43705460:+	NC_133185.1	+	43705293	43705460	168	LOC101883213	101883213	alt_5p	False	43703157	43705292	43705461	43707143	43703157	43707143	43703156	43707144	3987	1	transcript/3261288
NC_133185.1:44257123-44257157:+	NC_133185.1	+	44257123	44257157	35	igsf5a	561211	alt_5p	False	44257024	44257122	44257158	44257261	44257024	44257261	44257023	44257262	238	1	transcript/4464002
NC_133185.1:44421365-44421558:+	NC_133185.1	+	44421365	44421558	194	stt3a	266797	alt_5p	False	44419525	44421364	44421559	44421673	44419525	44421673	44419524	44421674	2149	1	transcript/1302661
NC_133185.1:46428521-46428639:+	NC_133185.1	+	46428521	46428639	119	anxa4	353362	alt_5p	False	46423044	46428520	46428640	46432113	46423044	46432113	46423043	46432114	9070	1	transcript/4613190
NC_133185.1:48013985-48014241:-	NC_133185.1	-	48013985	48014241	257	wdr45	393200	cassette	False	48013628	48013984	48014242	48016303	48013628	48016303	48013627	48016304	2676	3	transcript/3139238,transcript/3159622,transcript/3168244
NC_133185.1:49301704-49301827:+	NC_133185.1	+	49301704	49301827	124	cryba4	553178	alt_5p	False	49297510	49301703	49301828	49303844	49297510	49303844	49297509	49303845	6335	1	transcript/6275381
NC_133185.1:50042988-50043056:+	NC_133185.1	+	50042988	50043056	69	myo18b	100331349	cassette	True	50039859	50042987	50043057	50043350	50039859	50043350	50039858	50043351	3492	2	transcript/767555,transcript/832085
NC_133185.1:50163949-50165116:+	NC_133185.1	+	50163949	50165116	1168	nudcd3	406472	cassette	False	50163413	50163948	50165117	50168094	50163413	50168094	50163412	50168095	4682	1	transcript/1255485
NC_133185.1:50557273-50557382:+	NC_133185.1	+	50557273	50557382	110	denr	436970	cassette	False	50556926	50557272	50557383	50557803	50556926	50557803	50556925	50557804	878	2	transcript/4785896,transcript/4807479
NC_133185.1:50562000-50562679:+	NC_133185.1	+	50562000	50562679	680	denr	436970	cassette	True	50561279	50561999	50562680	50562756	50561279	50562756	50561278	50562757	1478	2	transcript/2910002,transcript/2944586
NC_133186.1:189098-189360:-	NC_133186.1	-	189098	189360	263	tegt	373123	cassette	True	188891	189097	189361	189435	188891	189435	188890	189436	545	2	transcript/3143744,transcript/3196817
NC_133186.1:189271-189360:-	NC_133186.1	-	189271	189360	90	tegt	373123	cassette	False	188891	189270	189361	189435	188891	189435	188890	189436	545	3	transcript/3605561,transcript/3634807,transcript/3730815
NC_133186.1:191317-191419:-	NC_133186.1	-	191317	191419	103	tegt	373123	alt_5p	False	191107	191316	191420	193511	191107	193511	191106	193512	2405	2	transcript/3902154,transcript/4036002
NC_133186.1:290817-292410:-	NC_133186.1	-	290817	292410	1594	poc1a	406322	alt_5p	False	290682	290816	292411	293707	290682	293707	290681	293708	3026	1	transcript/647521
NC_133186.1:353169-353360:+	NC_133186.1	+	353169	353360	192	mettl1	449779	cassette	False	352143	353168	353361	354065	352143	354065	352142	354066	1923	8	transcript/1007168,transcript/1292111,transcript/1300298,transcript/201190,transcript/4594416,transcript/4629447,transcript/4707505,transcript/4758235
NC_133186.1:353254-353360:+	NC_133186.1	+	353254	353360	107	mettl1	449779	cassette	False	352143	353253	353361	354065	352143	354065	352142	354066	1923	2	transcript/5004201,transcript/5114804
NC_133186.1:531461-531573:-	NC_133186.1	-	531461	531573	113	raf1b	557109	cassette	True	531358	531460	531574	532955	531358	532955	531357	532956	1598	3	transcript/3305490,transcript/3342265,transcript/3363152
NC_133186.1:1081450-1081567:-	NC_133186.1	-	1081450	1081567	118	slc6a1b	492490	alt_5p	False	1081320	1081449	1081568	1084993	1081320	1084993	1081319	1084994	3674	8	transcript/1603719,transcript/1619187,transcript/1619188,transcript/1768142,transcript/1774284,transcript/1812018,transcript/1920178,transcript/1925791
NC_133186.1:2609607-2609688:+	NC_133186.1	+	2609607	2609688	82	zgc:113184	553745	cassette	False	2609381	2609606	2609689	2611090	2609381	2611090	2609380	2611091	1710	1	transcript/3938664
NC_133186.1:2705486-2705610:+	NC_133186.1	+	2705486	2705610	125	hipk1b	572323	alt_5p	False	2702311	2705485	2705611	2706040	2702311	2706040	2702310	2706041	3730	1	transcript/270890
NC_133186.1:3452017-3452115:-	NC_133186.1	-	3452017	3452115	99	LOC141376510	141376510	cassette	True	3451828	3452016	3452116	3452686	3451828	3452686	3451827	3452687	859	1	transcript/2150100
NC_133186.1:3595898-3595938:+	NC_133186.1	+	3595898	3595938	41	pusl1	555828	cassette	True	3587119	3595897	3595939	3596156	3587119	3596156	3587118	3596157	9038	4	transcript/4580431,transcript/4582661,transcript/4673772,transcript/4721775
NC_133186.1:4058386-4058467:+	NC_133186.1	+	4058386	4058467	82	gnl3	321897	cassette	False	4055760	4058385	4058468	4058829	4055760	4058829	4055759	4058830	3070	3	transcript/2561410,transcript/2571407,transcript/2605725
NC_133186.1:5971143-5971214:+	NC_133186.1	+	5971143	5971214	72	ndufs7	796997	alt_5p	False	5970241	5971142	5971215	5971313	5970241	5971313	5970240	5971314	1073	2	transcript/5928463,transcript/5952821
NC_133186.1:5984484-5984562:-	NC_133186.1	-	5984484	5984562	79	gamt	796865	alt_5p	False	5983303	5984483	5984563	5986035	5983303	5986035	5983302	5986036	2733	1	transcript/5943371
NC_133186.1:5988027-5988365:-	NC_133186.1	-	5988027	5988365	339	gamt	796865	cassette	False	5986183	5988026	5988366	5992172	5986183	5992172	5986182	5992173	5990	4	transcript/4151509,transcript/4585535,transcript/4869981,transcript/4955256
NC_133186.1:6015247-6015404:+	NC_133186.1	+	6015247	6015404	158	dazap1	561459	alt_5p	False	6014823	6015246	6015405	6015845	6014823	6015845	6014822	6015846	1023	2	transcript/2880224,transcript/2919608
NC_133186.1:6207078-6207118:+	NC_133186.1	+	6207078	6207118	41	LOC141376513	141376513	cassette	False	6206415	6207077	6207119	6207805	6206415	6207805	6206414	6207806	1391	2	transcript/1036169,transcript/1411229
NC_133186.1:7159062-7159312:-	NC_133186.1	-	7159062	7159312	251	si:ch211-253b8.5	799859	cassette	False	7143300	7159061	7159313	7171589	7143300	7171589	7143299	7171590	28290	1	transcript/3947578
NC_133186.1:7770498-7770716:+	NC_133186.1	+	7770498	7770716	219	adgrl2a	57987	alt_5p	False	7717729	7770497	7770717	7782999	7717729	7782999	7717728	7783000	65271	1	transcript/86113
NC_133186.1:7783000-7783114:+	NC_133186.1	+	7783000	7783114	115	adgrl2a	57987	alt_5p	False	7770713	7782999	7783115	7794368	7770713	7794368	7770712	7794369	23656	14	transcript/62387,transcript/62769,transcript/62782,transcript/63541,transcript/63705,transcript/64476,transcript/66498,transcript/66684,transcript/67331,transcript/68022,transcript/70695,transcript/74916,transcript/75390,transcript/77401
NC_133186.1:8348028-8348165:-	NC_133186.1	-	8348028	8348165	138	uox	436604	cassette	False	8345646	8348027	8348166	8348412	8345646	8348412	8345645	8348413	2767	1	transcript/4929370
NC_133186.1:8348096-8348165:-	NC_133186.1	-	8348096	8348165	70	uox	436604	cassette	False	8345646	8348095	8348166	8348412	8345646	8348412	8345645	8348413	2767	1	transcript/5122397
NC_133186.1:11372406-11372573:+	NC_133186.1	+	11372406	11372573	168	itgb6	100499533	alt_5p	False	11368256	11372405	11372574	11375026	11368256	11375026	11368255	11375027	6771	3	transcript/1055450,transcript/902010,transcript/967576
NC_133186.1:11655014-11655162:+	NC_133186.1	+	11655014	11655162	149	ptp4a1	493615	alt_5p	True	11654901	11655013	11655163	11655288	11654901	11655288	11654900	11655289	388	1	transcript/4115377
NC_133186.1:12608486-12608543:-	NC_133186.1	-	12608486	12608543	58	npepps	407726	cassette	True	12606832	12608485	12608544	12608970	12606832	12608970	12606831	12608971	2139	3	transcript/318887,transcript/319223,transcript/334125
NC_133186.1:13230912-13231033:-	NC_133186.1	-	13230912	13231033	122	zrsr2	100005490	alt_5p	False	13230604	13230911	13231034	13232760	13230604	13232760	13230603	13232761	2157	2	transcript/829406,transcript/832215
NC_133186.1:13347772-13347971:+	NC_133186.1	+	13347772	13347971	200	zgpat	393457	alt_5p	False	13347575	13347771	13347972	13349602	13347575	13349602	13347574	13349603	2028	4	transcript/2953345,transcript/2956563,transcript/2990668,transcript/3048035
NC_133186.1:13706336-13706515:+	NC_133186.1	+	13706336	13706515	180	atp5f1b	554135	alt_5p	False	13706248	13706335	13706516	13706613	13706248	13706613	13706247	13706614	366	1	transcript/3003134
NC_133186.1:13707842-13708064:+	NC_133186.1	+	13707842	13708064	223	atp5f1b	554135	alt_5p	False	13706737	13707841	13708065	13708133	13706737	13708133	13706736	13708134	1397	2	transcript/2863452,transcript/3082077
NC_133186.1:14203679-14203822:+	NC_133186.1	+	14203679	14203822	144	wdr18	445819	cassette	False	14177888	14203678	14203823	14207162	14177888	14207162	14177887	14207163	29275	2	transcript/2929688,transcript/2930943
NC_133186.1:14820579-14820655:+	NC_133186.1	+	14820579	14820655	77	ptbp1b	321220	cassette	False	14819985	14820578	14820656	14821302	14819985	14821302	14819984	14821303	1318	4	transcript/552749,transcript/556499,transcript/563970,transcript/572617
NC_133186.1:14821771-14821826:+	NC_133186.1	+	14821771	14821826	56	ptbp1b	321220	cassette	False	14821335	14821770	14821827	14825118	14821335	14825118	14821334	14825119	3784	2	transcript/557727,transcript/569311
NC_133186.1:14823394-14823456:+	NC_133186.1	+	14823394	14823456	63	ptbp1b	321220	cassette	False	14821335	14823393	14823457	14825118	14821335	14825118	14821334	14825119	3784	28	transcript/1026096,transcript/1380120,transcript/498184,transcript/502892,transcript/533564,transcript/543188,transcript/551834,transcript/554331,transcript/555925,transcript/556287,transcript/557616,transcript/559194,transcript/560973,transcript/561445,transcript/566750,transcript/573577,transcript/586276,transcript/587936,transcript/700658,transcript/725596,transcript/755159,transcript/758056,transcript/825754,transcript/826464,transcript/852921,transcript/921995,transcript/948804,transcript/978110
NC_133186.1:14830547-14830653:+	NC_133186.1	+	14830547	14830653	107	ptbp1b	321220	cassette	False	14827674	14830546	14830654	14831147	14827674	14831147	14827673	14831148	3474	2	transcript/546177,transcript/563623
NC_133186.1:17341821-17341912:-	NC_133186.1	-	17341821	17341912	92	rpn2	335985	alt_5p	False	17322552	17341820	17341913	17342002	17322552	17342002	17322551	17342003	19451	1	transcript/1808709
NC_133186.1:18983691-18983857:-	NC_133186.1	-	18983691	18983857	167	suclg2	317746	alt_5p	False	18981822	18983690	18983858	18991562	18981822	18991562	18981821	18991563	9741	1	transcript/1899395
NC_133186.1:19937226-19937323:-	NC_133186.1	-	19937226	19937323	98	uba3	406776	alt_5p	False	19936864	19937225	19937324	19937457	19936864	19937457	19936863	19937458	594	5	transcript/2772744,transcript/2774601,transcript/2780189,transcript/2852056,transcript/2854241
NC_133186.1:20319723-20319874:+	NC_133186.1	+	20319723	20319874	152	tmcc1b	563581	cassette	True	20319013	20319722	20319875	20321583	20319013	20321583	20319012	20321584	2571	1	transcript/583157
NC_133186.1:20340824-20340862:+	NC_133186.1	+	20340824	20340862	39	LOC563780	563780	cassette	True	20338418	20340823	20340863	20348503	20338418	20348503	20338417	20348504	10086	4	transcript/2763620,transcript/2832464,transcript/2927660,transcript/3116632
NC_133186.1:21465345-21465489:+	NC_133186.1	+	21465345	21465489	145	prickle2b	368250	cassette	False	21371958	21465344	21465490	21535681	21371958	21535681	21371957	21535682	163724	1	transcript/516667
NC_133186.1:27170943-27171004:+	NC_133186.1	+	27170943	27171004	62	ndrg3a	30286	cassette	False	27168316	27170942	27171005	27173667	27168316	27173667	27168315	27173668	5352	1	transcript/2382527
NC_133186.1:27190972-27191082:+	NC_133186.1	+	27190972	27191082	111	ndrg3a	30286	alt_5p	False	27173702	27190971	27191083	27191168	27173702	27191168	27173701	27191169	17467	1	transcript/2512348
NC_133186.1:27201040-27201101:+	NC_133186.1	+	27201040	27201101	62	ndrg3a	30286	alt_5p	False	27199954	27201039	27201102	27201180	27199954	27201180	27199953	27201181	1227	1	transcript/2517959
NC_133186.1:27238928-27239061:+	NC_133186.1	+	27238928	27239061	134	trpc4apa	58090	alt_5p	False	27238822	27238927	27239062	27239982	27238822	27239982	27238821	27239983	1161	2	transcript/372168,transcript/810236
NC_133186.1:27242848-27242991:+	NC_133186.1	+	27242848	27242991	144	trpc4apa	58090	alt_5p	False	27242769	27242847	27242992	27243072	27242769	27243072	27242768	27243073	304	1	transcript/350037
NC_133186.1:27243073-27243147:+	NC_133186.1	+	27243073	27243147	75	trpc4apa	58090	alt_5p	True	27242981	27243072	27243148	27243223	27242981	27243223	27242980	27243224	243	2	transcript/342217,transcript/344022
NC_133186.1:27613013-27613118:+	NC_133186.1	+	27613013	27613118	106	cxxc1b	360150	alt_5p	False	27612923	27613012	27613119	27613211	27612923	27613211	27612922	27613212	289	1	transcript/2232153
NC_133186.1:28688712-28688735:+	NC_133186.1	+	28688712	28688735	24	map1lc3a	406466	cassette	True	28687676	28688711	28688736	28689322	28687676	28689322	28687675	28689323	1647	5	transcript/3815349,transcript/3825025,transcript/3825259,transcript/3877953,transcript/3996720
NC_133186.1:29592883-29593069:-	NC_133186.1	-	29592883	29593069	187	wnt7aa	565714	cassette	False	29591826	29592882	29593070	29595079	29591826	29595079	29591825	29595080	3254	2	transcript/511296,transcript/515980
NC_133186.1:30253981-30254071:-	NC_133186.1	-	30253981	30254071	91	lactbl1b	567200	cassette	False	30253138	30253980	30254072	30258773	30253138	30258773	30253137	30258774	5636	6	transcript/1270072,transcript/1389018,transcript/1430810,transcript/863748,transcript/864097,transcript/875506
NC_133186.1:32528879-32529070:+	NC_133186.1	+	32528879	32529070	192	si:dkey-163f14.6	100332398	cassette	True	32528343	32528878	32529071	32529189	32528343	32529189	32528342	32529190	847	1	transcript/785259
NC_133186.1:32597204-32597383:-	NC_133186.1	-	32597204	32597383	180	pecr	550422	alt_5p	False	32595262	32597203	32597384	32598328	32595262	32598328	32595261	32598329	3067	3	transcript/4433510,transcript/4441275,transcript/4568498
NC_133186.1:32598783-32598881:-	NC_133186.1	-	32598783	32598881	99	pecr	550422	cassette	False	32598464	32598782	32598882	32600826	32598464	32600826	32598463	32600827	2363	1	transcript/4454641
NC_133186.1:36334603-36334661:-	NC_133186.1	-	36334603	36334661	59	col6a1	569755	alt_5p	False	36334501	36334602	36334662	36335221	36334501	36335221	36334500	36335222	721	1	transcript/76525
NC_133186.1:38436982-38437149:-	NC_133186.1	-	38436982	38437149	168	brk1	415187	cassette	False	38436599	38436981	38437150	38440436	38436599	38440436	38436598	38440437	3838	1	transcript/4984387
NC_133186.1:38741408-38741471:-	NC_133186.1	-	38741408	38741471	64	psma5	403011	alt_5p	False	38740665	38741407	38741472	38741940	38740665	38741940	38740664	38741941	1276	1	transcript/5097107
NC_133186.1:40022838-40023068:+	NC_133186.1	+	40022838	40023068	231	sh2d5	541529	alt_5p	False	40022211	40022837	40023069	40023405	40022211	40023405	40022210	40023406	1195	3	transcript/1893601,transcript/2529274,transcript/3530255
NC_133186.1:40126037-40126192:+	NC_133186.1	+	40126037	40126192	156	snrpe	393979	alt_5p	True	40124676	40126036	40126193	40129430	40124676	40129430	40124675	40129431	4755	2	transcript/6618665,transcript/6625237
NC_133186.1:42911419-42911500:+	NC_133186.1	+	42911419	42911500	82	emp3a	796607	cassette	True	42911227	42911418	42911501	42911998	42911227	42911998	42911226	42911999	772	1	transcript/1145180
NC_133186.1:43786519-43786690:+	NC_133186.1	+	43786519	43786690	172	park7	449674	cassette	True	43784390	43786518	43786691	43789245	43784390	43789245	43784389	43789246	4856	1	transcript/5283969
NC_133186.1:43788494-43788658:+	NC_133186.1	+	43788494	43788658	165	park7	449674	cassette	True	43784390	43788493	43788659	43789245	43784390	43789245	43784389	43789246	4856	1	transcript/5302237
NC_133186.1:47091260-47091440:+	NC_133186.1	+	47091260	47091440	181	strn	791160	alt_5p	False	47091109	47091259	47091441	47091798	47091109	47091798	47091108	47091799	690	1	transcript/978850
NC_133186.1:47138756-47138906:-	NC_133186.1	-	47138756	47138906	151	eif4a3	394053	alt_5p	False	47138237	47138755	47138907	47139199	47138237	47139199	47138236	47139200	963	1	transcript/3265159
NC_133186.1:47520143-47520498:+	NC_133186.1	+	47520143	47520498	356	cp110	100329274	cassette	True	47518504	47520142	47520499	47521733	47518504	47521733	47518503	47521734	3230	2	transcript/838443,transcript/876699
NC_133186.1:47581141-47583047:+	NC_133186.1	+	47581141	47583047	1907	srsf11	321886	alt_5p	False	47578360	47581140	47583048	47583270	47578360	47583270	47578359	47583271	4911	14	transcript/339668,transcript/346326,transcript/348079,transcript/350451,transcript/351206,transcript/352663,transcript/356445,transcript/365342,transcript/366164,transcript/367166,transcript/367647,transcript/376696,transcript/398444,transcript/398673
NC_133186.1:47581860-47583047:+	NC_133186.1	+	47581860	47583047	1188	srsf11	321886	cassette	False	47581276	47581859	47583048	47583270	47581276	47583270	47581275	47583271	1995	7	transcript/632853,transcript/638569,transcript/638900,transcript/648071,transcript/652062,transcript/659048,transcript/675907
NC_133186.1:47582368-47583047:+	NC_133186.1	+	47582368	47583047	680	srsf11	321886	cassette	False	47581276	47582367	47583048	47583270	47581276	47583270	47581275	47583271	1995	7	transcript/1021737,transcript/1047638,transcript/1054935,transcript/1070578,transcript/1071611,transcript/1077053,transcript/1124034
NC_133186.1:47582926-47583047:+	NC_133186.1	+	47582926	47583047	122	srsf11	321886	cassette	False	47581276	47582925	47583048	47583270	47581276	47583270	47581275	47583271	1995	20	transcript/1782445,transcript/1783933,transcript/1837550,transcript/1846008,transcript/1852394,transcript/1879133,transcript/1882508,transcript/1884037,transcript/1885966,transcript/1893731,transcript/1897915,transcript/2000463,transcript/2344071,transcript/2368957,transcript/2373367,transcript/2392680,transcript/2399408,transcript/2404110,transcript/2413323,transcript/4272365
NC_133186.1:47587144-47587262:+	NC_133186.1	+	47587144	47587262	119	srsf11	321886	alt_5p	True	47586180	47587143	47587263	47587816	47586180	47587816	47586179	47587817	1637	1	transcript/2082102
NC_133186.1:47682869-47683290:+	NC_133186.1	+	47682869	47683290	422	srsf7b	572211	cassette	True	47679392	47682868	47683291	47684189	47679392	47684189	47679391	47684190	4798	15	transcript/3731607,transcript/3769526,transcript/3789666,transcript/3797963,transcript/3816321,transcript/3823191,transcript/3824461,transcript/3836113,transcript/3844649,transcript/3845494,transcript/3870839,transcript/3913659,transcript/3914008,transcript/3928148,transcript/4069536
NC_133187.1:4495610-4495733:-	NC_133187.1	-	4495610	4495733	124	si:ch211-180a12.2	100150385	cassette	True	4494711	4495609	4495734	4497127	4494711	4497127	4494710	4497128	2417	5	transcript/764288,transcript/773050,transcript/800818,transcript/806816,transcript/833836
NC_133187.1:5723185-5723236:-	NC_133187.1	-	5723185	5723236	52	fra10ac1	449836	cassette	False	5722591	5723184	5723237	5724357	5722591	5724357	5722590	5724358	1767	2	transcript/3849802,transcript/4198787
NC_133187.1:5724565-5724652:-	NC_133187.1	-	5724565	5724652	88	fra10ac1	449836	alt_5p	False	5724469	5724564	5724653	5724736	5724469	5724736	5724468	5724737	268	4	transcript/3770678,transcript/3858910,transcript/3893249,transcript/4159311
NC_133187.1:5725531-5725680:-	NC_133187.1	-	5725531	5725680	150	fra10ac1	449836	cassette	False	5724831	5725530	5725681	5727506	5724831	5727506	5724830	5727507	2676	3	transcript/3598246,transcript/3770064,transcript/3889581
NC_133187.1:9415920-9416038:+	NC_133187.1	+	9415920	9416038	119	reep3b	393130	alt_5p	False	9413596	9415919	9416039	9420948	9413596	9420948	9413595	9420949	7353	2	transcript/2825473,transcript/3029254
NC_133187.1:9417937-9418047:+	NC_133187.1	+	9417937	9418047	111	reep3b	393130	cassette	True	9416035	9417936	9418048	9420948	9416035	9420948	9416034	9420949	4914	1	transcript/2589736
NC_133187.1:9864947-9865012:+	NC_133187.1	+	9864947	9865012	66	taco1	570857	cassette	True	9864360	9864946	9865013	9866091	9864360	9866091	9864359	9866092	1732	4	transcript/3965138,transcript/3965900,transcript/4011022,transcript/4068085
NC_133187.1:10707039-10707080:+	NC_133187.1	+	10707039	10707080	42	smarcd2	564317	cassette	False	10702043	10707038	10707081	10707328	10702043	10707328	10702042	10707329	5286	3	transcript/853047,transcript/857674,transcript/894557
NC_133187.1:10707039-10707089:+	NC_133187.1	+	10707039	10707089	51	smarcd2	564317	cassette	True	10702043	10707038	10707090	10707328	10702043	10707328	10702042	10707329	5286	7	transcript/850149,transcript/850279,transcript/879094,transcript/887073,transcript/890247,transcript/925106,transcript/942612
NC_133187.1:10720241-10720476:+	NC_133187.1	+	10720241	10720476	236	psmc5	445285	alt_5p	False	10718227	10720240	10720477	10720579	10718227	10720579	10718226	10720580	2353	11	transcript/4040729,transcript/4046001,transcript/4046273,transcript/4059459,transcript/4081539,transcript/4085148,transcript/4089662,transcript/4163895,transcript/4239754,transcript/4247585,transcript/4251804
NC_133187.1:10931197-10931302:-	NC_133187.1	-	10931197	10931302	106	mki67	564521	alt_5p	False	10929037	10931196	10931303	10931846	10929037	10931846	10929036	10931847	2810	2	transcript/85151,transcript/89300
NC_133187.1:10982386-10982447:-	NC_133187.1	-	10982386	10982447	62	uqcrc2b	322549	alt_5p	False	10982302	10982385	10982448	10985524	10982302	10985524	10982301	10985525	3223	1	transcript/3162419
NC_133187.1:10983417-10983568:-	NC_133187.1	-	10983417	10983568	152	uqcrc2b	322549	cassette	False	10982448	10983416	10983569	10985524	10982448	10985524	10982447	10985525	3077	1	transcript/2838981
NC_133187.1:11243669-11243717:-	NC_133187.1	-	11243669	11243717	49	samd14	100537418	cassette	False	11242441	11243668	11243718	11246398	11242441	11246398	11242440	11246399	3958	2	transcript/3668623,transcript/3678163
NC_133187.1:11832950-11833091:-	NC_133187.1	-	11832950	11833091	142	get4	796309	cassette	True	11819729	11832949	11833092	11849313	11819729	11849313	11819728	11849314	29585	1	transcript/2602913
NC_133187.1:11853582-11853700:-	NC_133187.1	-	11853582	11853700	119	get4	796309	cassette	False	11853515	11853581	11853701	11854679	11853515	11854679	11853514	11854680	1165	1	transcript/2691902
NC_133187.1:11910484-11910524:+	NC_133187.1	+	11910484	11910524	41	si:rp71-19m20.1	570641	cassette	False	11907473	11910483	11910525	11911112	11907473	11911112	11907472	11911113	3640	6	transcript/1632461,transcript/1729766,transcript/2267795,transcript/2372407,transcript/2398618,transcript/2416709
NC_133187.1:11910487-11910524:+	NC_133187.1	+	11910487	11910524	38	si:rp71-19m20.1	570641	cassette	False	11907473	11910486	11910525	11911112	11907473	11911112	11907472	11911113	3640	6	transcript/2062728,transcript/2172086,transcript/2290885,transcript/2294433,transcript/2321469,transcript/2392259
NC_133187.1:12051976-12052149:-	NC_133187.1	-	12051976	12052149	174	plekha1b	100537419	cassette	True	12051861	12051975	12052150	12067580	12051861	12067580	12051860	12067581	15720	2	transcript/1122122,transcript/1179575
NC_133187.1:13772981-13773083:-	NC_133187.1	-	13772981	13773083	103	pelo	394111	alt_5p	False	13772239	13772980	13773084	13773936	13772239	13773936	13772238	13773937	1698	4	transcript/2379310,transcript/3825751,transcript/3890782,transcript/3948875
NC_133187.1:14793122-14793164:+	NC_133187.1	+	14793122	14793164	43	mto1	100009640	cassette	False	14787180	14793121	14793165	14793264	14787180	14793264	14787179	14793265	6085	3	transcript/1424506,transcript/1623497,transcript/1633693
NC_133187.1:17002853-17002938:+	NC_133187.1	+	17002853	17002938	86	plxdc1	100286775	cassette	False	17002787	17002852	17002939	17010247	17002787	17010247	17002786	17010248	7461	2	transcript/2368742,transcript/2575609
NC_133187.1:17002856-17002938:+	NC_133187.1	+	17002856	17002938	83	plxdc1	100286775	cassette	False	17002787	17002855	17002939	17010247	17002787	17010247	17002786	17010248	7461	2	transcript/2475838,transcript/2492297
NC_133187.1:19181364-19181446:-	NC_133187.1	-	19181364	19181446	83	usp42	327528	cassette	False	19180097	19181363	19181447	19181836	19180097	19181836	19180096	19181837	1740	2	transcript/130417,transcript/140873
NC_133187.1:19181833-19182088:-	NC_133187.1	-	19181833	19182088	256	usp42	327528	alt_5p	False	19180097	19181832	19182089	19185173	19180097	19185173	19180096	19185174	5077	1	transcript/144728
NC_133187.1:19291101-19291167:-	NC_133187.1	-	19291101	19291167	67	ccz1	393103	alt_5p	False	19290457	19291100	19291168	19295940	19290457	19295940	19290456	19295941	5484	1	transcript/2387258
NC_133187.1:19298286-19298344:-	NC_133187.1	-	19298286	19298344	59	ccz1	393103	cassette	False	19296024	19298285	19298345	19300565	19296024	19300565	19296023	19300566	4542	3	transcript/2275843,transcript/2292626,transcript/2392807
NC_133187.1:19319251-19319321:-	NC_133187.1	-	19319251	19319321	71	pvalb9	360209	alt_5p	False	19319125	19319250	19319322	19319678	19319125	19319678	19319124	19319679	554	1	transcript/6638212
NC_133187.1:19477999-19478185:-	NC_133187.1	-	19477999	19478185	187	baiap2l1a	387261	cassette	False	19468037	19477998	19478186	19481572	19468037	19481572	19468036	19481573	13536	2	transcript/1296167,transcript/1302005
NC_133187.1:20019288-20019344:-	NC_133187.1	-	20019288	20019344	57	tom1l2b	560327	alt_5p	False	20016105	20019287	20019345	20020645	20016105	20020645	20016104	20020646	4541	9	transcript/1565714,transcript/1607153,transcript/1681484,transcript/192900,transcript/2042427,transcript/2505184,transcript/2668867,transcript/413601,transcript/963924
NC_133187.1:20034766-20034881:-	NC_133187.1	-	20034766	20034881	116	atpaf2	560253	alt_5p	False	20034695	20034765	20034882	20036821	20034695	20036821	20034694	20036822	2127	3	transcript/3967132,transcript/4108111,transcript/4121551
NC_133187.1:20336102-20336179:+	NC_133187.1	+	20336102	20336179	78	rgs9b	793087	alt_5p	False	20335272	20336101	20336180	20336539	20335272	20336539	20335271	20336540	1268	1	transcript/1608992
NC_133187.1:20794366-20794397:+	NC_133187.1	+	20794366	20794397	32	phf5a	286774	cassette	False	20794033	20794365	20794398	20794538	20794033	20794538	20794032	20794539	506	3	transcript/6670680,transcript/6715443,transcript/6729686
NC_133187.1:21016880-21017001:+	NC_133187.1	+	21016880	21017001	122	tomm22	321232	alt_5p	False	21015262	21016879	21017002	21017097	21015262	21017097	21015261	21017098	1836	3	transcript/4429955,transcript/4546261,transcript/4547616
NC_133187.1:21016880-21017010:+	NC_133187.1	+	21016880	21017010	131	tomm22	321232	alt_5p	False	21015262	21016879	21017011	21017097	21015262	21017097	21015261	21017098	1836	3	transcript/4506263,transcript/4557276,transcript/4618798
NC_133187.1:21807964-21808057:+	NC_133187.1	+	21807964	21808057	94	mgrn1a	793939	alt_5p	False	21807453	21807963	21808058	21809888	21807453	21809888	21807452	21809889	2436	2	transcript/803398,transcript/846925
NC_133187.1:25363661-25363836:-	NC_133187.1	-	25363661	25363836	176	map3k8	563727	alt_5p	False	25361413	25363660	25363837	25364350	25361413	25364350	25361412	25364351	2938	1	transcript/2107272
NC_133187.1:25813133-25813223:+	NC_133187.1	+	25813133	25813223	91	asb3	334210	cassette	True	25813036	25813132	25813224	25815867	25813036	25815867	25813035	25815868	2832	1	transcript/2512650
NC_133187.1:26687078-26687148:-	NC_133187.1	-	26687078	26687148	71	fbxo11b	567742	cassette	False	26686618	26687077	26687149	26688562	26686618	26688562	26686617	26688563	1945	3	transcript/2282798,transcript/233617,transcript/524565
NC_133187.1:27660206-27660436:+	NC_133187.1	+	27660206	27660436	231	glud1b	373092	cassette	False	27659413	27660205	27660437	27660921	27659413	27660921	27659412	27660922	1509	3	transcript/1129740,transcript/1159512,transcript/1176848
NC_133187.1:27670175-27670304:+	NC_133187.1	+	27670175	27670304	130	glud1b	373092	cassette	True	27666106	27670174	27670305	27671873	27666106	27671873	27666105	27671874	5768	2	transcript/1222848,transcript/1257307
NC_133187.1:28187518-28187608:-	NC_133187.1	-	28187518	28187608	91	myoz1b	436720	alt_5p	False	28187443	28187517	28187609	28189458	28187443	28189458	28187442	28189459	2016	1	transcript/4421797
NC_133187.1:29050251-29050336:+	NC_133187.1	+	29050251	29050336	86	tmem106a	407612	cassette	False	29049180	29050250	29050337	29050591	29049180	29050591	29049179	29050592	1412	1	transcript/3934974
NC_133187.1:30236994-30237081:-	NC_133187.1	-	30236994	30237081	88	psmd11b	322265	cassette	False	30233700	30236993	30237082	30237158	30233700	30237158	30233699	30237159	3459	4	transcript/1316600,transcript/1323800,transcript/1332500,transcript/1369227
NC_133187.1:30612829-30612912:-	NC_133187.1	-	30612829	30612912	84	osbpl7	449656	alt_5p	False	30612737	30612828	30612913	30613005	30612737	30613005	30612736	30613006	269	1	transcript/485437
NC_133187.1:30619837-30619875:-	NC_133187.1	-	30619837	30619875	39	osbpl7	449656	cassette	False	30619671	30619836	30619876	30619955	30619671	30619955	30619670	30619956	285	15	transcript/397087,transcript/397359,transcript/398793,transcript/405949,transcript/408863,transcript/437104,transcript/440608,transcript/445993,transcript/452283,transcript/456966,transcript/470790,transcript/507621,transcript/513459,transcript/517360,transcript/518601
NC_133187.1:30619929-30620043:-	NC_133187.1	-	30619929	30620043	115	osbpl7	449656	alt_5p	False	30619693	30619928	30620044	30621972	30619693	30621972	30619692	30621973	2280	1	transcript/509600
NC_133187.1:30623453-30623511:-	NC_133187.1	-	30623453	30623511	59	osbpl7	449656	alt_5p	False	30623385	30623452	30623512	30623590	30623385	30623590	30623384	30623591	206	1	transcript/618462
NC_133187.1:30632978-30633107:+	NC_133187.1	+	30632978	30633107	130	pnpo	402868	alt_5p	False	30631897	30632977	30633108	30633541	30631897	30633541	30631896	30633542	1645	1	transcript/5026393
NC_133187.1:30713254-30713433:-	NC_133187.1	-	30713254	30713433	180	cbx1b	415180	alt_5p	True	30713185	30713253	30713434	30716006	30713185	30716006	30713184	30716007	2822	1	transcript/3997418
NC_133187.1:32433438-32433531:-	NC_133187.1	-	32433438	32433531	94	plekhs1.3	557029	alt_5p	True	32433353	32433437	32433532	32433631	32433353	32433631	32433352	32433632	279	1	transcript/2067804
NC_133187.1:33415607-33415725:+	NC_133187.1	+	33415607	33415725	119	gpam	100332911	alt_5p	False	33413185	33415606	33415726	33415829	33413185	33415829	33413184	33415830	2645	2	transcript/747697,transcript/751729
NC_133187.1:33517248-33517429:+	NC_133187.1	+	33517248	33517429	182	cpn1	337172	cassette	False	33514518	33517247	33517430	33517531	33514518	33517531	33514517	33517532	3014	1	transcript/2416541
NC_133187.1:33517532-33517717:+	NC_133187.1	+	33517532	33517717	186	cpn1	337172	alt_5p	False	33514518	33517531	33517718	33519569	33514518	33519569	33514517	33519570	5052	4	transcript/2751146,transcript/2798418,transcript/2803094,transcript/2819069
NC_133187.1:36342203-36342317:-	NC_133187.1	-	36342203	36342317	115	birc5a	373110	alt_5p	False	36342040	36342202	36342318	36342397	36342040	36342397	36342039	36342398	358	1	transcript/6357766
NC_133187.1:36681438-36681563:+	NC_133187.1	+	36681438	36681563	126	slc38a10	561739	cassette	False	36680003	36681437	36681564	36684196	36680003	36684196	36680002	36684197	4194	1	transcript/919815
NC_133187.1:37011370-37011420:-	NC_133187.1	-	37011370	37011420	51	syt15	798021	cassette	False	37011268	37011369	37011421	37013332	37011268	37013332	37011267	37013333	2065	2	transcript/2517742,transcript/2548631
NC_133187.1:37342789-37342848:-	NC_133187.1	-	37342789	37342848	60	camk2g1	791855	alt_5p	False	37336648	37342788	37342849	37355288	37336648	37355288	37336647	37355289	18641	1	transcript/265595
NC_133187.1:37559203-37559298:+	NC_133187.1	+	37559203	37559298	96	baiap2b	100537012	alt_5p	False	37556090	37559202	37559299	37578251	37556090	37578251	37556089	37578252	22162	24	transcript/101511,transcript/107500,transcript/107548,transcript/113132,transcript/131360,transcript/132741,transcript/186352,transcript/2113342,transcript/2216692,transcript/2221770,transcript/223330,transcript/2264150,transcript/2325502,transcript/2342233,transcript/2347505,transcript/2365629,transcript/2424101,transcript/2499049,transcript/2581013,transcript/2609509,transcript/2687947,transcript/2718597,transcript/528856,transcript/533535
NC_133187.1:37803770-37803901:-	NC_133187.1	-	37803770	37803901	132	cep131	563066	cassette	False	37803669	37803769	37803902	37804148	37803669	37804148	37803668	37804149	480	1	transcript/4538704
NC_133187.1:43494715-43494907:+	NC_133187.1	+	43494715	43494907	193	epc1a	566686	alt_5p	True	43494197	43494714	43494908	43496888	43494197	43496888	43494196	43496889	2692	5	transcript/319253,transcript/324322,transcript/328287,transcript/341849,transcript/985022
NC_133187.1:46027789-46027823:-	NC_133187.1	-	46027789	46027823	35	LOC141376872	141376872	alt_5p	False	45897234	46027788	46027824	46030516	45897234	46030516	45897233	46030517	133283	1	transcript/2742846
NC_133187.1:47414821-47414975:+	NC_133187.1	+	47414821	47414975	155	dhx32a	100006246	cassette	True	47412787	47414820	47414976	47416378	47412787	47416378	47412786	47416379	3592	2	transcript/1124523,transcript/1263971
NC_133187.1:50814388-50814572:-	NC_133187.1	-	50814388	50814572	185	ndufb8	393829	cassette	True	50813770	50814387	50814573	50818170	50813770	50818170	50813769	50818171	4401	2	transcript/5983110,transcript/6042609
NC_133187.1:50814388-50814577:-	NC_133187.1	-	50814388	50814577	190	ndufb8	393829	cassette	True	50813770	50814387	50814578	50818170	50813770	50818170	50813769	50818171	4401	21	transcript/4584236,transcript/4683933,transcript/4702985,transcript/5931537,transcript/5936894,transcript/5949637,transcript/5951463,transcript/5952741,transcript/5954654,transcript/5959236,transcript/5959827,transcript/5961956,transcript/5963664,transcript/5966501,transcript/5975746,transcript/5976483,transcript/5987414,transcript/6008968,transcript/6017536,transcript/6024034,transcript/6029235
NC_133187.1:51130323-51130349:-	NC_133187.1	-	51130323	51130349	27	uros	404731	cassette	False	51128198	51130322	51130350	51130513	51128198	51130513	51128197	51130514	2316	7	transcript/2458699,transcript/2483893,transcript/2496468,transcript/2499389,transcript/2508847,transcript/2619077,transcript/2652959
NC_133187.1:51153880-51153990:+	NC_133187.1	+	51153880	51153990	111	zgc:86738	415231	cassette	False	51153779	51153879	51153991	51154734	51153779	51154734	51153778	51154735	956	3	transcript/2546828,transcript/2547500,transcript/2554222
NC_133188.1:168410-168512:-	NC_133188.1	-	168410	168512	103	slc30a6	402949	cassette	False	168178	168409	168513	168810	168178	168810	168177	168811	633	1	transcript/2537049
NC_133188.1:314122-314246:+	NC_133188.1	+	314122	314246	125	vit	497398	alt_5p	False	314033	314121	314247	315422	314033	315422	314032	315423	1390	3	transcript/1313971,transcript/1365494,transcript/1375499
NC_133188.1:1034577-1034665:-	NC_133188.1	-	1034577	1034665	89	nrxn1b	555686	alt_5p	False	1033181	1034576	1034666	1035256	1033181	1035256	1033180	1035257	2076	1	transcript/5354423
NC_133188.1:2350493-2350559:-	NC_133188.1	-	2350493	2350559	67	fbxo9	325469	cassette	False	2347347	2350492	2350560	2350738	2347347	2350738	2347346	2350739	3392	2	transcript/2008343,transcript/2010116
NC_133188.1:2350735-2350814:-	NC_133188.1	-	2350735	2350814	80	fbxo9	325469	alt_5p	False	2347347	2350734	2350815	2351335	2347347	2351335	2347346	2351336	3989	1	transcript/2052348
NC_133188.1:2428643-2429271:-	NC_133188.1	-	2428643	2429271	629	fbxo9	325469	cassette	True	2427594	2428642	2429272	2430014	2427594	2430014	2427593	2430015	2421	1	transcript/4883523
NC_133188.1:3878519-3878618:+	NC_133188.1	+	3878519	3878618	100	yipf3	334511	cassette	True	3878249	3878518	3878619	3879181	3878249	3879181	3878248	3879182	933	1	transcript/2022764
NC_133188.1:4980110-4981071:+	NC_133188.1	+	4980110	4981071	962	psap	140811	alt_5p	True	4976524	4980109	4981072	4981217	4976524	4981217	4976523	4981218	4694	1	transcript/686294
NC_133188.1:5006837-5007047:-	NC_133188.1	-	5006837	5007047	211	meis1b	170446	alt_5p	False	5002575	5006836	5007048	5008278	5002575	5008278	5002574	5008279	5704	2	transcript/1823950,transcript/1980314
NC_133188.1:5507389-5507500:-	NC_133188.1	-	5507389	5507500	112	meis1b	170446	cassette	True	5502833	5507388	5507501	5508001	5502833	5508001	5502832	5508002	5169	2	transcript/1458330,transcript/1460151
NC_133188.1:5507406-5508092:-	NC_133188.1	-	5507406	5508092	687	meis1b	170446	alt_5p	True	5502833	5507405	5508093	5508981	5502833	5508981	5502832	5508982	6149	4	transcript/1020697,transcript/1113235,transcript/918134,transcript/996293
NC_133188.1:5514929-5514977:-	NC_133188.1	-	5514929	5514977	49	meis1b	170446	cassette	True	5509042	5514928	5514978	5523685	5509042	5523685	5509041	5523686	14644	3	transcript/1356562,transcript/1396201,transcript/1480762
NC_133188.1:6125492-6125649:+	NC_133188.1	+	6125492	6125649	158	LOC141377107	141377107	cassette	True	6122014	6125491	6125650	6125774	6122014	6125774	6122013	6125775	3761	1	transcript/1301049
NC_133188.1:6125495-6125649:+	NC_133188.1	+	6125495	6125649	155	LOC141377107	141377107	cassette	True	6122014	6125494	6125650	6125774	6122014	6125774	6122013	6125775	3761	1	transcript/937824
NC_133188.1:6258807-6258947:+	NC_133188.1	+	6258807	6258947	141	apmap	266637	alt_5p	False	6256447	6258806	6258948	6263818	6256447	6263818	6256446	6263819	7372	6	transcript/1816002,transcript/1852171,transcript/1865215,transcript/2231575,transcript/2345154,transcript/2386157
NC_133188.1:8108240-8108355:-	NC_133188.1	-	8108240	8108355	116	macroh2a2	558711	alt_5p	False	8107114	8108239	8108356	8108440	8107114	8108440	8107113	8108441	1327	2	transcript/2812462,transcript/2981198
NC_133188.1:8497900-8497996:+	NC_133188.1	+	8497900	8497996	97	prkg2l	556339	alt_5p	True	8496337	8497899	8497997	8499705	8496337	8499705	8496336	8499706	3369	1	transcript/1302128
NC_133188.1:9722928-9722965:-	NC_133188.1	-	9722928	9722965	38	LOC100149563	100149563	cassette	False	9721905	9722927	9722966	9725656	9721905	9725656	9721904	9725657	3752	5	transcript/2383135,transcript/2455066,transcript/2492405,transcript/2597583,transcript/2677822
NC_133188.1:10042835-10043024:+	NC_133188.1	+	10042835	10043024	190	slf2	100320914	cassette	False	10039291	10042834	10043025	10046227	10039291	10046227	10039290	10046228	6937	3	transcript/176428,transcript/177175,transcript/183909
NC_133188.1:10271520-10271666:+	NC_133188.1	+	10271520	10271666	147	prdx3	373079	alt_5p	False	10271434	10271519	10271667	10274854	10271434	10274854	10271433	10274855	3421	2	transcript/5632527,transcript/5637112
NC_133188.1:12179959-12180103:-	NC_133188.1	-	12179959	12180103	145	ube2d3	321832	cassette	False	12179056	12179958	12180104	12183783	12179056	12183783	12179055	12183784	4728	2	transcript/4053127,transcript/4337107
NC_133188.1:12181028-12181082:-	NC_133188.1	-	12181028	12181082	55	ube2d3	321832	cassette	False	12179056	12181027	12181083	12183783	12179056	12183783	12179055	12183784	4728	3	transcript/4290979,transcript/4394967,transcript/4878261
NC_133188.1:12183548-12183600:-	NC_133188.1	-	12183548	12183600	53	ube2d3	321832	cassette	False	12179056	12183547	12183601	12183783	12179056	12183783	12179055	12183784	4728	3	transcript/4294578,transcript/4356022,transcript/4806039
NC_133188.1:12900150-12900263:-	NC_133188.1	-	12900150	12900263	114	lamtor3	553597	cassette	True	12899420	12900149	12900264	12902200	12899420	12902200	12899419	12902201	2781	2	transcript/5877331,transcript/5910344
NC_133188.1:13079188-13079222:+	NC_133188.1	+	13079188	13079222	35	eif4eb	493617	cassette	False	13076797	13079187	13079223	13079399	13076797	13079399	13076796	13079400	2603	4	transcript/3543857,transcript/3589478,transcript/3599889,transcript/4203015
NC_133188.1:13079400-13079527:+	NC_133188.1	+	13079400	13079527	128	eif4eb	493617	alt_5p	False	13076797	13079399	13079528	13079619	13076797	13079619	13076796	13079620	2823	4	transcript/3636239,transcript/3662180,transcript/4258846,transcript/4279325
NC_133188.1:18255570-18255644:+	NC_133188.1	+	18255570	18255644	75	mocos	100331902	cassette	True	18251032	18255569	18255645	18257196	18251032	18257196	18251031	18257197	6165	1	transcript/287101
NC_133188.1:18302695-18302795:+	NC_133188.1	+	18302695	18302795	101	anxa11a	368215	alt_5p	False	18295034	18302694	18302796	18304649	18295034	18304649	18295033	18304650	9616	3	transcript/2903437,transcript/3152683,transcript/3181075
NC_133188.1:20431387-20431493:+	NC_133188.1	+	20431387	20431493	107	stox1	568146	cassette	False	20431139	20431386	20431494	20457650	20431139	20457650	20431138	20457651	26512	4	transcript/471998,transcript/487851,transcript/597162,transcript/611335
NC_133188.1:20506581-20506809:+	NC_133188.1	+	20506581	20506809	229	zgc:154058	795538	alt_5p	False	20506294	20506580	20506810	20517263	20506294	20517263	20506293	20517264	10970	4	transcript/1156559,transcript/143604,transcript/1908195,transcript/2842058
NC_133188.1:20595363-20595514:-	NC_133188.1	-	20595363	20595514	152	mat1a	334195	alt_5p	False	20594608	20595362	20595515	20595597	20594608	20595597	20594607	20595598	990	1	transcript/1454100
NC_133188.1:22414052-22414265:+	NC_133188.1	+	22414052	22414265	214	eif3s10	327515	alt_5p	False	22413770	22414051	22414266	22415005	22413770	22415005	22413769	22415006	1236	1	transcript/212598
NC_133188.1:23668986-23669160:-	NC_133188.1	-	23668986	23669160	175	ccdc172	793687	cassette	False	23667702	23668985	23669161	23672010	23667702	23672010	23667701	23672011	4309	1	transcript/3680021
NC_133188.1:24929348-24929672:+	NC_133188.1	+	24929348	24929672	325	chchd1	557606	cassette	False	24927829	24929347	24929673	24929921	24927829	24929921	24927828	24929922	2093	8	transcript/1674301,transcript/3030219,transcript/3062102,transcript/3094024,transcript/3144452,transcript/5117657,transcript/5153550,transcript/5215532
NC_133188.1:24929348-24929725:+	NC_133188.1	+	24929348	24929725	378	chchd1	557606	cassette	True	24927829	24929347	24929726	24929921	24927829	24929921	24927828	24929922	2093	3	transcript/4914107,transcript/4975382,transcript/4978075
NC_133188.1:26027038-26027140:-	NC_133188.1	-	26027038	26027140	103	pbld2	550596	alt_5p	False	26026961	26027037	26027141	26027231	26026961	26027231	26026960	26027232	271	1	transcript/5348727
NC_133188.1:26092147-26092307:-	NC_133188.1	-	26092147	26092307	161	tspan15	100000710	cassette	True	26091602	26092146	26092308	26096853	26091602	26096853	26091601	26096854	5252	1	transcript/5183628
NC_133188.1:26552143-26552240:+	NC_133188.1	+	26552143	26552240	98	khdrbs2	768147	alt_5p	True	26547635	26552142	26552241	26554061	26547635	26554061	26547634	26554062	6427	24	transcript/1802262,transcript/1822154,transcript/2006689,transcript/2325785,transcript/2462341,transcript/2531680,transcript/2586572,transcript/2633000,transcript/2656853,transcript/2680475,transcript/2699013,transcript/2797635,transcript/2954299,transcript/3027014,transcript/3047221,transcript/3082704,transcript/3121609,transcript/344648,transcript/351538,transcript/354453,transcript/3570513,transcript/389033,transcript/416622,transcript/715203
NC_133188.1:27177633-27177690:+	NC_133188.1	+	27177633	27177690	58	agt	322485	cassette	True	27177158	27177632	27177691	27179597	27177158	27179597	27177157	27179598	2440	5	transcript/2827604,transcript/2994029,transcript/3029377,transcript/3176519,transcript/3440734
NC_133188.1:27177804-27177984:+	NC_133188.1	+	27177804	27177984	181	agt	322485	cassette	True	27177158	27177803	27177985	27179597	27177158	27179597	27177157	27179598	2440	6	transcript/1553123,transcript/2558353,transcript/2560556,transcript/2685201,transcript/2727217,transcript/2914813
NC_133188.1:27604916-27605252:-	NC_133188.1	-	27604916	27605252	337	tbp	368882	alt_5p	False	27604801	27604915	27605253	27612817	27604801	27612817	27604800	27612818	8017	1	transcript/3092354
NC_133188.1:27796443-27796643:+	NC_133188.1	+	27796443	27796643	201	echs1	368912	alt_5p	False	27795278	27796442	27796644	27796721	27795278	27796721	27795277	27796722	1444	1	transcript/4927146
NC_133188.1:28328471-28328571:-	NC_133188.1	-	28328471	28328571	101	adka	368220	cassette	False	28289218	28328470	28328572	28362488	28289218	28362488	28289217	28362489	73271	1	transcript/1567763
NC_133188.1:28328476-28328571:-	NC_133188.1	-	28328476	28328571	96	adka	368220	cassette	False	28289218	28328475	28328572	28362488	28289218	28362488	28289217	28362489	73271	1	transcript/1575564
NC_133188.1:28695998-28696066:-	NC_133188.1	-	28695998	28696066	69	tial1	394107	cassette	False	28695573	28695997	28696067	28696843	28695573	28696843	28695572	28696844	1271	2	transcript/1616756,transcript/1622468
NC_133188.1:28696276-28696346:-	NC_133188.1	-	28696276	28696346	71	tial1	394107	cassette	False	28695573	28696275	28696347	28696843	28695573	28696843	28695572	28696844	1271	8	transcript/1517667,transcript/1555955,transcript/1574841,transcript/1580356,transcript/1596250,transcript/1622420,transcript/1648819,transcript/1729607
NC_133188.1:28987339-28987515:-	NC_133188.1	-	28987339	28987515	177	pdlim1	550568	cassette	False	28985410	28987338	28987516	28988089	28985410	28988089	28985409	28988090	2680	11	transcript/2232525,transcript/2238159,transcript/2388682,transcript/2406753,transcript/3099011,transcript/3114220,transcript/3279240,transcript/3308010,transcript/3328871,transcript/3337684,transcript/3460976
NC_133188.1:28987438-28987515:-	NC_133188.1	-	28987438	28987515	78	pdlim1	550568	cassette	False	28985410	28987437	28987516	28988089	28985410	28988089	28985409	28988090	2680	3	transcript/3338639,transcript/3362209,transcript/3585912
NC_133188.1:29037336-29037376:-	NC_133188.1	-	29037336	29037376	41	pdlim1	550568	alt_5p	False	29036648	29037335	29037377	29038042	29036648	29038042	29036647	29038043	1395	1	transcript/1353230
NC_133188.1:29047702-29047871:-	NC_133188.1	-	29047702	29047871	170	pdlim1	550568	alt_5p	True	29045760	29047701	29047872	29047970	29045760	29047970	29045759	29047971	2211	1	transcript/650163
NC_133188.1:30261029-30262495:-	NC_133188.1	-	30261029	30262495	1467	ccdc85a	100141348	alt_5p	True	30227846	30261028	30262496	30263206	30227846	30263206	30227845	30263207	35361	12	transcript/1394627,transcript/1481079,transcript/1516023,transcript/1518660,transcript/1524729,transcript/1551751,transcript/1609020,transcript/1646884,transcript/1733268,transcript/1868027,transcript/2086479,transcript/2122172
NC_133188.1:31002905-31003052:+	NC_133188.1	+	31002905	31003052	148	asrgl1	541402	alt_5p	False	31000772	31002904	31003053	31003805	31000772	31003805	31000771	31003806	3034	2	transcript/3235325,transcript/3453364
NC_133188.1:32803121-32803271:-	NC_133188.1	-	32803121	32803271	151	LOC141377197	141377197	alt_5p	True	32801346	32803120	32803272	32803845	32801346	32803845	32801345	32803846	2500	1	transcript/582398
NC_133188.1:37140094-37140229:+	NC_133188.1	+	37140094	37140229	136	ephx5	322331	alt_5p	True	37140004	37140093	37140230	37140812	37140004	37140812	37140003	37140813	809	23	transcript/2039383,transcript/2135225,transcript/2179622,transcript/2282264,transcript/2358039,transcript/2431807,transcript/2457359,transcript/2531128,transcript/2598384,transcript/2601420,transcript/2610659,transcript/2682579,transcript/2703444,transcript/2803415,transcript/2932099,transcript/3014295,transcript/3033788,transcript/3199202,transcript/3200089,transcript/3226918,transcript/3284603,transcript/3300277,transcript/3482139
NC_133188.1:38879286-38879395:-	NC_133188.1	-	38879286	38879395	110	slx4ip	393383	alt_5p	False	38878266	38879285	38879396	38918761	38878266	38918761	38878265	38918762	40496	5	transcript/1260032,transcript/1268301,transcript/1268836,transcript/1275149,transcript/1299757
NC_133188.1:39999077-39999527:-	NC_133188.1	-	39999077	39999527	451	srsf5a	335396	cassette	False	39998657	39999076	39999528	39999757	39998657	39999757	39998656	39999758	1101	29	transcript/147795,transcript/2199031,transcript/2982368,transcript/2989080,transcript/2990007,transcript/2993930,transcript/2995169,transcript/2997151,transcript/2998552,transcript/3001772,transcript/3006852,transcript/3010341,transcript/3012121,transcript/3013676,transcript/3014148,transcript/3017700,transcript/3019028,transcript/3020613,transcript/3020911,transcript/3022324,transcript/3027605,transcript/3028225,transcript/3028971,transcript/3036346,transcript/3037011,transcript/3037483,transcript/3038223,transcript/3039061,transcript/3224713
NC_133188.1:40062631-40062678:+	NC_133188.1	+	40062631	40062678	48	LOC141377038	141377038	cassette	False	40061837	40062630	40062679	40064709	40061837	40064709	40061836	40064710	2873	2	transcript/2709468,transcript/2712942
NC_133188.1:40085166-40085284:-	NC_133188.1	-	40085166	40085284	119	cdkn3	402796	cassette	False	40083785	40085165	40085285	40087312	40083785	40087312	40083784	40087313	3528	2	transcript/5194023,transcript/5396368
NC_133188.1:40147883-40147930:+	NC_133188.1	+	40147883	40147930	48	dmac2l	393187	cassette	False	40147187	40147882	40147931	40149904	40147187	40149904	40147186	40149905	2718	1	transcript/5343928
NC_133188.1:40152380-40152519:+	NC_133188.1	+	40152380	40152519	140	dmac2l	393187	cassette	False	40150115	40152379	40152520	40154889	40150115	40154889	40150114	40154890	4775	1	transcript/5220867
NC_133188.1:42655864-42655922:-	NC_133188.1	-	42655864	42655922	59	col9a1b	406548	alt_5p	False	42655708	42655863	42655923	42656114	42655708	42656114	42655707	42656115	407	3	transcript/1364738,transcript/1387051,transcript/1399268
NC_133188.1:42698199-42698294:+	NC_133188.1	+	42698199	42698294	96	fam135a	566435	cassette	False	42697905	42698198	42698295	42706257	42697905	42706257	42697904	42706258	8353	1	transcript/72982
NC_133188.1:47233584-47233819:-	NC_133188.1	-	47233584	47233819	236	fhip2a	100038786	alt_5p	False	47233511	47233583	47233820	47236895	47233511	47236895	47233510	47236896	3385	1	transcript/2894963
NC_133188.1:47258801-47258842:+	NC_133188.1	+	47258801	47258842	42	zfyve21	100004144	cassette	True	47255539	47258800	47258843	47258985	47255539	47258985	47255538	47258986	3447	2	transcript/3734911,transcript/3782778
NC_133188.1:48612199-48612277:-	NC_133188.1	-	48612199	48612277	79	khdrbs1a	30082	alt_5p	True	48612045	48612198	48612278	48614143	48612045	48614143	48612044	48614144	2099	1	transcript/2629661
NC_133188.1:49041295-49041334:+	NC_133188.1	+	49041295	49041334	40	syf2	445043	cassette	False	49041218	49041294	49041335	49044401	49041218	49044401	49041217	49044402	3184	1	transcript/5468309
NC_133188.1:52112906-52113055:-	NC_133188.1	-	52112906	52113055	150	fbxo11a	777607	alt_5p	False	52112323	52112905	52113056	52113136	52112323	52113136	52112322	52113137	814	1	transcript/408871
NC_133188.1:53375487-53375578:-	NC_133188.1	-	53375487	53375578	92	tomm20a	406309	cassette	False	53375337	53375486	53375579	53376541	53375337	53376541	53375336	53376542	1205	4	transcript/5347225,transcript/5376581,transcript/5425429,transcript/5584188
NC_133188.1:53607076-53607228:-	NC_133188.1	-	53607076	53607228	153	b3galnt2	553716	cassette	False	53605140	53607075	53607229	53610496	53605140	53610496	53605139	53610497	5357	2	transcript/2150139,transcript/2164918
NC_133189.1:139779-139914:+	NC_133189.1	+	139779	139914	136	otop1	322893	alt_5p	False	139576	139778	139915	142146	139576	142146	139575	142147	2571	1	transcript/1261251
NC_133189.1:287782-287804:-	NC_133189.1	-	287782	287804	23	rab28	326923	cassette	False	287670	287781	287805	288355	287670	288355	287669	288356	686	2	transcript/2918210,transcript/2937905
NC_133189.1:299547-299681:-	NC_133189.1	-	299547	299681	135	rab28	326923	alt_5p	False	288461	299546	299682	300184	288461	300184	288460	300185	11724	1	transcript/3043468
NC_133189.1:346400-346768:-	NC_133189.1	-	346400	346768	369	aurkb	791894	alt_5p	False	346220	346399	346769	346959	346220	346959	346219	346960	740	6	transcript/3607690,transcript/3633158,transcript/3725313,transcript/3889976,transcript/3896794,transcript/3918329
NC_133189.1:346575-346768:-	NC_133189.1	-	346575	346768	194	aurkb	791894	alt_5p	False	346220	346574	346769	346959	346220	346959	346219	346960	740	5	transcript/4427926,transcript/4463084,transcript/4500386,transcript/4527413,transcript/4569236
NC_133189.1:347416-347460:-	NC_133189.1	-	347416	347460	45	aurkb	791894	alt_5p	False	347128	347415	347461	347889	347128	347889	347127	347890	762	1	transcript/4547969
NC_133189.1:1141107-1141303:+	NC_133189.1	+	1141107	1141303	197	arl3l2	393692	cassette	True	1139641	1141106	1141304	1141479	1139641	1141479	1139640	1141480	1839	2	transcript/4375049,transcript/4557981
NC_133189.1:1426067-1426095:-	NC_133189.1	-	1426067	1426095	29	spmap2l	101884048	cassette	False	1425715	1426066	1426096	1426280	1425715	1426280	1425714	1426281	566	1	transcript/3879432
NC_133189.1:1687976-1688115:-	NC_133189.1	-	1687976	1688115	140	tbc1d9b	100332046	alt_5p	False	1685625	1687975	1688116	1689785	1685625	1689785	1685624	1689786	4161	3	transcript/2737641,transcript/2777558,transcript/2852926
NC_133189.1:1701190-1701402:-	NC_133189.1	-	1701190	1701402	213	pmt	767699	alt_5p	False	1699056	1701189	1701403	1702675	1699056	1702675	1699055	1702676	3620	1	transcript/2560049
NC_133189.1:3453946-3454100:-	NC_133189.1	-	3453946	3454100	155	spock1	110440200	alt_5p	False	3280011	3453945	3454101	3454466	3280011	3454466	3280010	3454467	174456	5	transcript/1320743,transcript/1378935,transcript/1771784,transcript/1798667,transcript/2015597
NC_133189.1:4803933-4804233:-	NC_133189.1	-	4803933	4804233	301	guf1	553030	cassette	False	4803463	4803932	4804234	4805064	4803463	4805064	4803462	4805065	1602	4	transcript/1004429,transcript/954991,transcript/985542,transcript/988967
NC_133189.1:4804048-4804233:-	NC_133189.1	-	4804048	4804233	186	guf1	553030	cassette	False	4803463	4804047	4804234	4805064	4803463	4805064	4803462	4805065	1602	3	transcript/1098525,transcript/1106709,transcript/980901
NC_133189.1:6377860-6378020:+	NC_133189.1	+	6377860	6378020	161	aup1	324654	alt_5p	False	6374068	6377859	6378021	6378335	6374068	6378335	6374067	6378336	4268	2	transcript/2553441,transcript/2580536
NC_133189.1:6762058-6762239:+	NC_133189.1	+	6762058	6762239	182	smu1a	393168	cassette	False	6760732	6762057	6762240	6762736	6760732	6762736	6760731	6762737	2005	2	transcript/2079952,transcript/2097625
NC_133189.1:7491336-7491573:+	NC_133189.1	+	7491336	7491573	238	nme5	436789	alt_5p	True	7490858	7491335	7491574	7495326	7490858	7495326	7490857	7495327	4469	2	transcript/5518295,transcript/5522214
NC_133189.1:7533386-7533534:+	NC_133189.1	+	7533386	7533534	149	hnrnph1	402984	cassette	False	7531568	7533385	7533535	7538652	7531568	7538652	7531567	7538653	7085	2	transcript/2234190,transcript/2396658
NC_133189.1:8449763-8449885:+	NC_133189.1	+	8449763	8449885	123	ube2d2	393934	alt_5p	False	8449652	8449762	8449886	8450210	8449652	8450210	8449651	8450211	559	1	transcript/3451010
NC_133189.1:9028804-9028965:+	NC_133189.1	+	9028804	9028965	162	dnajc4	324373	cassette	False	9025724	9028803	9028966	9030936	9025724	9030936	9025723	9030937	5213	3	transcript/1092387,transcript/1225852,transcript/2877535
NC_133189.1:9365432-9365525:-	NC_133189.1	-	9365432	9365525	94	trmt112	553790	cassette	False	9364269	9365431	9365526	9368630	9364269	9368630	9364268	9368631	4362	5	transcript/5978272,transcript/6039468,transcript/6058212,transcript/6063053,transcript/6081924
NC_133189.1:11175279-11175332:-	NC_133189.1	-	11175279	11175332	54	si:dkey-92i17.2	563325	alt_5p	False	11174399	11175278	11175333	11176631	11174399	11176631	11174398	11176632	2233	4	transcript/3400144,transcript/3461758,transcript/3508771,transcript/3613991
NC_133189.1:11180779-11180903:-	NC_133189.1	-	11180779	11180903	125	si:dkey-92i17.2	563325	alt_5p	False	11180530	11180778	11180904	11181016	11180530	11181016	11180529	11181017	487	2	transcript/3467445,transcript/3510847
NC_133189.1:11201984-11202063:+	NC_133189.1	+	11201984	11202063	80	nup62l	563392	alt_5p	False	11197956	11201983	11202064	11202152	11197956	11202152	11197955	11202153	4197	2	transcript/3149988,transcript/3230258
NC_133189.1:11216982-11217028:+	NC_133189.1	+	11216982	11217028	47	nup62l	563392	cassette	True	11216744	11216981	11217029	11219042	11216744	11219042	11216743	11219043	2299	1	transcript/3071363
NC_133189.1:11883790-11884170:+	NC_133189.1	+	11883790	11884170	381	glod5	553706	cassette	True	11883574	11883789	11884171	11884710	11883574	11884710	11883573	11884711	1137	3	transcript/4806392,transcript/4816409,transcript/4999392
NC_133189.1:12951377-12951487:-	NC_133189.1	-	12951377	12951487	111	magt1	324944	cassette	False	12948471	12951376	12951488	12952090	12948471	12952090	12948470	12952091	3620	1	transcript/3266690
NC_133189.1:13115678-13116046:-	NC_133189.1	-	13115678	13116046	369	gria3b	368416	alt_5p	True	13115004	13115677	13116047	13153478	13115004	13153478	13115003	13153479	38475	1	transcript/671767
NC_133189.1:16977917-16978046:-	NC_133189.1	-	16977917	16978046	130	ogt.2	652952	cassette	False	16976841	16977916	16978047	16980610	16976841	16980610	16976840	16980611	3770	1	transcript/356723
NC_133189.1:16977924-16978046:-	NC_133189.1	-	16977924	16978046	123	ogt.2	652952	cassette	False	16976841	16977923	16978047	16980610	16976841	16980610	16976840	16980611	3770	2	transcript/278088,transcript/280820
NC_133189.1:17018447-17018580:-	NC_133189.1	-	17018447	17018580	134	ogt.1	337685	cassette	False	17017247	17018446	17018581	17020437	17017247	17020437	17017246	17020438	3191	2	transcript/223642,transcript/225041
NC_133189.1:17018451-17018580:-	NC_133189.1	-	17018451	17018580	130	ogt.1	337685	cassette	False	17017247	17018450	17018581	17020437	17017247	17020437	17017246	17020438	3191	4	transcript/209262,transcript/225154,transcript/226002,transcript/231946
NC_133189.1:17018458-17018546:-	NC_133189.1	-	17018458	17018546	89	ogt.1	337685	cassette	False	17017247	17018457	17018547	17020437	17017247	17020437	17017246	17020438	3191	4	transcript/233955,transcript/237307,transcript/238059,transcript/241637
NC_133189.1:17018458-17018570:-	NC_133189.1	-	17018458	17018570	113	ogt.1	337685	cassette	False	17017247	17018457	17018571	17020437	17017247	17020437	17017246	17020438	3191	2	transcript/223528,transcript/229465
NC_133189.1:17018458-17018580:-	NC_133189.1	-	17018458	17018580	123	ogt.1	337685	cassette	False	17017247	17018457	17018581	17020437	17017247	17020437	17017246	17020438	3191	11	transcript/212792,transcript/214635,transcript/217,transcript/218,transcript/218021,transcript/220373,transcript/226282,transcript/227046,transcript/228243,transcript/231342,transcript/236139
NC_133189.1:17122012-17122079:+	NC_133189.1	+	17122012	17122079	68	LOC101882685	101882685	alt_5p	False	17121873	17122011	17122080	17122963	17121873	17122963	17121872	17122964	1091	1	transcript/4540603
NC_133189.1:18324413-18324531:+	NC_133189.1	+	18324413	18324531	119	trim105	100170828	alt_5p	False	18321590	18324412	18324532	18324804	18321590	18324804	18321589	18324805	3215	3	transcript/3883978,transcript/3977332,transcript/3995900
NC_133189.1:18375698-18375790:-	NC_133189.1	-	18375698	18375790	93	mxd3	394031	cassette	False	18371551	18375697	18375791	18376185	18371551	18376185	18371550	18376186	4635	3	transcript/5592617,transcript/5728429,transcript/5748594
NC_133189.1:18375702-18375790:-	NC_133189.1	-	18375702	18375790	89	mxd3	394031	cassette	False	18371551	18375701	18375791	18376185	18371551	18376185	18371550	18376186	4635	1	transcript/5757667
NC_133189.1:18667763-18667833:+	NC_133189.1	+	18667763	18667833	71	prpf19	321544	alt_5p	False	18666148	18667762	18667834	18667914	18666148	18667914	18666147	18667915	1767	1	transcript/2213842
NC_133189.1:18825001-18825120:-	NC_133189.1	-	18825001	18825120	120	canx	406757	alt_5p	False	18822814	18825000	18825121	18825209	18822814	18825209	18822813	18825210	2396	1	transcript/2610961
NC_133189.1:19481448-19481486:-	NC_133189.1	-	19481448	19481486	39	smtnl1	503743	cassette	True	19481356	19481447	19481487	19487037	19481356	19487037	19481355	19487038	5682	4	transcript/3887153,transcript/3909347,transcript/4214015,transcript/4329127
NC_133189.1:24408282-24408450:+	NC_133189.1	+	24408282	24408450	169	fmr1	259191	cassette	False	24407086	24408281	24408451	24412874	24407086	24412874	24407085	24412875	5789	1	transcript/1422442
NC_133189.1:25427861-25428236:-	NC_133189.1	-	25427861	25428236	376	aldob	321664	cassette	True	25427378	25427860	25428237	25428438	25427378	25428438	25427377	25428439	1061	1	transcript/1038816
NC_133189.1:26288365-26288415:-	NC_133189.1	-	26288365	26288415	51	ssrp1a	386844	alt_5p	True	26288209	26288364	26288416	26291309	26288209	26291309	26288208	26291310	3101	1	transcript/2297216
NC_133189.1:27992505-27992643:+	NC_133189.1	+	27992505	27992643	139	ndfip1	324047	alt_5p	False	27990699	27992504	27992644	27992750	27990699	27992750	27990698	27992751	2052	3	transcript/2962799,transcript/3202963,transcript/3278815
NC_133189.1:29247565-29247842:+	NC_133189.1	+	29247565	29247842	278	ppargc1b	555906	alt_5p	False	29246041	29247564	29247843	29251525	29246041	29251525	29246040	29251526	5485	3	transcript/312237,transcript/620581,transcript/845603
NC_133189.1:29871525-29871620:-	NC_133189.1	-	29871525	29871620	96	slc25a48	436640	alt_5p	False	29870707	29871524	29871621	29871855	29870707	29871855	29870706	29871856	1149	1	transcript/4326207
NC_133189.1:30099093-30099222:+	NC_133189.1	+	30099093	30099222	130	glra1	30676	alt_5p	False	30091749	30099092	30099223	30114364	30091749	30114364	30091748	30114365	22616	5	transcript/1640906,transcript/1770111,transcript/1978160,transcript/2839063,transcript/3325760
NC_133189.1:30202189-30202322:-	NC_133189.1	-	30202189	30202322	134	g3bp1	335512	alt_5p	True	30202103	30202188	30202323	30202533	30202103	30202533	30202102	30202534	431	1	transcript/2299149
NC_133189.1:30204532-30204644:-	NC_133189.1	-	30204532	30204644	113	g3bp1	335512	alt_5p	False	30204448	30204531	30204645	30206987	30204448	30206987	30204447	30206988	2540	1	transcript/2251556
NC_133189.1:30699588-30699747:-	NC_133189.1	-	30699588	30699747	160	lman2	557960	cassette	False	30698015	30699587	30699748	30700771	30698015	30700771	30698014	30700772	2757	1	transcript/2687881
NC_133189.1:30802366-30802435:-	NC_133189.1	-	30802366	30802435	70	tgfbi	321421	alt_5p	False	30799614	30802365	30802436	30812264	30799614	30812264	30799613	30812265	12651	1	transcript/894407
NC_133189.1:30810530-30810557:-	NC_133189.1	-	30810530	30810557	28	tgfbi	321421	cassette	False	30802436	30810529	30810558	30812264	30802436	30812264	30802435	30812265	9829	1	transcript/873503
NC_133189.1:32828605-32828814:+	NC_133189.1	+	32828605	32828814	210	stag2b	560751	alt_5p	False	32828496	32828604	32828815	32828936	32828496	32828936	32828495	32828937	441	1	transcript/2211537
NC_133189.1:34273606-34273794:-	NC_133189.1	-	34273606	34273794	189	cfap96	751702	cassette	False	34273259	34273605	34273795	34276070	34273259	34276070	34273258	34276071	2812	5	transcript/3350638,transcript/3367493,transcript/3369229,transcript/3560921,transcript/3627042
NC_133189.1:34443886-34443960:+	NC_133189.1	+	34443886	34443960	75	cyp4v2b	562008	alt_5p	False	34441741	34443885	34443961	34444772	34441741	34444772	34441740	34444773	3032	1	transcript/2972505
NC_133189.1:34879471-34879608:-	NC_133189.1	-	34879471	34879608	138	slc7a2	494041	cassette	False	34876409	34879470	34879609	34880505	34876409	34880505	34876408	34880506	4097	1	transcript/462431
NC_133189.1:34947540-34947666:-	NC_133189.1	-	34947540	34947666	127	zdhhc2	541365	cassette	False	34946939	34947539	34947667	34949049	34946939	34949049	34946938	34949050	2111	1	transcript/1196652
NC_133189.1:35287790-35287907:+	NC_133189.1	+	35287790	35287907	118	atl3	449995	cassette	False	35286949	35287789	35287908	35290857	35286949	35290857	35286948	35290858	3909	1	transcript/2901559
NC_133189.1:36387580-36387719:-	NC_133189.1	-	36387580	36387719	140	rbmx	321860	alt_5p	False	36387500	36387579	36387720	36388495	36387500	36388495	36387499	36388496	996	1	transcript/3906747
NC_133189.1:36389549-36389660:-	NC_133189.1	-	36389549	36389660	112	rbmx	321860	alt_5p	False	36389141	36389548	36389661	36389794	36389141	36389794	36389140	36389795	654	1	transcript/4954423
NC_133189.1:36997161-36997309:-	NC_133189.1	-	36997161	36997309	149	mcf2a	557201	alt_5p	True	36997094	36997160	36997310	36998691	36997094	36998691	36997093	36998692	1598	1	transcript/90445
NC_133189.1:37393446-37393535:+	NC_133189.1	+	37393446	37393535	90	inppl1b	368433	alt_5p	False	37393353	37393445	37393536	37393887	37393353	37393887	37393352	37393888	535	1	transcript/3133492
NC_133189.1:37393888-37393965:+	NC_133189.1	+	37393888	37393965	78	inppl1b	368433	alt_5p	True	37393532	37393887	37393966	37394747	37393532	37394747	37393531	37394748	1216	1	transcript/3159023
NC_133189.1:37412620-37412705:-	NC_133189.1	-	37412620	37412705	86	ube2a	797853	alt_5p	False	37412224	37412619	37412706	37412923	37412224	37412923	37412223	37412924	700	2	transcript/3650542,transcript/3707311
NC_133189.1:37790589-37790650:-	NC_133189.1	-	37790589	37790650	62	gdpd2	563198	cassette	False	37788848	37790588	37790651	37792873	37788848	37792873	37788847	37792874	4026	12	transcript/1041070,transcript/1053589,transcript/796704,transcript/831085,transcript/837390,transcript/869431,transcript/874333,transcript/901146,transcript/921126,transcript/939664,transcript/940444,transcript/963893
NC_133189.1:37844701-37845968:-	NC_133189.1	-	37844701	37845968	1268	septin6	322694	alt_5p	True	37842127	37844700	37845969	37847077	37842127	37847077	37842126	37847078	4951	6	transcript/862791,transcript/863854,transcript/890473,transcript/894810,transcript/899448,transcript/912850
NC_133189.1:37851714-37851815:-	NC_133189.1	-	37851714	37851815	102	septin6	322694	alt_5p	False	37847502	37851713	37851816	37853430	37847502	37853430	37847501	37853431	5929	1	transcript/2250301
NC_133189.1:37986015-37986135:-	NC_133189.1	-	37986015	37986135	121	nkap	336120	cassette	False	37984519	37986014	37986136	37986276	37984519	37986276	37984518	37986277	1758	1	transcript/2986987
NC_133189.1:38589586-38589679:-	NC_133189.1	-	38589586	38589679	94	cyfip2	100002872	alt_5p	False	38582286	38589585	38589680	38589758	38582286	38589758	38582285	38589759	7473	1	transcript/71443
NC_133189.1:39164959-39165062:+	NC_133189.1	+	39164959	39165062	104	pttg1	100307086	alt_5p	False	39164697	39164958	39165063	39166425	39164697	39166425	39164696	39166426	1729	1	transcript/6242922
NC_133189.1:40317478-40317777:+	NC_133189.1	+	40317478	40317777	300	pdgfc	560564	alt_5p	False	40306212	40317477	40317778	40321931	40306212	40321931	40306211	40321932	15720	1	transcript/1656115
NC_133189.1:40325686-40325962:+	NC_133189.1	+	40325686	40325962	277	pdgfc	560564	alt_5p	True	40323983	40325685	40325963	40326415	40323983	40326415	40323982	40326416	2433	1	transcript/1580473
NC_133189.1:40325686-40326486:+	NC_133189.1	+	40325686	40326486	801	pdgfc	560564	alt_5p	True	40323983	40325685	40326487	40328314	40323983	40328314	40323982	40328315	4332	6	transcript/1005422,transcript/1016457,transcript/1248879,transcript/1288119,transcript/1314045,transcript/987863
NC_133189.1:41030929-41031060:-	NC_133189.1	-	41030929	41031060	132	asb5a	550441	alt_5p	False	41028932	41030928	41031061	41031292	41028932	41031292	41028931	41031293	2361	5	transcript/4552395,transcript/4614459,transcript/4622256,transcript/4652481,transcript/4731829
NC_133189.1:41374819-41374867:+	NC_133189.1	+	41374819	41374867	49	tdo2a	100008541	cassette	False	41371958	41374818	41374868	41375010	41371958	41375010	41371957	41375011	3053	3	transcript/2329285,transcript/2397065,transcript/3216569
NC_133189.1:43377468-43377530:-	NC_133189.1	-	43377468	43377530	63	csnk1a1	192307	cassette	False	43374548	43377467	43377531	43378012	43374548	43378012	43374547	43378013	3465	23	transcript/1783820,transcript/1823513,transcript/1827683,transcript/1842691,transcript/1858794,transcript/2067018,transcript/2090514,transcript/2121858,transcript/2123016,transcript/2218939,transcript/2229831,transcript/664322,transcript/665623,transcript/669519,transcript/683146,transcript/689558,transcript/952787,transcript/953488,transcript/958498,transcript/982288,transcript/983828,transcript/988804,transcript/990736
NC_133189.1:43535719-43535815:-	NC_133189.1	-	43535719	43535815	97	gla	450083	cassette	True	43534746	43535718	43535816	43538354	43534746	43538354	43534745	43538355	3609	3	transcript/2632007,transcript/2707985,transcript/2872282
NC_133189.1:45452482-45452546:+	NC_133189.1	+	45452482	45452546	65	taf7	100002261	cassette	False	45451896	45452481	45452547	45456196	45451896	45456196	45451895	45456197	4301	2	transcript/3199100,transcript/3734093
NC_133189.1:45984349-45984476:-	NC_133189.1	-	45984349	45984476	128	cstf2	386806	alt_5p	False	45981068	45984348	45984477	45984801	45981068	45984801	45981067	45984802	3734	2	transcript/2964953,transcript/3081522
NC_133189.1:46079464-46079657:-	NC_133189.1	-	46079464	46079657	194	LOC137487537	137487537	alt_5p	False	46078605	46079463	46079658	46083461	46078605	46083461	46078604	46083462	4857	1	transcript/2613863
NC_133189.1:46153345-46153452:-	NC_133189.1	-	46153345	46153452	108	itga6l	555254	alt_5p	False	46153132	46153344	46153453	46153730	46153132	46153730	46153131	46153731	599	1	transcript/655566
NC_133189.1:48194420-48194475:-	NC_133189.1	-	48194420	48194475	56	adh5	116517	cassette	False	48194084	48194419	48194476	48195733	48194084	48195733	48194083	48195734	1650	1	transcript/4104787
NC_133189.1:49398840-49398976:-	NC_133189.1	-	49398840	49398976	137	grhpra	497183	alt_5p	False	49396552	49398839	49398977	49400108	49396552	49400108	49396551	49400109	3557	2	transcript/5365113,transcript/5442235
NC_133189.1:49980231-49980333:+	NC_133189.1	+	49980231	49980333	103	ttc9c	393235	cassette	True	49978708	49980230	49980334	49981853	49978708	49981853	49978707	49981854	3146	2	transcript/4828233,transcript/4943915
NC_133189.1:50000067-50000520:-	NC_133189.1	-	50000067	50000520	454	si:ch211-168f7.5	322178	alt_5p	False	49995671	50000066	50000521	50020828	49995671	50020828	49995670	50020829	25158	2	transcript/366358,transcript/439291
NC_133189.1:50097777-50097854:+	NC_133189.1	+	50097777	50097854	78	ubxn1	322073	alt_5p	False	50097658	50097776	50097855	50097935	50097658	50097935	50097657	50097936	278	1	transcript/4524556
NC_133189.1:50765359-50765516:+	NC_133189.1	+	50765359	50765516	158	naa15a	323672	alt_5p	False	50765162	50765358	50765517	50768271	50765162	50768271	50765161	50768272	3110	1	transcript/989758
NC_133189.1:51860607-51860928:-	NC_133189.1	-	51860607	51860928	322	fstl5	566192	alt_5p	False	51786928	51860606	51860929	51894094	51786928	51894094	51786927	51894095	107167	1	transcript/186821
NC_133189.1:52698532-52698696:+	NC_133189.1	+	52698532	52698696	165	ppid	415155	cassette	False	52696609	52698531	52698697	52698792	52696609	52698792	52696608	52698793	2184	2	transcript/3061657,transcript/3137697
NC_133189.1:53648990-53649147:+	NC_133189.1	+	53648990	53649147	158	zgc:154054	777616	alt_5p	False	53646200	53648989	53649148	53657114	53646200	53657114	53646199	53657115	10915	1	transcript/1708534
NC_133189.1:54656419-54656502:+	NC_133189.1	+	54656419	54656502	84	tspan17	324950	cassette	True	54655405	54656418	54656503	54659700	54655405	54659700	54655404	54659701	4296	1	transcript/4256817
NC_133189.1:57417474-57417610:-	NC_133189.1	-	57417474	57417610	137	LOC108179221	108179221	alt_5p	False	57415700	57417473	57417611	57419664	57415700	57419664	57415699	57419665	3965	1	transcript/2111171
NC_133190.1:105521-105673:-	NC_133190.1	-	105521	105673	153	si:ch1073-83n3.2	100000241	cassette	True	103023	105520	105674	105771	103023	105771	103022	105772	2749	1	transcript/1214182
NC_133190.1:432278-432423:+	NC_133190.1	+	432278	432423	146	nipsnap2	30232	alt_5p	True	431999	432277	432424	433207	431999	433207	431998	433208	1209	1	transcript/3625740
NC_133190.1:448855-449045:-	NC_133190.1	-	448855	449045	191	cep295	103908785	alt_5p	False	448701	448854	449046	449169	448701	449169	448700	449170	469	2	transcript/100803,transcript/99068
NC_133190.1:1172658-1172737:+	NC_133190.1	+	1172658	1172737	80	mlf1	553527	alt_5p	False	1171231	1172657	1172738	1175127	1171231	1175127	1171230	1175128	3897	4	transcript/341276,transcript/4056590,transcript/4857982,transcript/4907796
NC_133190.1:1498526-1498635:-	NC_133190.1	-	1498526	1498635	110	kpna4	327373	cassette	True	1498423	1498525	1498636	1499363	1498423	1499363	1498422	1499364	941	1	transcript/1503618
NC_133190.1:2574864-2574935:+	NC_133190.1	+	2574864	2574935	72	cux1b	445120	alt_5p	False	2574699	2574863	2574936	2575456	2574699	2575456	2574698	2575457	758	1	transcript/343074
NC_133190.1:5667975-5668040:-	NC_133190.1	-	5667975	5668040	66	brwd1	798858	alt_5p	False	5667746	5667974	5668041	5672765	5667746	5672765	5667745	5672766	5020	1	transcript/810300
NC_133190.1:6056107-6056395:-	NC_133190.1	-	6056107	6056395	289	brwd1	798858	cassette	False	6054484	6056106	6056396	6058597	6054484	6058597	6054483	6058598	4114	2	transcript/1666372,transcript/1991011
NC_133190.1:6056107-6056414:-	NC_133190.1	-	6056107	6056414	308	brwd1	798858	cassette	False	6054484	6056106	6056415	6058597	6054484	6058597	6054483	6058598	4114	20	transcript/1643214,transcript/1649008,transcript/1653573,transcript/1659784,transcript/1661077,transcript/1662845,transcript/1664203,transcript/1671142,transcript/1671411,transcript/1672127,transcript/1673268,transcript/1683373,transcript/1688873,transcript/1901414,transcript/1907439,transcript/1912881,transcript/1913220,transcript/1931492,transcript/1936231,transcript/2035802
NC_133190.1:6056107-6057300:-	NC_133190.1	-	6056107	6057300	1194	brwd1	798858	cassette	False	6054484	6056106	6057301	6058597	6054484	6058597	6054483	6058598	4114	3	transcript/690444,transcript/798597,transcript/805485
NC_133190.1:6059853-6059885:-	NC_133190.1	-	6059853	6059885	33	brwd1	798858	cassette	False	6058672	6059852	6059886	6060065	6058672	6060065	6058671	6060066	1394	2	transcript/1626088,transcript/2134939
NC_133190.1:6163413-6163447:-	NC_133190.1	-	6163413	6163447	35	hmgn1a	561719	alt_5p	False	6163332	6163412	6163448	6163547	6163332	6163547	6163331	6163548	216	1	transcript/4561931
NC_133190.1:6175339-6175477:+	NC_133190.1	+	6175339	6175477	139	get1	335756	cassette	True	6175263	6175338	6175478	6178477	6175263	6178477	6175262	6178478	3215	1	transcript/5132631
NC_133190.1:7150006-7150170:-	NC_133190.1	-	7150006	7150170	165	meis3	81885	cassette	True	7147982	7150005	7150171	7150410	7147982	7150410	7147981	7150411	2429	3	transcript/1113352,transcript/1148182,transcript/1199576
NC_133190.1:7150845-7150926:-	NC_133190.1	-	7150845	7150926	82	meis3	81885	alt_5p	True	7150643	7150844	7150927	7154529	7150643	7154529	7150642	7154530	3887	1	transcript/1021564
NC_133190.1:10811560-10811619:-	NC_133190.1	-	10811560	10811619	60	nars2	561673	cassette	False	10810619	10811559	10811620	10814592	10810619	10814592	10810618	10814593	3974	1	transcript/2923207
NC_133190.1:12470145-12470250:-	NC_133190.1	-	12470145	12470250	106	LOC141377778	141377778	cassette	True	12469321	12470144	12470251	12473836	12469321	12473836	12469320	12473837	4516	1	transcript/914425
NC_133190.1:12470534-12470577:-	NC_133190.1	-	12470534	12470577	44	LOC141377778	141377778	cassette	True	12469321	12470533	12470578	12473836	12469321	12473836	12469320	12473837	4516	5	transcript/1040423,transcript/1145765,transcript/2960501,transcript/698041,transcript/810495
NC_133190.1:12474284-12474348:-	NC_133190.1	-	12474284	12474348	65	LOC141377778	141377778	cassette	True	12473931	12474283	12474349	12482054	12473931	12482054	12473930	12482055	8124	4	transcript/1074833,transcript/2172296,transcript/682686,transcript/903758
NC_133190.1:14531574-14531642:-	NC_133190.1	-	14531574	14531642	69	LOC110437893	110437893	cassette	True	14529061	14531573	14531643	14531732	14529061	14531732	14529060	14531733	2672	8	transcript/116665,transcript/2176718,transcript/3348087,transcript/3476825,transcript/3486648,transcript/3641457,transcript/3919103,transcript/4476337
NC_133190.1:17559429-17559740:-	NC_133190.1	-	17559429	17559740	312	c2cd3	797081	alt_5p	False	17559354	17559428	17559741	17559849	17559354	17559849	17559353	17559850	496	1	transcript/1382084
NC_133190.1:18220164-18220260:+	NC_133190.1	+	18220164	18220260	97	rab34a	450074	alt_5p	False	18219575	18220163	18220261	18221395	18219575	18221395	18219574	18221396	1821	1	transcript/2702184
NC_133190.1:21599507-21599553:-	NC_133190.1	-	21599507	21599553	47	igsf9ba	567389	cassette	True	21598155	21599506	21599554	21600139	21598155	21600139	21598154	21600140	1985	3	transcript/114176,transcript/130360,transcript/132941
NC_133190.1:22311209-22311272:+	NC_133190.1	+	22311209	22311272	64	alcamb	323919	cassette	False	22294184	22311208	22311273	22316773	22294184	22316773	22294183	22316774	22590	3	transcript/886337,transcript/889799,transcript/904699
NC_133190.1:22316349-22316445:+	NC_133190.1	+	22316349	22316445	97	alcamb	323919	cassette	False	22294184	22316348	22316446	22316773	22294184	22316773	22294183	22316774	22590	2	transcript/861639,transcript/868084
NC_133190.1:22323604-22323656:+	NC_133190.1	+	22323604	22323656	53	alcamb	323919	cassette	True	22323295	22323603	22323657	22323955	22323295	22323955	22323294	22323956	661	2	transcript/915893,transcript/950474
NC_133190.1:22467113-22467190:-	NC_133190.1	-	22467113	22467190	78	auts2b	100150849	alt_5p	False	22465174	22467112	22467191	22467283	22465174	22467283	22465173	22467284	2110	2	transcript/1060140,transcript/957318
NC_133190.1:22995985-22996099:-	NC_133190.1	-	22995985	22996099	115	timm50	393638	cassette	False	22992906	22995984	22996100	23002404	22992906	23002404	22992905	23002405	9499	1	transcript/2563461
NC_133190.1:23018360-23018397:-	NC_133190.1	-	23018360	23018397	38	timm50	393638	cassette	False	23002428	23018359	23018398	23018649	23002428	23018649	23002427	23018650	16222	5	transcript/2723070,transcript/2737627,transcript/2753312,transcript/2753624,transcript/5670
NC_133190.1:24413670-24413821:+	NC_133190.1	+	24413670	24413821	152	ttc12	563791	alt_5p	False	24413569	24413669	24413822	24415629	24413569	24415629	24413568	24415630	2061	1	transcript/713557
NC_133190.1:24786317-24786603:+	NC_133190.1	+	24786317	24786603	287	hepacama	100005952	alt_5p	False	24783214	24786316	24786604	24789580	24783214	24789580	24783213	24789581	6367	1	transcript/1635444
NC_133190.1:26111732-26111869:-	NC_133190.1	-	26111732	26111869	138	ckmb	794752	alt_5p	False	26111658	26111731	26111870	26111935	26111658	26111935	26111657	26111936	278	2	transcript/3693831,transcript/3698762
NC_133190.1:26137175-26137274:+	NC_133190.1	+	26137175	26137274	100	klc3	569394	alt_5p	False	26136282	26137174	26137275	26137389	26136282	26137389	26136281	26137390	1108	7	transcript/1007585,transcript/1014927,transcript/2150058,transcript/2349770,transcript/2390918,transcript/961779,transcript/987438
NC_133190.1:26150625-26150722:-	NC_133190.1	-	26150625	26150722	98	ercc2	393900	alt_5p	True	26150517	26150624	26150723	26150813	26150517	26150813	26150516	26150814	297	1	transcript/1478473
NC_133190.1:28050680-28050827:-	NC_133190.1	-	28050680	28050827	148	tp53i13	100002736	cassette	False	28049822	28050679	28050828	28052693	28049822	28052693	28049821	28052694	2872	8	transcript/1140125,transcript/1345545,transcript/1373147,transcript/1397445,transcript/1406963,transcript/1408399,transcript/1536811,transcript/743271
NC_133190.1:29014450-29014577:-	NC_133190.1	-	29014450	29014577	128	rpa1	327491	alt_5p	False	29013942	29014449	29014578	29014893	29013942	29014893	29013941	29014894	952	1	transcript/1616076
NC_133190.1:29014890-29014973:-	NC_133190.1	-	29014890	29014973	84	rpa1	327491	alt_5p	False	29014578	29014889	29014974	29015925	29014578	29015925	29014577	29015926	1348	1	transcript/1628345
NC_133190.1:29128969-29129040:-	NC_133190.1	-	29128969	29129040	72	LOC100537389	100537389	cassette	True	29127209	29128968	29129041	29129128	29127209	29129128	29127208	29129129	1920	1	transcript/1511828
NC_133190.1:29152613-29152776:+	NC_133190.1	+	29152613	29152776	164	LOC110438326	110438326	alt_5p	False	29152504	29152612	29152777	29152878	29152504	29152878	29152503	29152879	375	1	transcript/1591433
NC_133190.1:29960394-29960646:-	NC_133190.1	-	29960394	29960646	253	brip1	794038	cassette	True	29954948	29960393	29960647	29962399	29954948	29962399	29954947	29962400	7452	3	transcript/259775,transcript/261003,transcript/267326
NC_133190.1:30919546-30919687:+	NC_133190.1	+	30919546	30919687	142	pitpnaa	393909	cassette	False	30917384	30919545	30919688	30922552	30917384	30922552	30917383	30922553	5169	1	transcript/2680742
NC_133190.1:31637364-31637476:+	NC_133190.1	+	31637364	31637476	113	zgc:101731	447892	cassette	False	31634158	31637363	31637477	31639272	31634158	31639272	31634157	31639273	5115	10	transcript/4067427,transcript/4094431,transcript/4572833,transcript/4574849,transcript/4593833,transcript/4610079,transcript/4632897,transcript/4644632,transcript/4714019,transcript/4860970
NC_133190.1:32945215-32945396:+	NC_133190.1	+	32945215	32945396	182	LOC137487766	137487766	alt_5p	False	32944836	32945214	32945397	32948187	32944836	32948187	32944835	32948188	3352	9	transcript/5046423,transcript/5133449,transcript/5166753,transcript/5174308,transcript/5191511,transcript/5197016,transcript/5225976,transcript/5281855,transcript/5313508
NC_133190.1:34172705-34172859:-	NC_133190.1	-	34172705	34172859	155	hsph1	557824	alt_5p	False	34170406	34172704	34172860	34173074	34170406	34173074	34170405	34173075	2669	2	transcript/669475,transcript/685396
NC_133190.1:34315510-34315646:+	NC_133190.1	+	34315510	34315646	137	b3glcta	799443	alt_5p	False	34311205	34315509	34315647	34321894	34311205	34321894	34311204	34321895	10690	1	transcript/2520579
NC_133190.1:36830123-36830214:-	NC_133190.1	-	36830123	36830214	92	etv1	563876	cassette	False	36822042	36830122	36830215	36830802	36822042	36830802	36822041	36830803	8761	2	transcript/1417705,transcript/2274521
NC_133190.1:37162020-37162129:-	NC_133190.1	-	37162020	37162129	110	crppa	798716	alt_5p	True	37160385	37162019	37162130	37167376	37160385	37167376	37160384	37167377	6992	2	transcript/2762389,transcript/2822158
NC_133190.1:37173219-37173338:-	NC_133190.1	-	37173219	37173338	120	crppa	798716	alt_5p	True	37170243	37173218	37173339	37180165	37170243	37180165	37170242	37180166	9923	9	transcript/2527548,transcript/2838089,transcript/2859604,transcript/2869809,transcript/2925515,transcript/2935619,transcript/3254866,transcript/3263141,transcript/3326161
NC_133190.1:37177476-37177527:-	NC_133190.1	-	37177476	37177527	52	crppa	798716	cassette	True	37173339	37177475	37177528	37180165	37173339	37180165	37173338	37180166	6827	3	transcript/2738742,transcript/2762077,transcript/2784474
NC_133190.1:37361873-37361985:-	NC_133190.1	-	37361873	37361985	113	gabbr1a	373873	alt_5p	False	37361656	37361872	37361986	37367671	37361656	37367671	37361655	37367672	6016	1	transcript/388101
NC_133190.1:40282870-40283028:-	NC_133190.1	-	40282870	40283028	159	proser3	334054	cassette	False	40281210	40282869	40283029	40283589	40281210	40283589	40281209	40283590	2380	3	transcript/1439828,transcript/1444868,transcript/1466277
NC_133190.1:42997797-42997936:+	NC_133190.1	+	42997797	42997936	140	gal3st2	556126	alt_5p	False	42992568	42997796	42997937	43002577	42992568	43002577	42992567	43002578	10010	11	transcript/1377112,transcript/2125397,transcript/2159966,transcript/225147,transcript/2264491,transcript/2343547,transcript/2503705,transcript/251043,transcript/2522344,transcript/2524743,transcript/524519
NC_133190.1:44010440-44010499:-	NC_133190.1	-	44010440	44010499	60	usp16	569700	cassette	False	44010124	44010439	44010500	44012576	44010124	44012576	44010123	44012577	2453	4	transcript/1042323,transcript/418033,transcript/423107,transcript/776335
NC_133190.1:44989883-44989944:-	NC_133190.1	-	44989883	44989944	62	farsb	493608	cassette	False	44989518	44989882	44989945	44990029	44989518	44990029	44989517	44990030	512	3	transcript/1980863,transcript/2031491,transcript/2150576
NC_133190.1:45964972-45965069:-	NC_133190.1	-	45964972	45965069	98	serpine2	393153	cassette	True	45964523	45964971	45965070	45973356	45964523	45973356	45964522	45973357	8834	3	transcript/2849783,transcript/2970164,transcript/3175880
NC_133191.1:1435654-1435762:+	NC_133191.1	+	1435654	1435762	109	celf3b	100333973	cassette	False	1432576	1435653	1435763	1436013	1432576	1436013	1432575	1436014	3438	1	transcript/1636217
NC_133191.1:2777857-2777989:+	NC_133191.1	+	2777857	2777989	133	preb	436911	alt_5p	False	2775946	2777856	2777990	2780329	2775946	2780329	2775945	2780330	4384	1	transcript/2814695
NC_133191.1:5364567-5364640:-	NC_133191.1	-	5364567	5364640	74	dctn3	431767	cassette	False	5364434	5364566	5364641	5367226	5364434	5367226	5364433	5367227	2793	4	transcript/4787282,transcript/4850382,transcript/4877548,transcript/4910172
NC_133191.1:5369178-5369269:-	NC_133191.1	-	5369178	5369269	92	dctn3	431767	alt_5p	False	5367823	5369177	5369270	5369366	5367823	5369366	5367822	5369367	1544	1	transcript/5004642
NC_133191.1:6025062-6025511:-	NC_133191.1	-	6025062	6025511	450	trak1a	100002689	alt_5p	True	6020367	6025061	6025512	6030891	6020367	6030891	6020366	6030892	10525	3	transcript/119377,transcript/126174,transcript/134639
NC_133191.1:6423655-6423882:-	NC_133191.1	-	6423655	6423882	228	ctnnb1	30265	alt_5p	False	6423066	6423654	6423883	6423965	6423066	6423965	6423065	6423966	900	1	transcript/628303
NC_133191.1:9974620-9974701:+	NC_133191.1	+	9974620	9974701	82	taf2	324486	alt_5p	False	9974541	9974619	9974702	9974827	9974541	9974827	9974540	9974828	287	50	transcript/108047,transcript/113339,transcript/114676,transcript/115322,transcript/115889,transcript/116113,transcript/193868,transcript/202280,transcript/223421,transcript/234459,transcript/237885,transcript/239066,transcript/239987,transcript/240257,transcript/241058,transcript/242495,transcript/243133,transcript/243176,transcript/243365,transcript/243410,transcript/244461,transcript/245378,transcript/245786,transcript/245799,transcript/247000,transcript/247116,transcript/247922,transcript/247944,transcript/248002,transcript/248380,transcript/248947,transcript/250068,transcript/250238,transcript/250296,transcript/2539958,transcript/2576444,transcript/2583876,transcript/2589273,transcript/2603985,transcript/264197,transcript/264793,transcript/350614,transcript/363524,transcript/364884,transcript/374083,transcript/376280,transcript/395414,transcript/425817,transcript/469198,transcript/580742
NC_133191.1:11524194-11524329:+	NC_133191.1	+	11524194	11524329	136	gsk3ab	30664	alt_5p	False	11524065	11524193	11524330	11535012	11524065	11535012	11524064	11535013	10948	1	transcript/973005
NC_133191.1:12328058-12328248:-	NC_133191.1	-	12328058	12328248	191	usp5	406618	alt_5p	False	12327006	12328057	12328249	12329104	12327006	12329104	12327005	12329105	2099	1	transcript/728381
NC_133191.1:12409912-12410078:-	NC_133191.1	-	12409912	12410078	167	cdca3	564374	alt_5p	False	12409644	12409911	12410079	12410233	12409644	12410233	12409643	12410234	590	2	transcript/2865999,transcript/3074278
NC_133191.1:13263516-13263757:-	NC_133191.1	-	13263516	13263757	242	cacng8b	100003329	cassette	False	13259063	13263515	13263758	13279072	13259063	13279072	13259062	13279073	20010	4	transcript/2088658,transcript/2341242,transcript/3667479,transcript/660609
NC_133191.1:14047675-14047761:+	NC_133191.1	+	14047675	14047761	87	josd2	393120	cassette	False	14042888	14047674	14047762	14056243	14042888	14056243	14042887	14056244	13356	1	transcript/3462664
NC_133191.1:14052539-14052661:+	NC_133191.1	+	14052539	14052661	123	josd2	393120	cassette	False	14042888	14052538	14052662	14056243	14042888	14056243	14042887	14056244	13356	2	transcript/3484346,transcript/3556828
NC_133191.1:14146331-14146466:-	NC_133191.1	-	14146331	14146466	136	leng9	768155	alt_5p	False	14146181	14146330	14146467	14148474	14146181	14148474	14146180	14148475	2294	1	transcript/2814247
NC_133191.1:14731052-14731150:-	NC_133191.1	-	14731052	14731150	99	crabp2a	171480	cassette	False	14730971	14731051	14731151	14738155	14730971	14738155	14730970	14738156	7185	7	transcript/1421644,transcript/1429998,transcript/1460588,transcript/1554025,transcript/1559993,transcript/1563206,transcript/1586838
NC_133191.1:16587244-16587345:+	NC_133191.1	+	16587244	16587345	102	ccdc12	793027	cassette	False	16585048	16587243	16587346	16601069	16585048	16601069	16585047	16601070	16022	1	transcript/6208179
NC_133191.1:17266000-17266156:-	NC_133191.1	-	17266000	17266156	157	gapdh	317743	alt_5p	False	17265753	17265999	17266157	17266335	17265753	17266335	17265752	17266336	583	1	transcript/4379034
NC_133191.1:17267131-17267242:-	NC_133191.1	-	17267131	17267242	112	gapdh	317743	alt_5p	False	17267017	17267130	17267243	17267324	17267017	17267324	17267016	17267325	308	6	transcript/4299251,transcript/4303879,transcript/4326398,transcript/4341116,transcript/4342377,transcript/4357611
NC_133191.1:17838629-17838667:+	NC_133191.1	+	17838629	17838667	39	them4	791152	cassette	False	17838374	17838628	17838668	17839363	17838374	17839363	17838373	17839364	990	2	transcript/3779819,transcript/4059936
NC_133191.1:21516944-21517006:+	NC_133191.1	+	21516944	21517006	63	hacl1	406358	cassette	False	21516240	21516943	21517007	21518186	21516240	21518186	21516239	21518187	1947	1	transcript/1571540
NC_133191.1:23061214-23061258:+	NC_133191.1	+	23061214	23061258	45	LOC137487900	137487900	cassette	False	23061135	23061213	23061259	23061349	23061135	23061349	23061134	23061350	215	2	transcript/2275398,transcript/2314575
NC_133191.1:23061794-23061916:+	NC_133191.1	+	23061794	23061916	123	LOC137487900	137487900	cassette	True	23061475	23061793	23061917	23064471	23061475	23064471	23061474	23064472	2997	2	transcript/2123629,transcript/2165599
NC_133191.1:23084453-23084580:+	NC_133191.1	+	23084453	23084580	128	LOC137487900	137487900	cassette	True	23083566	23084452	23084581	23090889	23083566	23090889	23083565	23090890	7324	2	transcript/2115942,transcript/2132586
NC_133191.1:24179536-24179589:+	NC_133191.1	+	24179536	24179589	54	flad1	445492	cassette	False	24179338	24179535	24179590	24180495	24179338	24180495	24179337	24180496	1158	5	transcript/1573105,transcript/1631472,transcript/1742973,transcript/1967121,transcript/2011656
NC_133191.1:24600043-24600228:+	NC_133191.1	+	24600043	24600228	186	slc50a1	503533	cassette	True	24597094	24600042	24600229	24601828	24597094	24601828	24597093	24601829	4735	6	transcript/2290070,transcript/2309552,transcript/2368025,transcript/2376193,transcript/2453521,transcript/2537083
NC_133191.1:25334000-25334091:-	NC_133191.1	-	25334000	25334091	92	bcam	767689	cassette	True	25329867	25333999	25334092	25336653	25329867	25336653	25329866	25336654	6787	1	transcript/2400976
NC_133191.1:25961623-25961660:-	NC_133191.1	-	25961623	25961660	38	pon3.1	554122	cassette	False	25960498	25961622	25961661	25962283	25960498	25962283	25960497	25962284	1786	3	transcript/4891975,transcript/4926752,transcript/5052567
NC_133191.1:25965162-25965367:-	NC_133191.1	-	25965162	25965367	206	pon2	335176	alt_5p	False	25965047	25965161	25965368	25965454	25965047	25965454	25965046	25965455	408	1	transcript/4228808
NC_133191.1:26609435-26609581:+	NC_133191.1	+	26609435	26609581	147	tbc1d31	563134	cassette	True	26607318	26609434	26609582	26609806	26607318	26609806	26607317	26609807	2489	2	transcript/434205,transcript/514535
NC_133191.1:26804172-26804711:-	NC_133191.1	-	26804172	26804711	540	dtnbp1a	394109	alt_5p	True	26803188	26804171	26804712	26822180	26803188	26822180	26803187	26822181	18993	3	transcript/1621667,transcript/1660139,transcript/1921811
NC_133191.1:26949353-26949497:-	NC_133191.1	-	26949353	26949497	145	derl1	406753	cassette	False	26946796	26949352	26949498	26959273	26946796	26959273	26946795	26959274	12478	2	transcript/2288934,transcript/2427173
NC_133191.1:29134995-29135250:+	NC_133191.1	+	29134995	29135250	256	prss59.1	322453	alt_5p	False	29134914	29134994	29135251	29135332	29134914	29135332	29134913	29135333	419	1	transcript/5765532
NC_133191.1:29638692-29638733:-	NC_133191.1	-	29638692	29638733	42	l3mbtl1b	559572	cassette	False	29636488	29638691	29638734	29639456	29636488	29639456	29636487	29639457	2969	1	transcript/1063072
NC_133191.1:30549218-30549358:-	NC_133191.1	-	30549218	30549358	141	erp44	393866	alt_5p	True	30547572	30549217	30549359	30549872	30547572	30549872	30547571	30549873	2301	3	transcript/2250793,transcript/2251953,transcript/2298115
NC_133191.1:31401855-31402032:+	NC_133191.1	+	31401855	31402032	178	mindy3	777708	alt_5p	False	31401351	31401854	31402033	31402115	31401351	31402115	31401350	31402116	765	2	transcript/1008446,transcript/1015128
NC_133191.1:31403426-31403582:+	NC_133191.1	+	31403426	31403582	157	mindy3	777708	cassette	True	31403232	31403425	31403583	31404840	31403232	31404840	31403231	31404841	1609	2	transcript/971007,transcript/995477
NC_133191.1:31497068-31497306:+	NC_133191.1	+	31497068	31497306	239	mindy3	777708	cassette	True	31444233	31497067	31497307	31497432	31444233	31497432	31444232	31497433	53200	1	transcript/923366
NC_133191.1:32004039-32004155:-	NC_133191.1	-	32004039	32004155	117	smad10b	100151181	cassette	False	31997751	32004038	32004156	32004281	31997751	32004281	31997750	32004282	6531	7	transcript/1006351,transcript/1015672,transcript/907614,transcript/929616,transcript/963778,transcript/990068,transcript/993856
NC_133191.1:32835715-32835821:-	NC_133191.1	-	32835715	32835821	107	scnm1	321696	alt_5p	True	32835584	32835714	32835822	32836118	32835584	32836118	32835583	32836119	535	2	transcript/4100312,transcript/5288314
NC_133191.1:35103782-35104031:-	NC_133191.1	-	35103782	35104031	250	rbfox1l	407613	cassette	False	35101370	35103781	35104032	35105744	35101370	35105744	35101369	35105745	4375	3	transcript/1372170,transcript/2336737,transcript/2445203
NC_133191.1:35104031-35104134:-	NC_133191.1	-	35104031	35104134	104	rbfox1l	407613	cassette	False	35101370	35104030	35104135	35105744	35101370	35105744	35101369	35105745	4375	2	transcript/1659780,transcript/2924024
NC_133191.1:35213463-35213571:+	NC_133191.1	+	35213463	35213571	109	mboat7	393509	cassette	False	35210806	35213462	35213572	35214355	35210806	35214355	35210805	35214356	3550	3	transcript/1772948,transcript/1800324,transcript/1851405
NC_133191.1:35220518-35220626:+	NC_133191.1	+	35220518	35220626	109	mboat7	393509	cassette	True	35218949	35220517	35220627	35220715	35218949	35220715	35218948	35220716	1767	1	transcript/1859287
NC_133191.1:37422149-37422333:-	NC_133191.1	-	37422149	37422333	185	rcc1	406457	alt_5p	False	37419775	37422148	37422334	37422442	37419775	37422442	37419774	37422443	2668	1	transcript/2419851
NC_133191.1:38160322-38160484:-	NC_133191.1	-	38160322	38160484	163	ptprub	335096	alt_5p	True	38150778	38160321	38160485	38165003	38150778	38165003	38150777	38165004	14226	1	transcript/149816
NC_133191.1:38672046-38672257:-	NC_133191.1	-	38672046	38672257	212	taf12	386637	alt_5p	False	38670649	38672045	38672258	38672756	38670649	38672756	38670648	38672757	2108	3	transcript/4128996,transcript/4173800,transcript/4223679
NC_133191.1:38672046-38672317:-	NC_133191.1	-	38672046	38672317	272	taf12	386637	alt_5p	False	38670649	38672045	38672318	38672756	38670649	38672756	38670648	38672757	2108	5	transcript/3873375,transcript/3907056,transcript/3964937,transcript/3966985,transcript/4040240
NC_133191.1:38933059-38933098:+	NC_133191.1	+	38933059	38933098	40	map7d1a	565172	cassette	False	38920411	38933058	38933099	38959418	38920411	38959418	38920410	38959419	39008	3	transcript/884341,transcript/915274,transcript/941746
NC_133191.1:38959419-38959621:+	NC_133191.1	+	38959419	38959621	203	map7d1a	565172	alt_5p	False	38920411	38959418	38959622	38976834	38920411	38976834	38920410	38976835	56424	1	transcript/867347
NC_133191.1:39152028-39152413:+	NC_133191.1	+	39152028	39152413	386	thrap3a	570454	alt_5p	True	39151921	39152027	39152414	39152817	39151921	39152817	39151920	39152818	897	5	transcript/134008,transcript/162723,transcript/183424,transcript/206245,transcript/375655
NC_133191.1:39679145-39679192:-	NC_133191.1	-	39679145	39679192	48	LOC137487940	137487940	cassette	False	39671490	39679144	39679193	39681691	39671490	39681691	39671489	39681692	10202	4	transcript/1800964,transcript/4635463,transcript/4659695,transcript/4703183
NC_133191.1:40342086-40342133:-	NC_133191.1	-	40342086	40342133	48	LOC141378256	141378256	cassette	False	40333987	40342085	40342134	40344632	40333987	40344632	40333986	40344633	10646	1	transcript/4531104
NC_133191.1:40555697-40556001:-	NC_133191.1	-	40555697	40556001	305	LOC141378267	141378267	alt_5p	False	40555141	40555696	40556002	40556924	40555141	40556924	40555140	40556925	1784	1	transcript/2857522
NC_133191.1:40877806-40877853:-	NC_133191.1	-	40877806	40877853	48	LOC141378260	141378260	cassette	False	40870077	40877805	40877854	40880351	40870077	40880351	40870076	40880352	10275	35	transcript/1397435,transcript/1830329,transcript/195959,transcript/2206890,transcript/2506611,transcript/2940531,transcript/3650409,transcript/3708660,transcript/3844468,transcript/4460303,transcript/4464752,transcript/4475337,transcript/4513620,transcript/4541389,transcript/4642375,transcript/4647144,transcript/464927,transcript/4666868,transcript/4670931,transcript/4677555,transcript/4687163,transcript/4700470,transcript/4705834,transcript/4712936,transcript/4728062,transcript/4744843,transcript/4814666,transcript/4904369,transcript/510659,transcript/516079,transcript/5277239,transcript/5372860,transcript/5677769,transcript/881690,transcript/995700
NC_133191.1:41336865-41336917:+	NC_133191.1	+	41336865	41336917	53	kiaa0319	794624	cassette	True	41336220	41336864	41336918	41337801	41336220	41337801	41336219	41337802	1582	2	transcript/292673,transcript/351977
NC_133191.1:42749642-42749701:+	NC_133191.1	+	42749642	42749701	60	cdc42se1	791998	cassette	False	42748340	42749641	42749702	42751699	42748340	42751699	42748339	42751700	3360	3	transcript/2899010,transcript/2909137,transcript/3560624
NC_133191.1:42989874-42989975:-	NC_133191.1	-	42989874	42989975	102	eif3ea	325102	cassette	True	42988991	42989873	42989976	42996714	42988991	42996714	42988990	42996715	7724	2	transcript/3253825,transcript/3333270
NC_133191.1:43074750-43075538:+	NC_133191.1	+	43074750	43075538	789	emc2	407073	cassette	False	43070316	43074749	43075539	43077612	43070316	43077612	43070315	43077613	7297	1	transcript/1928677
NC_133191.1:43075205-43075538:+	NC_133191.1	+	43075205	43075538	334	emc2	407073	cassette	False	43070316	43075204	43075539	43077612	43070316	43077612	43070315	43077613	7297	1	transcript/2907629
NC_133191.1:43075467-43075538:+	NC_133191.1	+	43075467	43075538	72	emc2	407073	cassette	False	43070316	43075466	43075539	43077612	43070316	43077612	43070315	43077613	7297	1	transcript/3690578
NC_133191.1:43102398-43102488:+	NC_133191.1	+	43102398	43102488	91	emc2	407073	alt_5p	False	43088303	43102397	43102489	43102654	43088303	43102654	43088302	43102655	14352	2	transcript/3854075,transcript/3871831
NC_133191.1:43797141-43797319:-	NC_133191.1	-	43797141	43797319	179	stt3b	323918	alt_5p	False	43796093	43797140	43797320	43799026	43796093	43799026	43796092	43799027	2934	3	transcript/302543,transcript/308821,transcript/327599
NC_133191.1:45792728-45792766:-	NC_133191.1	-	45792728	45792766	39	nek11	101883026	cassette	True	45792396	45792727	45792767	45795047	45792396	45795047	45792395	45795048	2652	4	transcript/1456503,transcript/1470251,transcript/1490674,transcript/1528652
NC_133191.1:46219508-46219919:-	NC_133191.1	-	46219508	46219919	412	psmc4	326884	alt_5p	True	46218993	46219507	46219920	46219998	46218993	46219998	46218992	46219999	1006	3	transcript/2807978,transcript/2852673,transcript/2859091
NC_133191.1:46309689-46309785:+	NC_133191.1	+	46309689	46309785	97	scn1ba	555423	cassette	False	46295353	46309688	46309786	46310217	46295353	46310217	46295352	46310218	14865	3	transcript/2326497,transcript/565883,transcript/904219
NC_133191.1:46597529-46597568:-	NC_133191.1	-	46597529	46597568	40	alkbh8	556362	cassette	False	46596620	46597528	46597569	46598402	46596620	46598402	46596619	46598403	1783	2	transcript/2000078,transcript/2116282
NC_133191.1:46870333-46870448:-	NC_133191.1	-	46870333	46870448	116	smarcc1a	403020	alt_5p	False	46868711	46870332	46870449	46870538	46868711	46870538	46868710	46870539	1828	1	transcript/235701
NC_133191.1:47573686-47573744:-	NC_133191.1	-	47573686	47573744	59	slc25a40	436633	cassette	False	47572570	47573685	47573745	47574471	47572570	47574471	47572569	47574472	1902	3	transcript/2556089,transcript/2571550,transcript/2644133
NC_133191.1:49140013-49140209:+	NC_133191.1	+	49140013	49140209	197	zgc:101716	492784	cassette	True	49138669	49140012	49140210	49141822	49138669	49141822	49138668	49141823	3154	3	transcript/3788648,transcript/3854064,transcript/3863443
NC_133191.1:49356507-49356596:-	NC_133191.1	-	49356507	49356596	90	rbm42	445360	alt_5p	False	49352944	49356506	49356597	49356675	49352944	49356675	49352943	49356676	3732	2	transcript/2970114,transcript/2984493
NC_133191.1:50395775-50395862:+	NC_133191.1	+	50395775	50395862	88	rbm8a	503767	cassette	True	50395210	50395774	50395863	50398425	50395210	50398425	50395209	50398426	3216	3	transcript/5568695,transcript/5600760,transcript/5612463
NC_133191.1:50794091-50794297:+	NC_133191.1	+	50794091	50794297	207	nr2f5	30427	cassette	True	50792665	50794090	50794298	50795859	50792665	50795859	50792664	50795860	3195	1	transcript/732105
NC_133191.1:51075161-51075373:-	NC_133191.1	-	51075161	51075373	213	LOC141378318	141378318	cassette	False	51073839	51075160	51075374	51077338	51073839	51077338	51073838	51077339	3500	3	transcript/3470601,transcript/3681506,transcript/3727722
NC_133191.1:54236212-54236339:+	NC_133191.1	+	54236212	54236339	128	rab5ab	393945	alt_5p	False	54234937	54236211	54236340	54236500	54234937	54236500	54234936	54236501	1564	1	transcript/4569034
NC_133191.1:54624551-54624638:+	NC_133191.1	+	54624551	54624638	88	ube2e2	445100	cassette	True	54621862	54624550	54624639	54628559	54621862	54628559	54621861	54628560	6698	2	transcript/3552259,transcript/3664769
NC_133191.1:57077677-57077858:+	NC_133191.1	+	57077677	57077858	182	azin1a	550230	cassette	False	57077033	57077676	57077859	57079303	57077033	57079303	57077032	57079304	2271	2	transcript/2363114,transcript/2372473
NC_133191.1:57788790-57788872:+	NC_133191.1	+	57788790	57788872	83	rbm24b	562236	cassette	True	57788700	57788789	57788873	57798457	57788700	57798457	57788699	57798458	9758	5	transcript/1867000,transcript/1875834,transcript/2623221,transcript/3361608,transcript/3781807
NC_133191.1:57818766-57819089:+	NC_133191.1	+	57818766	57819089	324	grinab	394183	alt_5p	False	57813218	57818765	57819090	57821751	57813218	57821751	57813217	57821752	8534	3	transcript/3111913,transcript/3170205,transcript/3184601
NC_133191.1:57926839-57927027:+	NC_133191.1	+	57926839	57927027	189	gpatch3	791148	cassette	True	57924907	57926838	57927028	57928323	57924907	57928323	57924906	57928324	3417	2	transcript/1489391,transcript/1585126
NC_133191.1:58013192-58013224:+	NC_133191.1	+	58013192	58013224	33	LOC141374996	141374996	cassette	False	58013048	58013191	58013225	58013346	58013048	58013346	58013047	58013347	299	2	transcript/4105276,transcript/5521097
NC_133192.1:631610-631791:+	NC_133192.1	+	631610	631791	182	fsip1	550574	alt_5p	False	630988	631609	631792	632353	630988	632353	630987	632354	1366	3	transcript/2416344,transcript/2482134,transcript/3124448
NC_133192.1:1385879-1386012:-	NC_133192.1	-	1385879	1386012	134	actc1b	58114	alt_5p	False	1385805	1385878	1386013	1387534	1385805	1387534	1385804	1387535	1730	1	transcript/4139647
NC_133192.1:2789953-2790075:+	NC_133192.1	+	2789953	2790075	123	srp14	619260	alt_5p	False	2780978	2789952	2790076	2793466	2780978	2793466	2780977	2793467	12489	6	transcript/5836768,transcript/5856368,transcript/5903506,transcript/5968025,transcript/6018393,transcript/6067033
NC_133192.1:4452750-4452873:+	NC_133192.1	+	4452750	4452873	124	sntg2	569320	cassette	False	4403893	4452749	4452874	4454096	4403893	4454096	4403892	4454097	50204	1	transcript/1534932
NC_133192.1:6818489-6818597:-	NC_133192.1	-	6818489	6818597	109	xkr6a	108179076	cassette	False	6802938	6818488	6818598	6862948	6802938	6862948	6802937	6862949	60011	4	transcript/101971,transcript/190746,transcript/1992450,transcript/83435
NC_133192.1:7914450-7914639:+	NC_133192.1	+	7914450	7914639	190	afg1la	561238	alt_5p	True	7914288	7914449	7914640	7915220	7914288	7915220	7914287	7915221	933	3	transcript/2467097,transcript/2660848,transcript/2686394
NC_133192.1:9372403-9372504:+	NC_133192.1	+	9372403	9372504	102	slc18b1	550539	alt_5p	True	9368400	9372402	9372505	9372715	9368400	9372715	9368399	9372716	4316	1	transcript/2973889
NC_133192.1:11256312-11256593:-	NC_133192.1	-	11256312	11256593	282	zgc:109986	553566	cassette	True	11255690	11256311	11256594	11257127	11255690	11257127	11255689	11257128	1438	1	transcript/3084771
NC_133192.1:11260230-11260373:-	NC_133192.1	-	11260230	11260373	144	zgc:109986	553566	alt_5p	False	11257251	11260229	11260374	11262572	11257251	11262572	11257250	11262573	5322	1	transcript/2954966
NC_133192.1:11663460-11663515:-	NC_133192.1	-	11663460	11663515	56	mipol1	321390	cassette	False	11639557	11663459	11663516	11678071	11639557	11678071	11639556	11678072	38515	1	transcript/1749411
NC_133192.1:11924745-11925045:-	NC_133192.1	-	11924745	11925045	301	jmjd7	550278	alt_5p	False	11924350	11924744	11925046	11930017	11924350	11930017	11924349	11930018	5668	6	transcript/2673198,transcript/3580064,transcript/4184898,transcript/4268465,transcript/4273936,transcript/4440929
NC_133192.1:11929962-11930172:-	NC_133192.1	-	11929962	11930172	211	jmjd7	550278	alt_5p	False	11925046	11929961	11930173	11931360	11925046	11931360	11925045	11931361	6315	5	transcript/3612256,transcript/3977489,transcript/4030364,transcript/4125367,transcript/4234041
NC_133192.1:12627532-12627602:-	NC_133192.1	-	12627532	12627602	71	psma3	564370	alt_5p	False	12625785	12627531	12627603	12628285	12625785	12628285	12625784	12628286	2501	1	transcript/5146786
NC_133192.1:12996885-12997127:-	NC_133192.1	-	12996885	12997127	243	smyd3	569507	alt_5p	False	12987995	12996884	12997128	13012588	12987995	13012588	12987994	13012589	24594	2	transcript/2755965,transcript/2779073
NC_133192.1:13267249-13267385:+	NC_133192.1	+	13267249	13267385	137	tfb2m	569468	cassette	True	13265404	13267248	13267386	13269796	13265404	13269796	13265403	13269797	4393	2	transcript/2133798,transcript/2214365
NC_133192.1:13873204-13873638:+	NC_133192.1	+	13873204	13873638	435	gpn1	445239	cassette	True	13872185	13873203	13873639	13876446	13872185	13876446	13872184	13876447	4262	3	transcript/1275048,transcript/2154060,transcript/2192864
NC_133192.1:14169916-14170021:-	NC_133192.1	-	14169916	14170021	106	psma6a	171585	cassette	False	14169788	14169915	14170022	14170988	14169788	14170988	14169787	14170989	1201	1	transcript/5250993
NC_133192.1:14295560-14295952:+	NC_133192.1	+	14295560	14295952	393	gemin2	550271	cassette	False	14295373	14295559	14295953	14296547	14295373	14296547	14295372	14296548	1175	3	transcript/3933205,transcript/3941051,transcript/4173000
NC_133192.1:16181154-16181241:-	NC_133192.1	-	16181154	16181241	88	txndc16	556973	cassette	True	16172829	16181153	16181242	16186730	16172829	16186730	16172828	16186731	13902	3	transcript/832885,transcript/875066,transcript/911769
NC_133192.1:16590309-16590398:-	NC_133192.1	-	16590309	16590398	90	fam184aa	407982	cassette	True	16587998	16590308	16590399	16593585	16587998	16593585	16587997	16593586	5588	3	transcript/307290,transcript/316641,transcript/368635
NC_133192.1:16692179-16692301:+	NC_133192.1	+	16692179	16692301	123	fabp7a	58128	cassette	True	16691580	16692178	16692302	16692941	16691580	16692941	16691579	16692942	1362	9	transcript/6029788,transcript/6034910,transcript/6036438,transcript/6061171,transcript/6070055,transcript/6070266,transcript/6085024,transcript/6085751,transcript/6212405
NC_133192.1:19033438-19033483:+	NC_133192.1	+	19033438	19033483	46	alkbh1	553720	cassette	False	19033236	19033437	19033484	19033678	19033236	19033678	19033235	19033679	443	3	transcript/3904480,transcript/3954638,transcript/4580719
NC_133192.1:20896291-20896312:-	NC_133192.1	-	20896291	20896312	22	LOC141378551	141378551	cassette	True	20894909	20896290	20896313	20897286	20894909	20897286	20894908	20897287	2378	1	transcript/504753
NC_133192.1:20896291-20896315:-	NC_133192.1	-	20896291	20896315	25	LOC141378551	141378551	cassette	True	20894909	20896290	20896316	20897286	20894909	20897286	20894908	20897287	2378	1	transcript/459083
NC_133192.1:21479333-21479428:+	NC_133192.1	+	21479333	21479428	96	si:ch211-248a14.8	100001321	alt_5p	False	21479126	21479332	21479429	21479524	21479126	21479524	21479125	21479525	399	1	transcript/2950321
NC_133192.1:21550104-21550279:+	NC_133192.1	+	21550104	21550279	176	smndc1	572679	alt_5p	False	21549621	21550103	21550280	21556052	21549621	21556052	21549620	21556053	6432	16	transcript/3753883,transcript/3757427,transcript/3762858,transcript/3765821,transcript/3811499,transcript/3831608,transcript/3832479,transcript/3834242,transcript/3836651,transcript/3838726,transcript/3850638,transcript/3850639,transcript/3875639,transcript/3973207,transcript/5506493,transcript/5578545
NC_133192.1:23460557-23460650:-	NC_133192.1	-	23460557	23460650	94	ttbk1b	100000353	cassette	False	23459373	23460556	23460651	23462358	23459373	23462358	23459372	23462359	2986	2	transcript/1146003,transcript/1190491
NC_133192.1:24564086-24564123:-	NC_133192.1	-	24564086	24564123	38	tbc1d12a	563626	cassette	False	24562777	24564085	24564124	24564531	24562777	24564531	24562776	24564532	1755	3	transcript/409121,transcript/412770,transcript/414701
NC_133192.1:25350083-25350168:+	NC_133192.1	+	25350083	25350168	86	si:ch211-63b16.4	101882391	alt_5p	False	25349792	25350082	25350169	25354579	25349792	25354579	25349791	25354580	4788	1	transcript/922300
NC_133192.1:26824370-26824496:+	NC_133192.1	+	26824370	26824496	127	srrm1	406751	cassette	False	26824052	26824369	26824497	26827522	26824052	26827522	26824051	26827523	3471	6	transcript/532016,transcript/537396,transcript/555606,transcript/788886,transcript/813254,transcript/817428
NC_133192.1:26955655-26955784:-	NC_133192.1	-	26955655	26955784	130	rtn4ip1	393323	alt_5p	False	26953037	26955654	26955785	26955901	26953037	26955901	26953036	26955902	2865	1	transcript/4073926
NC_133192.1:26963153-26963243:+	NC_133192.1	+	26963153	26963243	91	qrsl1	327329	cassette	True	26962935	26963152	26963244	26963969	26962935	26963969	26962934	26963970	1035	3	transcript/2362759,transcript/2413083,transcript/2444072
NC_133192.1:28054434-28054497:+	NC_133192.1	+	28054434	28054497	64	ndnfl	100148595	cassette	False	28048538	28054433	28054498	28054848	28048538	28054848	28048537	28054849	6311	3	transcript/1412783,transcript/1430294,transcript/1432481
NC_133192.1:29273922-29273992:+	NC_133192.1	+	29273922	29273992	71	qkia	30471	cassette	False	29266262	29273921	29273993	29284087	29266262	29284087	29266261	29284088	17826	5	transcript/2822357,transcript/3087882,transcript/3140641,transcript/3147923,transcript/3205237
NC_133192.1:31948341-31948481:-	NC_133192.1	-	31948341	31948481	141	itsn2b	445153	cassette	True	31946668	31948340	31948482	31948736	31946668	31948736	31946667	31948737	2069	3	transcript/1627162,transcript/1670430,transcript/1729419
NC_133192.1:33533048-33533345:+	NC_133192.1	+	33533048	33533345	298	insyn2ab	100002268	cassette	True	33523278	33533047	33533346	33551831	33523278	33551831	33523277	33551832	28554	2	transcript/1026752,transcript/1030324
NC_133192.1:33900575-33900648:+	NC_133192.1	+	33900575	33900648	74	adam12b	563275	cassette	False	33900495	33900574	33900649	33908614	33900495	33908614	33900494	33908615	8120	1	transcript/197962
NC_133192.1:35126876-35126929:+	NC_133192.1	+	35126876	35126929	54	LOC137488123	137488123	alt_5p	False	35126785	35126875	35126930	35128772	35126785	35128772	35126784	35128773	1988	1	transcript/2675800
NC_133192.1:35521707-35522172:+	NC_133192.1	+	35521707	35522172	466	LOC137488123	137488123	alt_5p	False	35475174	35521706	35522173	35572200	35475174	35572200	35475173	35572201	97027	1	transcript/739452
NC_133192.1:36719436-36719504:-	NC_133192.1	-	36719436	36719504	69	mboat2a	570695	alt_5p	False	36714522	36719435	36719505	36727038	36714522	36727038	36714521	36727039	12517	1	transcript/1067970
NC_133192.1:36956610-36956707:-	NC_133192.1	-	36956610	36956707	98	itgb1bp1	641420	alt_5p	False	36954599	36956609	36956708	36957147	36954599	36957147	36954598	36957148	2549	2	transcript/4364303,transcript/4385234
NC_133192.1:39057296-39057384:-	NC_133192.1	-	39057296	39057384	89	asxl2	100150267	alt_5p	False	39050678	39057295	39057385	39061574	39050678	39061574	39050677	39061575	10897	3	transcript/236185,transcript/3089792,transcript/3108680
NC_133192.1:48603752-48603854:-	NC_133192.1	-	48603752	48603854	103	rtkn2	449666	cassette	False	48600535	48603751	48603855	48603961	48600535	48603961	48600534	48603962	3427	9	transcript/1046205,transcript/1049295,transcript/1050497,transcript/1056251,transcript/1082089,transcript/1157175,transcript/2616586,transcript/2778052,transcript/3660171
NC_133192.1:49969359-49969421:-	NC_133192.1	-	49969359	49969421	63	fam161b	569419	cassette	True	49969262	49969358	49969422	49985793	49969262	49985793	49969261	49985794	16532	4	transcript/2046884,transcript/2056117,transcript/2186406,transcript/2294293
NC_133192.1:50005286-50005436:+	NC_133192.1	+	50005286	50005436	151	coq6	751691	cassette	False	50004336	50005285	50005437	50005559	50004336	50005559	50004335	50005560	1224	2	transcript/2720683,transcript/2733313
NC_133192.1:50005778-50005915:+	NC_133192.1	+	50005778	50005915	138	coq6	751691	alt_5p	True	50005692	50005777	50005916	50007955	50005692	50007955	50005691	50007956	2264	9	transcript/2300661,transcript/2554119,transcript/2592246,transcript/2660915,transcript/2703215,transcript/2999321,transcript/3035150,transcript/3044434,transcript/3045583
NC_133192.1:50745959-50746085:+	NC_133192.1	+	50745959	50746085	127	aspg	100124594	alt_5p	False	50743985	50745958	50746086	50749030	50743985	50749030	50743984	50749031	5046	1	transcript/1111866
NC_133192.1:50751562-50751687:+	NC_133192.1	+	50751562	50751687	126	aspg	100124594	alt_5p	True	50749515	50751561	50751688	50752654	50749515	50752654	50749514	50752655	3140	1	transcript/1211047
NC_133192.1:54217114-54220239:-	NC_133192.1	-	54217114	54220239	3126	ccdc177	795175	alt_5p	True	54211537	54217113	54220240	54222269	54211537	54222269	54211536	54222270	10733	9	transcript/250159,transcript/260669,transcript/273036,transcript/325739,transcript/328190,transcript/335041,transcript/364532,transcript/365753,transcript/437823
NC_133192.1:55044891-55044986:+	NC_133192.1	+	55044891	55044986	96	scaf8	326092	cassette	False	55035838	55044890	55044987	55068333	55035838	55068333	55035837	55068334	32496	10	transcript/143198,transcript/143199,transcript/143582,transcript/158721,transcript/175514,transcript/180938,transcript/183994,transcript/188227,transcript/191808,transcript/191817
NC_133192.1:55044894-55044986:+	NC_133192.1	+	55044894	55044986	93	scaf8	326092	cassette	False	55035838	55044893	55044987	55068333	55035838	55068333	55035837	55068334	32496	1	transcript/157986
NC_133192.1:55542173-55542245:-	NC_133192.1	-	55542173	55542245	73	fcf1	550264	alt_5p	False	55539887	55542172	55542246	55542342	55539887	55542342	55539886	55542343	2456	1	transcript/4990144
NC_133192.1:56336391-56336531:+	NC_133192.1	+	56336391	56336531	141	syncripl	324384	alt_5p	False	56336311	56336390	56336532	56337060	56336311	56337060	56336310	56337061	750	1	transcript/1723616
NC_133192.1:57848108-57848286:+	NC_133192.1	+	57848108	57848286	179	odc1	114426	alt_5p	False	57846045	57848107	57848287	57848541	57846045	57848541	57846044	57848542	2497	1	transcript/2059166
NC_133193.1:325919-325995:+	NC_133193.1	+	325919	325995	77	mibp2	386710	alt_5p	True	325849	325918	325996	326548	325849	326548	325848	326549	700	1	transcript/4999783
NC_133193.1:366933-367177:-	NC_133193.1	-	366933	367177	245	nnt2	108179934	alt_5p	True	366166	366932	367178	367904	366166	367904	366165	367905	1739	2	transcript/1354997,transcript/1390493
NC_133193.1:3831144-3831383:-	NC_133193.1	-	3831144	3831383	240	serp1	336797	cassette	False	3831029	3831143	3831384	3834017	3831029	3834017	3831028	3834018	2989	1	transcript/5218637
NC_133193.1:3831148-3831383:-	NC_133193.1	-	3831148	3831383	236	serp1	336797	cassette	False	3831029	3831147	3831384	3834017	3831029	3834017	3831028	3834018	2989	2	transcript/5215170,transcript/5467372
NC_133193.1:6691180-6691237:-	NC_133193.1	-	6691180	6691237	58	pdcd10a	393527	cassette	False	6690449	6691179	6691238	6695402	6690449	6695402	6690448	6695403	4954	1	transcript/4284898
NC_133193.1:6691180-6691277:-	NC_133193.1	-	6691180	6691277	98	pdcd10a	393527	cassette	False	6690449	6691179	6691278	6695402	6690449	6695402	6690448	6695403	4954	2	transcript/4249707,transcript/4360125
NC_133193.1:6802493-6802572:-	NC_133193.1	-	6802493	6802572	80	golim4a	100000956	alt_5p	False	6800986	6802492	6802573	6818027	6800986	6818027	6800985	6818028	17042	1	transcript/2911080
NC_133193.1:7029119-7029250:-	NC_133193.1	-	7029119	7029250	132	nob1	557254	cassette	False	7027535	7029118	7029251	7030603	7027535	7030603	7027534	7030604	3069	11	transcript/1229223,transcript/1382413,transcript/2225034,transcript/2235499,transcript/2236335,transcript/2241855,transcript/2309126,transcript/2326065,transcript/2458368,transcript/2487379,transcript/2504258
NC_133193.1:8483698-8483728:+	NC_133193.1	+	8483698	8483728	31	LOC101882393	101882393	cassette	False	8480487	8483697	8483729	8486305	8480487	8486305	8480486	8486306	5819	7	transcript/1781349,transcript/1834585,transcript/2904102,transcript/3792073,transcript/3805851,transcript/834018,transcript/846855
NC_133193.1:9514121-9514290:+	NC_133193.1	+	9514121	9514290	170	chkb	563589	cassette	True	9513424	9514120	9514291	9515382	9513424	9515382	9513423	9515383	1959	1	transcript/861685
NC_133193.1:16007530-16007929:+	NC_133193.1	+	16007530	16007929	400	vps9d1	503773	alt_5p	True	16005740	16007529	16007930	16013060	16005740	16013060	16005739	16013061	7321	4	transcript/693093,transcript/701329,transcript/876544,transcript/889430
NC_133193.1:16954980-16955075:-	NC_133193.1	-	16954980	16955075	96	bmal2	58099	cassette	False	16952095	16954979	16955076	16955452	16952095	16955452	16952094	16955453	3358	1	transcript/779969
NC_133193.1:16954980-16955259:-	NC_133193.1	-	16954980	16955259	280	bmal2	58099	cassette	False	16952095	16954979	16955260	16955452	16952095	16955452	16952094	16955453	3358	3	transcript/607065,transcript/689467,transcript/721843
NC_133193.1:16966978-16967115:-	NC_133193.1	-	16966978	16967115	138	bmal2	58099	alt_5p	False	16963309	16966977	16967116	16988694	16963309	16988694	16963308	16988695	25386	2	transcript/1180067,transcript/733513
NC_133193.1:17520078-17520179:+	NC_133193.1	+	17520078	17520179	102	ctsd	65225	cassette	False	17518728	17520077	17520180	17520601	17518728	17520601	17518727	17520602	1874	3	transcript/2802606,transcript/2906390,transcript/2965964
NC_133193.1:17813215-17813352:+	NC_133193.1	+	17813215	17813352	138	mgat4c	100333333	alt_5p	False	17807370	17813214	17813353	17816585	17807370	17816585	17807369	17816586	9216	5	transcript/2573457,transcript/2637269,transcript/3084647,transcript/3110841,transcript/3193175
NC_133193.1:17813215-17813498:+	NC_133193.1	+	17813215	17813498	284	mgat4c	100333333	alt_5p	False	17807370	17813214	17813499	17816585	17807370	17816585	17807369	17816586	9216	3	transcript/2431658,transcript/2652034,transcript/2702821
NC_133193.1:18315426-18315565:-	NC_133193.1	-	18315426	18315565	140	znf143b	393954	alt_5p	False	18314343	18315425	18315566	18315642	18314343	18315642	18314342	18315643	1300	2	transcript/1989400,transcript/2043812
NC_133193.1:18440277-18440492:-	NC_133193.1	-	18440277	18440492	216	tango6	572623	alt_5p	True	18435511	18440276	18440493	18443479	18435511	18443479	18435510	18443480	7969	2	transcript/591335,transcript/600046
NC_133193.1:18795567-18795712:-	NC_133193.1	-	18795567	18795712	146	ces2a	566132	alt_5p	True	18795475	18795566	18795713	18795794	18795475	18795794	18795474	18795795	320	14	transcript/3081511,transcript/3124128,transcript/3140678,transcript/3171052,transcript/3174678,transcript/3180013,transcript/3191733,transcript/3214949,transcript/3221720,transcript/3229468,transcript/3234281,transcript/3251731,transcript/3277078,transcript/3633102
NC_133193.1:18799457-18799518:-	NC_133193.1	-	18799457	18799518	62	ces2a	566132	cassette	False	18798170	18799456	18799519	18800042	18798170	18800042	18798169	18800043	1873	1	transcript/3062363
NC_133193.1:20847162-20847323:+	NC_133193.1	+	20847162	20847323	162	zwilch	336439	alt_5p	False	20847079	20847161	20847324	20847408	20847079	20847408	20847078	20847409	330	1	transcript/2290102
NC_133193.1:20858718-20858804:-	NC_133193.1	-	20858718	20858804	87	zwilch	336439	cassette	True	20855297	20858717	20858805	20859133	20855297	20859133	20855296	20859134	3837	3	transcript/1159392,transcript/1167309,transcript/1348733
NC_133193.1:21428239-21428273:+	NC_133193.1	+	21428239	21428273	35	morf4l1	436877	cassette	False	21426846	21428238	21428274	21428650	21426846	21428650	21426845	21428651	1805	4	transcript/3963058,transcript/4036343,transcript/4049020,transcript/4073331
NC_133193.1:21846160-21846293:-	NC_133193.1	-	21846160	21846293	134	kif23	30627	alt_5p	False	21843625	21846159	21846294	21846367	21843625	21846367	21843624	21846368	2743	2	transcript/579038,transcript/813150
NC_133193.1:21860412-21860558:+	NC_133193.1	+	21860412	21860558	147	ddb2	100004133	cassette	False	21857935	21860411	21860559	21861616	21857935	21861616	21857934	21861617	3682	8	transcript/2570395,transcript/2583745,transcript/2586573,transcript/2612136,transcript/2654565,transcript/2669957,transcript/2743279,transcript/2761001
NC_133193.1:22514312-22514364:+	NC_133193.1	+	22514312	22514364	53	chka	558499	cassette	False	22513257	22514311	22514365	22516595	22513257	22516595	22513256	22516596	3339	13	transcript/1246718,transcript/1370203,transcript/1373176,transcript/1814611,transcript/657058,transcript/658285,transcript/666810,transcript/668254,transcript/669664,transcript/676638,transcript/679585,transcript/690882,transcript/805780
NC_133193.1:23314409-23314535:-	NC_133193.1	-	23314409	23314535	127	nutf2	449827	alt_5p	False	23310966	23314408	23314536	23319261	23310966	23319261	23310965	23319262	8296	2	transcript/4843623,transcript/5081826
NC_133193.1:23858815-23858893:+	NC_133193.1	+	23858815	23858893	79	cfdp1	567870	cassette	True	23815255	23858814	23858894	23861510	23815255	23861510	23815254	23861511	46256	1	transcript/1941519
NC_133193.1:26996522-26996947:-	NC_133193.1	-	26996522	26996947	426	LOC565819	565819	alt_5p	False	26994289	26996521	26996948	26999877	26994289	26999877	26994288	26999878	5589	1	transcript/1052877
NC_133193.1:28310508-28310591:-	NC_133193.1	-	28310508	28310591	84	si:dkey-24l11.2	100034462	cassette	True	28309011	28310507	28310592	28313076	28309011	28313076	28309010	28313077	4066	1	transcript/1213417
NC_133193.1:32064925-32065092:+	NC_133193.1	+	32064925	32065092	168	cox4i1	326975	alt_5p	False	32064259	32064924	32065093	32065170	32064259	32065170	32064258	32065171	912	1	transcript/6381832
NC_133193.1:32503479-32503561:+	NC_133193.1	+	32503479	32503561	83	mthfsd	566203	cassette	False	32496757	32503478	32503562	32504642	32496757	32504642	32496756	32504643	7886	1	transcript/3129097
NC_133193.1:32642469-32642709:-	NC_133193.1	-	32642469	32642709	241	drc4	323260	alt_5p	False	32640135	32642468	32642710	32642791	32640135	32642791	32640134	32642792	2657	2	transcript/1685020,transcript/1816460
NC_133193.1:32697115-32697209:-	NC_133193.1	-	32697115	32697209	95	pdcd5	394152	cassette	False	32696051	32697114	32697210	32697788	32696051	32697788	32696050	32697789	1738	1	transcript/5357148
NC_133193.1:38329714-38329796:-	NC_133193.1	-	38329714	38329796	83	snrpa	324121	cassette	False	38328809	38329713	38329797	38330227	38328809	38330227	38328808	38330228	1419	2	transcript/4154502,transcript/4274551
NC_133193.1:38680566-38680633:+	NC_133193.1	+	38680566	38680633	68	rasgrp4	558453	alt_5p	False	38680336	38680565	38680634	38680724	38680336	38680724	38680335	38680725	389	1	transcript/758617
NC_133193.1:39540216-39540262:+	NC_133193.1	+	39540216	39540262	47	clasrp	555304	alt_5p	False	39540123	39540215	39540263	39542285	39540123	39542285	39540122	39542286	2163	2	transcript/1116779,transcript/1519792
NC_133193.1:39542286-39542473:+	NC_133193.1	+	39542286	39542473	188	clasrp	555304	alt_5p	False	39540259	39542285	39542474	39545454	39540259	39545454	39540258	39545455	5196	4	transcript/1042097,transcript/1115369,transcript/1237398,transcript/1518386
NC_133193.1:39546245-39546348:+	NC_133193.1	+	39546245	39546348	104	clasrp	555304	cassette	True	39546026	39546244	39546349	39547963	39546026	39547963	39546025	39547964	1938	2	transcript/1012653,transcript/1025897
NC_133193.1:39546248-39546348:+	NC_133193.1	+	39546248	39546348	101	clasrp	555304	cassette	True	39546026	39546247	39546349	39547963	39546026	39547963	39546025	39547964	1938	1	transcript/1022373
NC_133193.1:40775118-40775283:-	NC_133193.1	-	40775118	40775283	166	luzp2	100137118	alt_5p	True	40767248	40775117	40775284	40793073	40767248	40793073	40767247	40793074	25826	4	transcript/1057258,transcript/1212522,transcript/3921241,transcript/979326
NC_133193.1:40969018-40969143:-	NC_133193.1	-	40969018	40969143	126	luzp2	100137118	cassette	False	40871489	40969017	40969144	41016018	40871489	41016018	40871488	41016019	144530	2	transcript/1170014,transcript/1207296
NC_133193.1:41696099-41696327:+	NC_133193.1	+	41696099	41696327	229	atosa	555595	alt_5p	False	41689082	41696098	41696328	41696418	41689082	41696418	41689081	41696419	7337	1	transcript/153220
NC_133193.1:43422423-43422532:-	NC_133193.1	-	43422423	43422532	110	chrna5	550584	cassette	False	43421093	43422422	43422533	43433345	43421093	43433345	43421092	43433346	12253	1	transcript/2565759
NC_133193.1:43431030-43431120:-	NC_133193.1	-	43431030	43431120	91	chrna5	550584	cassette	False	43421093	43431029	43431121	43433345	43421093	43433345	43421092	43433346	12253	4	transcript/2540961,transcript/2564256,transcript/2612839,transcript/2755907
NC_133193.1:43838000-43838126:-	NC_133193.1	-	43838000	43838126	127	polr2i	449992	alt_5p	True	43836808	43837999	43838127	43838913	43836808	43838913	43836807	43838914	2106	1	transcript/6070040
NC_133193.1:44453311-44453351:+	NC_133193.1	+	44453311	44453351	41	ccnl1a	553269	cassette	True	44452790	44453310	44453352	44454936	44452790	44454936	44452789	44454937	2147	3	transcript/2016575,transcript/2022227,transcript/2032628
NC_133193.1:44453311-44453466:+	NC_133193.1	+	44453311	44453466	156	ccnl1a	553269	cassette	True	44452790	44453310	44453467	44454936	44452790	44454936	44452789	44454937	2147	62	transcript/1458691,transcript/1500869,transcript/1510485,transcript/1665918,transcript/1733310,transcript/1760859,transcript/1773610,transcript/1774848,transcript/1776851,transcript/1778276,transcript/1780607,transcript/1785348,transcript/1785542,transcript/1786579,transcript/1788209,transcript/1789775,transcript/1790180,transcript/1792884,transcript/1795300,transcript/1801460,transcript/1803692,transcript/1807783,transcript/1810268,transcript/1810819,transcript/1813458,transcript/1815629,transcript/1819682,transcript/1824366,transcript/1825894,transcript/1826534,transcript/1831615,transcript/1832511,transcript/1832758,transcript/1835253,transcript/1836611,transcript/1838211,transcript/1838248,transcript/1838542,transcript/1841666,transcript/1843588,transcript/1844100,transcript/1849967,transcript/1853922,transcript/1856941,transcript/1858645,transcript/1859400,transcript/1861586,transcript/1862247,transcript/1864926,transcript/1868280,transcript/1871867,transcript/1875649,transcript/1876748,transcript/1877103,transcript/1884217,transcript/1886256,transcript/1897302,transcript/1904046,transcript/1904089,transcript/3987351,transcript/4503444,transcript/4586848
NC_133193.1:44453311-44453538:+	NC_133193.1	+	44453311	44453538	228	ccnl1a	553269	cassette	True	44452790	44453310	44453539	44454936	44452790	44454936	44452789	44454937	2147	2	transcript/1691588,transcript/1723762
NC_133193.1:44455174-44455243:+	NC_133193.1	+	44455174	44455243	70	ccnl1a	553269	alt_5p	True	44455059	44455173	44455244	44458796	44455059	44458796	44455058	44458797	3738	13	transcript/2023187,transcript/2026751,transcript/2029322,transcript/2029571,transcript/2050184,transcript/2055533,transcript/2056994,transcript/2073473,transcript/2081658,transcript/2109601,transcript/2146923,transcript/2149928,transcript/2163975
NC_133193.1:44502563-44502684:+	NC_133193.1	+	44502563	44502684	122	baz1b	571727	alt_5p	False	44498389	44502562	44502685	44508314	44498389	44508314	44498388	44508315	9926	1	transcript/3306296
NC_133193.1:46835018-46835152:-	NC_133193.1	-	46835018	46835152	135	ddx6	564633	alt_5p	False	46834900	46835017	46835153	46836853	46834900	46836853	46834899	46836854	1954	1	transcript/538866
NC_133193.1:48710602-48710718:-	NC_133193.1	-	48710602	48710718	117	cstf3	406326	alt_5p	True	48709840	48710601	48710719	48711142	48709840	48711142	48709839	48711143	1303	2	transcript/1212540,transcript/1250776
NC_133193.1:49014939-49015025:-	NC_133193.1	-	49014939	49015025	87	pcyt1ab	553770	alt_5p	False	49013970	49014938	49015026	49015546	49013970	49015546	49013969	49015547	1577	4	transcript/1681795,transcript/1704082,transcript/1705512,transcript/1713325
NC_133193.1:53215546-53215574:+	NC_133193.1	+	53215546	53215574	29	scamp5b	100004357	cassette	False	53214437	53215545	53215575	53216850	53214437	53216850	53214436	53216851	2414	1	transcript/2137719
NC_133193.1:53654722-53654784:+	NC_133193.1	+	53654722	53654784	63	ubl7b	393331	alt_5p	True	53654607	53654721	53654785	53655082	53654607	53655082	53654606	53655083	476	1	transcript/4336824
NC_133193.1:54003424-54003583:-	NC_133193.1	-	54003424	54003583	160	st7	678587	alt_5p	False	54002973	54003423	54003584	54004903	54002973	54004903	54002972	54004904	1931	1	transcript/2161526
NC_133193.1:54005624-54005791:-	NC_133193.1	-	54005624	54005791	168	st7	678587	alt_5p	False	54005520	54005623	54005792	54007197	54005520	54007197	54005519	54007198	1678	1	transcript/2054708
NC_133194.1:965299-965550:-	NC_133194.1	-	965299	965550	252	glmp	447841	alt_5p	False	964923	965298	965551	967214	964923	967214	964922	967215	2292	1	transcript/2584510
NC_133194.1:966995-967096:-	NC_133194.1	-	966995	967096	102	glmp	447841	cassette	False	965551	966994	967097	967214	965551	967214	965550	967215	1664	2	transcript/2481619,transcript/2495946
NC_133194.1:1744023-1744087:-	NC_133194.1	-	1744023	1744087	65	cfap20	393784	cassette	True	1743044	1744022	1744088	1744349	1743044	1744349	1743043	1744350	1306	3	transcript/5966499,transcript/6013787,transcript/6108515
NC_133194.1:2214958-2215321:-	NC_133194.1	-	2214958	2215321	364	rplp1	336719	alt_5p	False	2214729	2214957	2215322	2216608	2214729	2216608	2214728	2216609	1880	4	transcript/6037594,transcript/6060974,transcript/6115566,transcript/6118734
NC_133194.1:2979501-2979790:+	NC_133194.1	+	2979501	2979790	290	hycc1	402926	cassette	True	2976009	2979500	2979791	2984920	2976009	2984920	2976008	2984921	8912	25	transcript/1003642,transcript/1010207,transcript/1023833,transcript/1101171,transcript/1805993,transcript/3001773,transcript/3400725,transcript/3639619,transcript/646543,transcript/689668,transcript/720347,transcript/766776,transcript/771272,transcript/860319,transcript/874481,transcript/893099,transcript/909798,transcript/915039,transcript/924622,transcript/931763,transcript/938554,transcript/940854,transcript/942804,transcript/949459,transcript/987598
NC_133194.1:3645438-3645587:+	NC_133194.1	+	3645438	3645587	150	si:ch211-133n4.6	797776	alt_5p	True	3644556	3645437	3645588	3646311	3644556	3646311	3644555	3646312	1756	2	transcript/3092683,transcript/3142536
NC_133194.1:4401863-4401902:+	NC_133194.1	+	4401863	4401902	40	stpg1	100002345	cassette	False	4401532	4401862	4401903	4402995	4401532	4402995	4401531	4402996	1464	3	transcript/5390290,transcript/5409756,transcript/5442009
NC_133194.1:6013189-6013351:+	NC_133194.1	+	6013189	6013351	163	eno2	402874	cassette	False	6010795	6013188	6013352	6013625	6010795	6013625	6010794	6013626	2831	1	transcript/3450536
NC_133194.1:6051221-6051292:-	NC_133194.1	-	6051221	6051292	72	gnb3b	406483	alt_5p	False	6047115	6051220	6051293	6051386	6047115	6051386	6047114	6051387	4272	1	transcript/3976796
NC_133194.1:6278285-6278451:-	NC_133194.1	-	6278285	6278451	167	krt1-19e	553371	alt_5p	False	6277622	6278284	6278452	6278849	6277622	6278849	6277621	6278850	1228	3	transcript/3193220,transcript/3203811,transcript/3233950
NC_133194.1:6285025-6285155:-	NC_133194.1	-	6285025	6285155	131	krt92	550522	alt_5p	False	6284919	6285024	6285156	6285236	6284919	6285236	6284918	6285237	318	1	transcript/3642890
NC_133194.1:6292211-6292298:-	NC_133194.1	-	6292211	6292298	88	cyt1l	792062	alt_5p	False	6292121	6292210	6292299	6292427	6292121	6292427	6292120	6292428	307	1	transcript/3631845
NC_133194.1:8217022-8217109:+	NC_133194.1	+	8217022	8217109	88	brd2a	30445	cassette	True	8216434	8217021	8217110	8218322	8216434	8218322	8216433	8218323	1889	1	transcript/710285
NC_133194.1:8480581-8480740:+	NC_133194.1	+	8480581	8480740	160	sf3b4	192318	alt_5p	False	8480242	8480580	8480741	8482390	8480242	8482390	8480241	8482391	2149	1	transcript/4352261
NC_133194.1:8529929-8530128:+	NC_133194.1	+	8529929	8530128	200	mllt11	563531	alt_5p	False	8527483	8529928	8530129	8532580	8527483	8532580	8527482	8532581	5098	1	transcript/1459731
NC_133194.1:8881227-8881595:-	NC_133194.1	-	8881227	8881595	369	znf687b	100006039	alt_5p	False	8879676	8881226	8881596	8883288	8879676	8883288	8879675	8883289	3613	1	transcript/76900
NC_133194.1:10153134-10153262:+	NC_133194.1	+	10153134	10153262	129	lrrc71	558774	alt_5p	False	10152785	10153133	10153263	10154794	10152785	10154794	10152784	10154795	2010	1	transcript/2853235
NC_133194.1:10216388-10216660:+	NC_133194.1	+	10216388	10216660	273	clk2a	558981	alt_5p	False	10213795	10216387	10216661	10218345	10213795	10218345	10213794	10218346	4551	1	transcript/1337138
NC_133194.1:10730246-10730364:-	NC_133194.1	-	10730246	10730364	119	clcn1a	795133	alt_5p	False	10726433	10730245	10730365	10730448	10726433	10730448	10726432	10730449	4016	4	transcript/123089,transcript/599168,transcript/611405,transcript/627171
NC_133194.1:12040077-12040510:+	NC_133194.1	+	12040077	12040510	434	si:ch73-347e22.8	100000389	alt_5p	False	12037155	12040076	12040511	12045015	12037155	12045015	12037154	12045016	7861	1	transcript/4239583
NC_133194.1:12107603-12107679:-	NC_133194.1	-	12107603	12107679	77	tpm3	373076	cassette	False	12104353	12107602	12107680	12108038	12104353	12108038	12104352	12108039	3686	2	transcript/3494405,transcript/3869711
NC_133194.1:12110067-12110205:-	NC_133194.1	-	12110067	12110205	139	tpm3	373076	alt_5p	False	12109969	12110066	12110206	12127509	12109969	12127509	12109968	12127510	17541	2	transcript/3698730,transcript/4173336
NC_133194.1:12127506-12127636:-	NC_133194.1	-	12127506	12127636	131	tpm3	373076	alt_5p	False	12110206	12127505	12127637	12130278	12110206	12130278	12110205	12130279	20073	1	transcript/3774323
NC_133194.1:12178143-12178277:-	NC_133194.1	-	12178143	12178277	135	arhgef2a	368266	alt_5p	False	12175967	12178142	12178278	12178470	12175967	12178470	12175966	12178471	2504	1	transcript/160337
NC_133194.1:13042166-13042302:-	NC_133194.1	-	13042166	13042302	137	cpsf1	432372	alt_5p	False	13041269	13042165	13042303	13042382	13041269	13042382	13041268	13042383	1114	1	transcript/127559
NC_133194.1:13097215-13097373:+	NC_133194.1	+	13097215	13097373	159	parp10	564886	alt_5p	False	13092198	13097214	13097374	13100464	13092198	13100464	13092197	13100465	8267	1	transcript/2353118
NC_133194.1:13234478-13234573:-	NC_133194.1	-	13234478	13234573	96	pabpc1b	393856	alt_5p	False	13234376	13234477	13234574	13234649	13234376	13234649	13234375	13234650	274	1	transcript/1437578
NC_133194.1:13473489-13473623:-	NC_133194.1	-	13473489	13473623	135	ptpn2b	561613	cassette	True	13468151	13473488	13473624	13484606	13468151	13484606	13468150	13484607	16456	3	transcript/2142965,transcript/2193020,transcript/2444148
NC_133194.1:13488154-13488320:-	NC_133194.1	-	13488154	13488320	167	ptpn2b	561613	alt_5p	False	13488057	13488153	13488321	13490643	13488057	13490643	13488056	13490644	2587	1	transcript/2813094
NC_133194.1:13514861-13515012:+	NC_133194.1	+	13514861	13515012	152	seh1l	334749	alt_5p	False	13511972	13514860	13515013	13518042	13511972	13518042	13511971	13518043	6071	1	transcript/1770337
NC_133194.1:13522176-13522321:+	NC_133194.1	+	13522176	13522321	146	seh1l	334749	alt_5p	False	13518447	13522175	13522322	13524738	13518447	13524738	13518446	13524739	6292	2	transcript/1055542,transcript/1250852
NC_133194.1:13532270-13532380:+	NC_133194.1	+	13532270	13532380	111	seh1l	334749	cassette	True	13529094	13532269	13532381	13536265	13529094	13536265	13529093	13536266	7172	4	transcript/2786790,transcript/2904798,transcript/2950310,transcript/3021721
NC_133194.1:14024016-14024239:+	NC_133194.1	+	14024016	14024239	224	cthrc1a	445308	alt_5p	False	14021804	14024015	14024240	14026173	14021804	14026173	14021803	14026174	4370	1	transcript/4602609
NC_133194.1:14554598-14554736:+	NC_133194.1	+	14554598	14554736	139	srsf4	321872	cassette	False	14553283	14554597	14554737	14555307	14553283	14555307	14553282	14555308	2025	3	transcript/2542944,transcript/2573931,transcript/2588749
NC_133194.1:14554598-14554763:+	NC_133194.1	+	14554598	14554763	166	srsf4	321872	cassette	False	14553283	14554597	14554764	14555307	14553283	14555307	14553282	14555308	2025	2	transcript/2516585,transcript/2565879
NC_133194.1:15056475-15056549:-	NC_133194.1	-	15056475	15056549	75	stx12	415141	alt_5p	False	15056390	15056474	15056550	15059832	15056390	15059832	15056389	15059833	3443	1	transcript/3065584
NC_133194.1:16572552-16572583:-	NC_133194.1	-	16572552	16572583	32	serinc2	569338	cassette	False	16572168	16572551	16572584	16575147	16572168	16575147	16572167	16575148	2980	3	transcript/2432649,transcript/2533131,transcript/2562745
NC_133194.1:19052939-19053176:-	NC_133194.1	-	19052939	19053176	238	ints8	553794	cassette	True	19037651	19052938	19053177	19055049	19037651	19055049	19037650	19055050	17399	2	transcript/534170,transcript/560564
NC_133194.1:19058676-19059008:-	NC_133194.1	-	19058676	19059008	333	ints8	553794	cassette	False	19055256	19058675	19059009	19081660	19055256	19081660	19055255	19081661	26405	1	transcript/494421
NC_133194.1:19144530-19144697:-	NC_133194.1	-	19144530	19144697	168	ints8	553794	alt_5p	False	19124632	19144529	19144698	19145192	19124632	19145192	19124631	19145193	20561	3	transcript/677826,transcript/688365,transcript/690199
NC_133194.1:19155160-19155191:-	NC_133194.1	-	19155160	19155191	32	ints8	553794	cassette	False	19151037	19155159	19155192	19158702	19151037	19158702	19151036	19158703	7666	3	transcript/654733,transcript/670402,transcript/835479
NC_133194.1:21063473-21063784:+	NC_133194.1	+	21063473	21063784	312	cratb	447855	alt_5p	False	21063239	21063472	21063785	21064583	21063239	21064583	21063238	21064584	1345	1	transcript/1429977
NC_133194.1:21156483-21156608:+	NC_133194.1	+	21156483	21156608	126	slc39a7	30094	cassette	False	21155389	21156482	21156609	21157048	21155389	21157048	21155388	21157049	1660	1	transcript/2190944
NC_133194.1:21156483-21156637:+	NC_133194.1	+	21156483	21156637	155	slc39a7	30094	cassette	False	21155389	21156482	21156638	21157048	21155389	21157048	21155388	21157049	1660	2	transcript/2062103,transcript/2157456
NC_133194.1:22630220-22630253:+	NC_133194.1	+	22630220	22630253	34	pals2b	394134	cassette	True	22626004	22630219	22630254	22630371	22626004	22630371	22626003	22630372	4368	2	transcript/1161383,transcript/901647
NC_133194.1:23167250-23167723:-	NC_133194.1	-	23167250	23167723	474	ngly1	553627	cassette	True	23166860	23167249	23167724	23169507	23166860	23169507	23166859	23169508	2648	4	transcript/1350663,transcript/775129,transcript/789942,transcript/845537
NC_133194.1:23167501-23167723:-	NC_133194.1	-	23167501	23167723	223	ngly1	553627	cassette	True	23166860	23167500	23167724	23169507	23166860	23169507	23166859	23169508	2648	2	transcript/1714995,transcript/973642
NC_133194.1:24761618-24761801:+	NC_133194.1	+	24761618	24761801	184	fbxl6	323163	cassette	True	24760740	24761617	24761802	24762856	24760740	24762856	24760739	24762857	2117	3	transcript/1656420,transcript/1780867,transcript/1840537
NC_133194.1:24762663-24762775:+	NC_133194.1	+	24762663	24762775	113	fbxl6	323163	cassette	True	24760740	24762662	24762776	24762856	24760740	24762856	24760739	24762857	2117	3	transcript/1878686,transcript/1899218,transcript/1994037
NC_133194.1:25553893-25553976:-	NC_133194.1	-	25553893	25553976	84	grb10a	446167	cassette	True	25553306	25553892	25553977	25556813	25553306	25556813	25553305	25556814	3508	3	transcript/1010475,transcript/1115536,transcript/1192558
NC_133194.1:27413259-27413417:-	NC_133194.1	-	27413259	27413417	159	xkr8.2	100149957	cassette	False	27406737	27413258	27413418	27414642	27406737	27414642	27406736	27414643	7906	4	transcript/3001825,transcript/3003459,transcript/3014828,transcript/3023030
NC_133194.1:28580152-28580273:-	NC_133194.1	-	28580152	28580273	122	dtnbp1b	556784	cassette	False	28579936	28580151	28580274	28587951	28579936	28587951	28579935	28587952	8016	3	transcript/4501138,transcript/4538333,transcript/4798722
NC_133194.1:28784561-28784670:+	NC_133194.1	+	28784561	28784670	110	mylipa	335888	cassette	False	28780898	28784560	28784671	28784903	28780898	28784903	28780897	28784904	4006	2	transcript/1267471,transcript/1278650
NC_133194.1:30711062-30711141:+	NC_133194.1	+	30711062	30711141	80	lpcat1	555969	cassette	False	30710508	30711061	30711142	30727989	30710508	30727989	30710507	30727990	17482	11	transcript/1519306,transcript/1571994,transcript/1603260,transcript/1863928,transcript/2158010,transcript/2171870,transcript/2190074,transcript/2233573,transcript/2243481,transcript/2252311,transcript/2284030
NC_133194.1:30740183-30740567:+	NC_133194.1	+	30740183	30740567	385	lpcat1	555969	cassette	True	30738974	30740182	30740568	30742052	30738974	30742052	30738973	30742053	3079	6	transcript/1556887,transcript/1556888,transcript/1600662,transcript/1658840,transcript/1667823,transcript/1683502
NC_133194.1:31862031-31862164:-	NC_133194.1	-	31862031	31862164	134	fndc5b	555635	alt_5p	True	31859483	31862030	31862165	31879412	31859483	31879412	31859482	31879413	19930	4	transcript/1207923,transcript/1628452,transcript/1698438,transcript/3221433
NC_133194.1:31890361-31890480:-	NC_133194.1	-	31890361	31890480	120	fndc5b	555635	cassette	False	31881722	31890360	31890481	31905637	31881722	31905637	31881721	31905638	23916	4	transcript/1020383,transcript/1028365,transcript/3018961,transcript/979479
NC_133194.1:32282549-32282583:+	NC_133194.1	+	32282549	32282583	35	hdac1	192302	cassette	False	32282094	32282548	32282584	32282700	32282094	32282700	32282093	32282701	607	1	transcript/1898527
NC_133194.1:32324222-32324287:+	NC_133194.1	+	32324222	32324287	66	LOC141379121	141379121	cassette	False	32324018	32324221	32324288	32326451	32324018	32326451	32324017	32326452	2434	3	transcript/1594278,transcript/5513505,transcript/5670171
NC_133194.1:32827401-32827523:-	NC_133194.1	-	32827401	32827523	123	khdrbs1b	406516	alt_5p	False	32827185	32827400	32827524	32828551	32827185	32828551	32827184	32828552	1367	1	transcript/1953200
NC_133194.1:35410148-35410238:+	NC_133194.1	+	35410148	35410238	91	atp6v1c1b	449655	alt_5p	False	35408275	35410147	35410239	35411076	35408275	35411076	35408274	35411077	2802	1	transcript/2749488
NC_133194.1:35411876-35411902:+	NC_133194.1	+	35411876	35411902	27	atp6v1c1b	449655	cassette	False	35411551	35411875	35411903	35413458	35411551	35413458	35411550	35413459	1908	1	transcript/2800590
NC_133194.1:35413459-35413542:+	NC_133194.1	+	35413459	35413542	84	atp6v1c1b	449655	alt_5p	True	35411551	35413458	35413543	35416240	35411551	35416240	35411550	35416241	4690	1	transcript/2787326
NC_133194.1:35731493-35731525:-	NC_133194.1	-	35731493	35731525	33	cibar1	445210	alt_5p	False	35731294	35731492	35731526	35734237	35731294	35734237	35731293	35734238	2944	3	transcript/4032578,transcript/4072265,transcript/4121303
NC_133194.1:36444263-36444308:-	NC_133194.1	-	36444263	36444308	46	elmo1	406364	alt_5p	False	36440122	36444262	36444309	36446940	36440122	36446940	36440121	36446941	6819	1	transcript/661937
NC_133194.1:37420408-37420469:-	NC_133194.1	-	37420408	37420469	62	ndrg1a	792085	alt_5p	False	37420230	37420407	37420470	37420551	37420230	37420551	37420229	37420552	322	1	transcript/1823525
NC_133194.1:39712487-39712800:+	NC_133194.1	+	39712487	39712800	314	LOC137488539	137488539	alt_5p	False	39710689	39712486	39712801	39717715	39710689	39717715	39710688	39717716	7027	5	transcript/3797475,transcript/3905731,transcript/3915146,transcript/4071902,transcript/4109029
NC_133194.1:40452901-40453050:+	NC_133194.1	+	40452901	40453050	150	nxph1	437006	cassette	False	40444228	40452900	40453051	40520542	40444228	40520542	40444227	40520543	76315	2	transcript/2182361,transcript/2253252
NC_133194.1:40452947-40453050:+	NC_133194.1	+	40452947	40453050	104	nxph1	437006	cassette	False	40444228	40452946	40453051	40520542	40444228	40520542	40444227	40520543	76315	5	transcript/2256695,transcript/2284171,transcript/2288258,transcript/2358909,transcript/3788657
NC_133194.1:41041496-41041555:+	NC_133194.1	+	41041496	41041555	60	col9a2	321212	alt_5p	False	41038053	41041495	41041556	41041689	41038053	41041689	41038052	41041690	3637	2	transcript/1096093,transcript/886702
NC_133194.1:44092309-44092364:-	NC_133194.1	-	44092309	44092364	56	slc25a13	100537523	cassette	False	44091805	44092308	44092365	44092486	44091805	44092486	44091804	44092487	682	2	transcript/1284970,transcript/1297607
NC_133194.1:45283130-45283269:+	NC_133194.1	+	45283130	45283269	140	pogza	100535215	cassette	True	45280128	45283129	45283270	45283597	45280128	45283597	45280127	45283598	3470	1	transcript/1952371
NC_133194.1:45896488-45896642:+	NC_133194.1	+	45896488	45896642	155	fabp3	171478	cassette	True	45895052	45896487	45896643	45900026	45895052	45900026	45895051	45900027	4975	2	transcript/5787027,transcript/5791475
NC_133194.1:45915198-45915294:+	NC_133194.1	+	45915198	45915294	97	snrnp40	393292	alt_5p	False	45914314	45915197	45915295	45916705	45914314	45916705	45914313	45916706	2392	1	transcript/3803192
NC_133194.1:46619707-46619891:+	NC_133194.1	+	46619707	46619891	185	eef1a1l1	30516	alt_5p	False	46619393	46619706	46619892	46619972	46619393	46619972	46619392	46619973	580	1	transcript/2969392
NC_133194.1:46619973-46620274:+	NC_133194.1	+	46619973	46620274	302	eef1a1l1	30516	alt_5p	False	46619888	46619972	46620275	46620356	46619888	46620356	46619887	46620357	469	1	transcript/2960621
NC_133194.1:46855448-46855480:+	NC_133194.1	+	46855448	46855480	33	LOC100500933	100500933	alt_5p	False	46855372	46855447	46855481	46855555	46855372	46855555	46855371	46855556	184	1	transcript/1583641
NC_133194.1:48882062-48883580:-	NC_133194.1	-	48882062	48883580	1519	krit1	321836	alt_5p	True	48880995	48882061	48883581	48885507	48880995	48885507	48880994	48885508	4513	1	transcript/325073
NC_133194.1:49016566-49016668:+	NC_133194.1	+	49016566	49016668	103	rbm24a	405801	cassette	True	49013389	49016565	49016669	49037542	49013389	49037542	49013388	49037543	24154	5	transcript/1193634,transcript/786622,transcript/803342,transcript/809320,transcript/937271
NC_133194.1:49016566-49016686:+	NC_133194.1	+	49016566	49016686	121	rbm24a	405801	cassette	True	49013389	49016565	49016687	49037542	49013389	49037542	49013388	49037543	24154	1	transcript/2516320
NC_133194.1:50347036-50347532:+	NC_133194.1	+	50347036	50347532	497	ext1c	497281	alt_5p	False	50325779	50347035	50347533	50349992	50325779	50349992	50325778	50349993	24214	1	transcript/988357
NC_133194.1:50487297-50487370:-	NC_133194.1	-	50487297	50487370	74	psmb2	436882	cassette	False	50486903	50487296	50487371	50497641	50486903	50497641	50486902	50497642	10739	1	transcript/5875893
NC_133194.1:51536299-51536401:-	NC_133194.1	-	51536299	51536401	103	utp18	767797	alt_5p	False	51534936	51536298	51536402	51536472	51534936	51536472	51534935	51536473	1537	2	transcript/2470140,transcript/2498176
NC_133194.1:51607992-51608068:+	NC_133194.1	+	51607992	51608068	77	kpnb1	570700	alt_5p	False	51607486	51607991	51608069	51608131	51607486	51608131	51607485	51608132	646	1	transcript/350825
NC_133194.1:51631189-51631479:+	NC_133194.1	+	51631189	51631479	291	psmd3	393544	cassette	False	51630694	51631188	51631480	51633616	51630694	51633616	51630693	51633617	2923	3	transcript/1852391,transcript/1865327,transcript/1936324
NC_133195.1:580406-580485:+	NC_133195.1	+	580406	580485	80	si:dkey-121j17.6	101886441	cassette	False	579876	580405	580486	581000	579876	581000	579875	581001	1125	4	transcript/1611333,transcript/1696607,transcript/2161079,transcript/2307902
NC_133195.1:677504-677629:-	NC_133195.1	-	677504	677629	126	prkg3	326020	cassette	False	674931	677503	677630	677851	674931	677851	674930	677852	2921	1	transcript/952126
NC_133195.1:1271511-1271767:-	NC_133195.1	-	1271511	1271767	257	ankrd6b	378477	cassette	False	1263806	1271510	1271768	1281344	1263806	1281344	1263805	1281345	17539	1	transcript/74698
NC_133195.1:1365033-1365160:+	NC_133195.1	+	1365033	1365160	128	nup43	405828	alt_5p	False	1362269	1365032	1365161	1365377	1362269	1365377	1362268	1365378	3109	1	transcript/4200711
NC_133195.1:2813249-2813390:-	NC_133195.1	-	2813249	2813390	142	akirin2	406855	cassette	False	2812481	2813248	2813391	2815853	2812481	2815853	2812480	2815854	3373	3	transcript/3245745,transcript/3283018,transcript/3316325
NC_133195.1:4125469-4125596:-	NC_133195.1	-	4125469	4125596	128	trim67	100332164	alt_5p	False	4116848	4125468	4125597	4129379	4116848	4129379	4116847	4129380	12532	1	transcript/611236
NC_133195.1:7746635-7746762:+	NC_133195.1	+	7746635	7746762	128	bloc1s2	606665	alt_5p	False	7746538	7746634	7746763	7747815	7746538	7747815	7746537	7747816	1278	6	transcript/5207144,transcript/5489456,transcript/5494935,transcript/5656521,transcript/5768344,transcript/5781904
NC_133195.1:9300645-9300716:+	NC_133195.1	+	9300645	9300716	72	bpnt1	436627	alt_5p	False	9297808	9300644	9300717	9305148	9297808	9305148	9297807	9305149	7341	1	transcript/4448527
NC_133195.1:9933981-9934095:+	NC_133195.1	+	9933981	9934095	115	psmc6	321585	alt_5p	False	9933277	9933980	9934096	9934980	9933277	9934980	9933276	9934981	1704	3	transcript/3347203,transcript/3446277,transcript/3453231
NC_133195.1:14749742-14749777:+	NC_133195.1	+	14749742	14749777	36	enpp1	562399	cassette	True	14745613	14749741	14749778	14753204	14745613	14753204	14745612	14753205	7592	6	transcript/565263,transcript/597328,transcript/746822,transcript/757377,transcript/815526,transcript/947248
NC_133195.1:15055417-15055755:+	NC_133195.1	+	15055417	15055755	339	lpgat1	561832	alt_5p	True	15052962	15055416	15055756	15076820	15052962	15076820	15052961	15076821	23859	1	transcript/458247
NC_133195.1:16140881-16140928:-	NC_133195.1	-	16140881	16140928	48	dnm3a	557996	cassette	False	16133576	16140880	16140929	16143913	16133576	16143913	16133575	16143914	10338	3	transcript/803120,transcript/829461,transcript/868503
NC_133195.1:16199977-16200066:+	NC_133195.1	+	16199977	16200066	90	itpa	557834	alt_5p	False	16199899	16199976	16200067	16201088	16199899	16201088	16199898	16201089	1190	4	transcript/6240076,transcript/6261254,transcript/6269397,transcript/6286728
NC_133195.1:16249350-16249530:+	NC_133195.1	+	16249350	16249530	181	vamp4	393708	cassette	True	16247376	16249349	16249531	16250793	16247376	16250793	16247375	16250794	3418	5	transcript/2943250,transcript/2975821,transcript/2979569,transcript/3018598,transcript/3076561
NC_133195.1:17431344-17431484:-	NC_133195.1	-	17431344	17431484	141	echdc2	338247	cassette	False	17425595	17431343	17431485	17432152	17425595	17432152	17425594	17432153	6558	1	transcript/3493037
NC_133195.1:21888573-21889084:+	NC_133195.1	+	21888573	21889084	512	znf513a	568216	cassette	False	21888200	21888572	21889085	21889400	21888200	21889400	21888199	21889401	1201	3	transcript/613166,transcript/615222,transcript/618072
NC_133195.1:21888779-21889084:+	NC_133195.1	+	21888779	21889084	306	znf513a	568216	cassette	False	21888200	21888778	21889085	21889400	21888200	21889400	21888199	21889401	1201	4	transcript/754156,transcript/755214,transcript/799578,transcript/812408
NC_133195.1:25338485-25338549:-	NC_133195.1	-	25338485	25338549	65	fip1l1a	561900	alt_5p	False	25334941	25338484	25338550	25338677	25334941	25338677	25334940	25338678	3737	2	transcript/2423453,transcript/2814018
NC_133195.1:26471332-26471406:+	NC_133195.1	+	26471332	26471406	75	ginm1	555775	alt_5p	False	26471111	26471331	26471407	26471494	26471111	26471494	26471110	26471495	384	5	transcript/2623031,transcript/2664552,transcript/2679459,transcript/2699931,transcript/2831643
NC_133195.1:28153439-28153550:-	NC_133195.1	-	28153439	28153550	112	si:dkey-183n20.15	570411	alt_5p	False	28152505	28153438	28153551	28154501	28152505	28154501	28152504	28154502	1997	1	transcript/5226790
NC_133195.1:28171649-28171683:+	NC_133195.1	+	28171649	28171683	35	hook1	570393	cassette	False	28170672	28171648	28171684	28172738	28170672	28172738	28170671	28172739	2067	2	transcript/214210,transcript/221912
NC_133195.1:28226637-28226798:-	NC_133195.1	-	28226637	28226798	162	cyp2v1	494153	alt_5p	False	28226516	28226636	28226799	28226915	28226516	28226915	28226515	28226916	400	3	transcript/2271464,transcript/2826283,transcript/2870434
NC_133195.1:28303560-28303607:+	NC_133195.1	+	28303560	28303607	48	paics	321193	cassette	False	28302831	28303559	28303608	28308952	28302831	28308952	28302830	28308953	6122	8	transcript/2339779,transcript/2395335,transcript/2470361,transcript/2590215,transcript/2863540,transcript/2931196,transcript/2994755,transcript/2999612
NC_133195.1:28675890-28676058:-	NC_133195.1	-	28675890	28676058	169	capn3b	100034405	alt_5p	False	28675780	28675889	28676059	28676168	28675780	28676168	28675779	28676169	389	1	transcript/1246449
NC_133195.1:28734803-28734912:-	NC_133195.1	-	28734803	28734912	110	serac1	568022	alt_5p	False	28734071	28734802	28734913	28734995	28734071	28734995	28734070	28734996	925	6	transcript/1121620,transcript/1138622,transcript/1142468,transcript/1242728,transcript/810906,transcript/848287
NC_133195.1:28740800-28740894:-	NC_133195.1	-	28740800	28740894	95	serac1	568022	alt_5p	False	28739577	28740799	28740895	28742059	28739577	28742059	28739576	28742060	2483	2	transcript/1112648,transcript/1136425
NC_133195.1:29310207-29310280:-	NC_133195.1	-	29310207	29310280	74	exoc2	100004870	alt_5p	False	29303819	29310206	29310281	29310370	29303819	29310370	29303818	29310371	6552	1	transcript/940933
NC_133195.1:29319592-29319689:-	NC_133195.1	-	29319592	29319689	98	exoc2	100004870	cassette	False	29317765	29319591	29319690	29326235	29317765	29326235	29317764	29326236	8471	1	transcript/799951
NC_133195.1:29630401-29630483:+	NC_133195.1	+	29630401	29630483	83	serpinb1l2	568898	cassette	False	29627607	29630400	29630484	29632643	29627607	29632643	29627606	29632644	5037	2	transcript/4118790,transcript/4284351
NC_133195.1:29637520-29637668:+	NC_133195.1	+	29637520	29637668	149	serpinb1l2	568898	alt_5p	False	29637432	29637519	29637669	29637824	29637432	29637824	29637431	29637825	393	1	transcript/3642875
NC_133195.1:29637520-29637678:+	NC_133195.1	+	29637520	29637678	159	serpinb1l2	568898	alt_5p	False	29637432	29637519	29637679	29637824	29637432	29637824	29637431	29637825	393	4	transcript/3586647,transcript/3634438,transcript/3825387,transcript/3830018
NC_133195.1:29748759-29748958:+	NC_133195.1	+	29748759	29748958	200	chga	450039	cassette	False	29748437	29748758	29748959	29749223	29748437	29749223	29748436	29749224	787	3	transcript/2461806,transcript/2475082,transcript/2489230
NC_133195.1:30104479-30104591:-	NC_133195.1	-	30104479	30104591	113	serpina10a	565064	cassette	False	30103619	30104478	30104592	30106133	30103619	30106133	30103618	30106134	2515	2	transcript/2815904,transcript/2927808
NC_133195.1:30399525-30399664:+	NC_133195.1	+	30399525	30399664	140	mthfd1a	567587	alt_5p	False	30397787	30399524	30399665	30399734	30397787	30399734	30397786	30399735	1948	1	transcript/945813
NC_133195.1:31287232-31287285:-	NC_133195.1	-	31287232	31287285	54	rgs6	562667	cassette	False	31280221	31287231	31287286	31374123	31280221	31374123	31280220	31374124	93903	1	transcript/902893
NC_133195.1:31574771-31574843:-	NC_133195.1	-	31574771	31574843	73	max	30467	cassette	False	31572526	31574770	31574844	31578727	31572526	31578727	31572525	31578728	6202	4	transcript/2871245,transcript/2876738,transcript/2892217,transcript/2926751
NC_133195.1:31578639-31578755:-	NC_133195.1	-	31578639	31578755	117	max	30467	alt_5p	False	31572526	31578638	31578756	31579083	31572526	31579083	31572525	31579084	6558	5	transcript/2869321,transcript/2905306,transcript/2907748,transcript/2954837,transcript/3139269
NC_133195.1:31602271-31602454:+	NC_133195.1	+	31602271	31602454	184	slc10a1	562260	alt_5p	False	31601246	31602270	31602455	31602551	31601246	31602551	31601245	31602552	1306	1	transcript/1985440
NC_133195.1:31614126-31614670:-	NC_133195.1	-	31614126	31614670	545	srsf5b	436883	cassette	False	31612297	31614125	31614671	31614957	31612297	31614957	31612296	31614958	2661	30	transcript/1204,transcript/810429,transcript/829524,transcript/831463,transcript/832439,transcript/832461,transcript/833034,transcript/834263,transcript/841447,transcript/844024,transcript/844384,transcript/845135,transcript/846115,transcript/846279,transcript/847552,transcript/847794,transcript/851466,transcript/851540,transcript/854632,transcript/857011,transcript/859113,transcript/859550,transcript/862007,transcript/862937,transcript/863692,transcript/864229,transcript/875400,transcript/880469,transcript/902716,transcript/907831
NC_133195.1:31614243-31614670:-	NC_133195.1	-	31614243	31614670	428	srsf5b	436883	cassette	False	31612297	31614242	31614671	31614957	31612297	31614957	31612296	31614958	2661	1	transcript/956342
NC_133195.1:31614249-31614670:-	NC_133195.1	-	31614249	31614670	422	srsf5b	436883	cassette	False	31612297	31614248	31614671	31614957	31612297	31614957	31612296	31614958	2661	26	transcript/1459,transcript/884023,transcript/909865,transcript/915558,transcript/938239,transcript/947257,transcript/947258,transcript/948745,transcript/950122,transcript/951377,transcript/954851,transcript/957817,transcript/957869,transcript/958403,transcript/959808,transcript/960169,transcript/960577,transcript/960743,transcript/963734,transcript/964765,transcript/966006,transcript/966175,transcript/966895,transcript/972633,transcript/972777,transcript/992839
NC_133195.1:31614261-31614670:-	NC_133195.1	-	31614261	31614670	410	srsf5b	436883	cassette	False	31612297	31614260	31614671	31614957	31612297	31614957	31612296	31614958	2661	47	transcript/1028247,transcript/1030563,transcript/920849,transcript/921037,transcript/924633,transcript/938494,transcript/949270,transcript/951772,transcript/954543,transcript/954609,transcript/955631,transcript/956238,transcript/963788,transcript/965509,transcript/966780,transcript/967555,transcript/968000,transcript/969541,transcript/970136,transcript/970337,transcript/970484,transcript/970805,transcript/972479,transcript/973291,transcript/975372,transcript/975440,transcript/975563,transcript/975746,transcript/975824,transcript/976378,transcript/976379,transcript/977538,transcript/978072,transcript/978129,transcript/978277,transcript/980952,transcript/984195,transcript/984288,transcript/984422,transcript/984531,transcript/986039,transcript/986195,transcript/986614,transcript/986746,transcript/988350,transcript/991925,transcript/993167
NC_133195.1:32235785-32235889:-	NC_133195.1	-	32235785	32235889	105	actc1a	408256	alt_5p	False	32235696	32235784	32235890	32236711	32235696	32236711	32235695	32236712	1016	1	transcript/4032791
NC_133195.1:32250557-32250666:-	NC_133195.1	-	32250557	32250666	110	rrm2l	30733	alt_5p	False	32249479	32250556	32250667	32250740	32249479	32250740	32249478	32250741	1262	2	transcript/3931632,transcript/3970444
NC_133195.1:32283940-32284004:-	NC_133195.1	-	32283940	32284004	65	taf1b	449647	cassette	False	32283669	32283939	32284005	32285469	32283669	32285469	32283668	32285470	1801	4	transcript/1998248,transcript/2164556,transcript/2171394,transcript/904720
NC_133195.1:32427639-32427680:-	NC_133195.1	-	32427639	32427680	42	e2f6	560495	cassette	False	32427547	32427638	32427681	32427808	32427547	32427808	32427546	32427809	262	1	transcript/3296865
NC_133195.1:32427641-32427949:-	NC_133195.1	-	32427641	32427949	309	e2f6	560495	alt_5p	False	32427547	32427640	32427950	32430329	32427547	32430329	32427546	32430330	2783	2	transcript/2895391,transcript/3102252
NC_133195.1:32427753-32427949:-	NC_133195.1	-	32427753	32427949	197	e2f6	560495	alt_5p	False	32427591	32427752	32427950	32430329	32427591	32430329	32427590	32430330	2739	1	transcript/3007207
NC_133195.1:32475835-32475918:+	NC_133195.1	+	32475835	32475918	84	mboat2b	692278	cassette	False	32472777	32475834	32475919	32477976	32472777	32477976	32472776	32477977	5200	1	transcript/1254430
NC_133195.1:33686858-33686949:-	NC_133195.1	-	33686858	33686949	92	hebp2	393167	alt_5p	False	33685982	33686857	33686950	33687422	33685982	33687422	33685981	33687423	1441	2	transcript/1864770,transcript/2768664
NC_133195.1:33721076-33721980:-	NC_133195.1	-	33721076	33721980	905	wtap	334058	alt_5p	False	33719484	33721075	33721981	33723243	33719484	33723243	33719483	33723244	3760	24	transcript/1140598,transcript/1152502,transcript/1188719,transcript/1223819,transcript/1240950,transcript/1249250,transcript/1268869,transcript/1271911,transcript/1277996,transcript/1280278,transcript/1285448,transcript/1289309,transcript/1291410,transcript/1295753,transcript/1296548,transcript/1298029,transcript/1299620,transcript/1300730,transcript/1336066,transcript/1351679,transcript/1366886,transcript/1426262,transcript/1953780,transcript/2179273
NC_133195.1:33721088-33721726:-	NC_133195.1	-	33721088	33721726	639	wtap	334058	cassette	False	33719484	33721087	33721727	33721800	33719484	33721800	33719483	33721801	2317	1	transcript/1393545
NC_133195.1:33721088-33721980:-	NC_133195.1	-	33721088	33721980	893	wtap	334058	alt_5p	False	33719484	33721087	33721981	33723243	33719484	33723243	33719483	33723244	3760	31	transcript/1195769,transcript/1207918,transcript/1263430,transcript/1265418,transcript/1265423,transcript/1270572,transcript/1274082,transcript/1274537,transcript/1274761,transcript/1278195,transcript/1281075,transcript/1286543,transcript/1292211,transcript/1292734,transcript/1293694,transcript/1299987,transcript/1305635,transcript/1305894,transcript/1313848,transcript/1315856,transcript/1316907,transcript/1317035,transcript/1317985,transcript/1321619,transcript/1332112,transcript/1381654,transcript/1464999,transcript/1718113,transcript/1763622,transcript/2043390,transcript/2086669
NC_133195.1:33722328-33722410:-	NC_133195.1	-	33722328	33722410	83	wtap	334058	cassette	False	33721981	33722327	33722411	33723243	33721981	33723243	33721980	33723244	1263	2	transcript/2290629,transcript/2292684
NC_133195.1:33723671-33723731:-	NC_133195.1	-	33723671	33723731	61	wtap	334058	alt_5p	False	33723585	33723670	33723732	33723825	33723585	33723825	33723584	33723826	241	7	transcript/1296793,transcript/1297917,transcript/2412747,transcript/2413607,transcript/275784,transcript/2776857,transcript/3552045
NC_133195.1:34006189-34006321:+	NC_133195.1	+	34006189	34006321	133	pdia6	322160	alt_5p	False	34006054	34006188	34006322	34006431	34006054	34006431	34006053	34006432	378	1	transcript/2539378
NC_133195.1:35272387-35272412:+	NC_133195.1	+	35272387	35272412	26	snx3	563511	cassette	False	35269657	35272386	35272413	35290433	35269657	35290433	35269656	35290434	20777	1	transcript/4670334
NC_133195.1:36774861-36774996:-	NC_133195.1	-	36774861	36774996	136	LOC141379352	141379352	cassette	False	36774579	36774860	36774997	36778001	36774579	36778001	36774578	36778002	3423	8	transcript/1371998,transcript/1651528,transcript/1814153,transcript/2535719,transcript/2622171,transcript/2635477,transcript/2874275,transcript/3503395
NC_133195.1:37668684-37668770:+	NC_133195.1	+	37668684	37668770	87	swt1	559432	cassette	False	37667669	37668683	37668771	37668856	37667669	37668856	37667668	37668857	1188	1	transcript/1359570
NC_133195.1:37670309-37670486:+	NC_133195.1	+	37670309	37670486	178	swt1	559432	alt_5p	True	37670180	37670308	37670487	37670600	37670180	37670600	37670179	37670601	421	1	transcript/1469060
NC_133195.1:37776228-37776557:+	NC_133195.1	+	37776228	37776557	330	LOC103909331	103909331	alt_5p	False	37775004	37776227	37776558	37777050	37775004	37777050	37775003	37777051	2047	13	transcript/1099705,transcript/2235912,transcript/2243155,transcript/2247167,transcript/2254891,transcript/2257815,transcript/2292880,transcript/2314685,transcript/2898944,transcript/2908740,transcript/2930587,transcript/3388143,transcript/4377256
NC_133195.1:37776228-37776749:+	NC_133195.1	+	37776228	37776749	522	LOC103909331	103909331	alt_5p	False	37775004	37776227	37776750	37776915	37775004	37776915	37775003	37776916	1912	2	transcript/2254238,transcript/2637793
NC_133195.1:37970318-37970378:+	NC_133195.1	+	37970318	37970378	61	elp3	541509	cassette	True	37960906	37970317	37970379	37971765	37960906	37971765	37960905	37971766	10860	4	transcript/1551071,transcript/1573798,transcript/1591041,transcript/1716436
NC_133195.1:38053845-38053903:+	NC_133195.1	+	38053845	38053903	59	mcm3	192323	cassette	False	38053465	38053844	38053904	38054267	38053465	38054267	38053464	38054268	803	2	transcript/842226,transcript/900979
NC_133195.1:40602848-40602891:+	NC_133195.1	+	40602848	40602891	44	vta1	406414	cassette	False	40601896	40602847	40602892	40607450	40601896	40607450	40601895	40607451	5555	2	transcript/3632002,transcript/3656442
NC_133195.1:40617346-40617529:+	NC_133195.1	+	40617346	40617529	184	vta1	406414	cassette	True	40614186	40617345	40617530	40619558	40614186	40619558	40614185	40619559	5373	1	transcript/3154715
NC_133195.1:40639675-40639763:+	NC_133195.1	+	40639675	40639763	89	vta1	406414	cassette	True	40637088	40639674	40639764	40650885	40637088	40650885	40637087	40650886	13798	1	transcript/3358421
NC_133195.1:41121411-41121520:+	NC_133195.1	+	41121411	41121520	110	flvcr1	562595	cassette	True	41120376	41121410	41121521	41123746	41120376	41123746	41120375	41123747	3371	1	transcript/953068
NC_133195.1:41937920-41938388:+	NC_133195.1	+	41937920	41938388	469	si:ch211-243j20.2	563597	alt_5p	True	41934402	41937919	41938389	41940843	41934402	41940843	41934401	41940844	6442	1	transcript/1547087
NC_133195.1:41985461-41985564:+	NC_133195.1	+	41985461	41985564	104	mpv17	394140	cassette	True	41982840	41985460	41985565	41994348	41982840	41994348	41982839	41994349	11509	2	transcript/5667400,transcript/5715755
NC_133195.1:42264596-42264736:+	NC_133195.1	+	42264596	42264736	141	msraa	793910	cassette	False	42264337	42264595	42264737	42269635	42264337	42269635	42264336	42269636	5299	2	transcript/5516794,transcript/5527175
NC_133195.1:46006000-46006112:-	NC_133195.1	-	46006000	46006112	113	plg	322691	alt_5p	False	46005217	46005999	46006113	46006217	46005217	46006217	46005216	46006218	1001	1	transcript/824035
NC_133195.1:47089936-47089965:-	NC_133195.1	-	47089936	47089965	30	laptm4a	100003844	cassette	False	47089524	47089935	47089966	47090542	47089524	47090542	47089523	47090543	1019	6	transcript/2677472,transcript/2698054,transcript/2701607,transcript/2744202,transcript/2744730,transcript/2776282
NC_133195.1:47714415-47714535:-	NC_133195.1	-	47714415	47714535	121	mmut	569581	alt_5p	False	47707503	47714414	47714536	47729067	47707503	47729067	47707502	47729068	21565	1	transcript/995980
NC_133195.1:49884810-49884908:-	NC_133195.1	-	49884810	49884908	99	eif2b2	405839	cassette	False	49884103	49884809	49884909	49888209	49884103	49888209	49884102	49888210	4107	2	transcript/4170455,transcript/4231805
NC_133195.1:49892272-49892378:-	NC_133195.1	-	49892272	49892378	107	tmed10	326716	cassette	True	49892076	49892271	49892379	49893880	49892076	49893880	49892075	49893881	1805	3	transcript/2855566,transcript/2955590,transcript/5042122
NC_133195.1:50622102-50622196:+	NC_133195.1	+	50622102	50622196	95	rab10	436839	cassette	False	50621228	50622101	50622197	50639799	50621228	50639799	50621227	50639800	18572	2	transcript/2274048,transcript/2318206
NC_133195.1:50639800-50639865:+	NC_133195.1	+	50639800	50639865	66	rab10	436839	alt_5p	False	50621228	50639799	50639866	50646228	50621228	50646228	50621227	50646229	25001	1	transcript/2387505
NC_133195.1:51137578-51137679:-	NC_133195.1	-	51137578	51137679	102	hadhb	336606	alt_5p	False	51136946	51137577	51137680	51138105	51136946	51138105	51136945	51138106	1160	4	transcript/2149536,transcript/2154874,transcript/2161143,transcript/2206804
NC_133195.1:51316109-51316159:+	NC_133195.1	+	51316109	51316159	51	tram2	406344	cassette	False	51315237	51316108	51316160	51316258	51315237	51316258	51315236	51316259	1022	1	transcript/2992677
NC_133195.1:51972253-51972299:-	NC_133195.1	-	51972253	51972299	47	xrn2	321940	alt_5p	False	51972124	51972252	51972300	51974626	51972124	51974626	51972123	51974627	2503	2	transcript/827597,transcript/839647
NC_133195.1:53107838-53107952:+	NC_133195.1	+	53107838	53107952	115	ints9	768124	alt_5p	False	53106826	53107837	53107953	53109272	53106826	53109272	53106825	53109273	2447	1	transcript/1680531
NC_133195.1:53263817-53263996:+	NC_133195.1	+	53263817	53263996	180	cpsf2	436657	alt_5p	False	53263381	53263816	53263997	53265804	53263381	53265804	53263380	53265805	2424	3	transcript/1056241,transcript/1057828,transcript/1078712
NC_133195.1:54439737-54439802:-	NC_133195.1	-	54439737	54439802	66	rbm25b	327336	cassette	False	54429292	54439736	54439803	54440155	54429292	54440155	54429291	54440156	10864	5	transcript/1073,transcript/764499,transcript/766933,transcript/767155,transcript/774296
NC_133195.1:54454717-54455037:-	NC_133195.1	-	54454717	54455037	321	rbm25b	327336	alt_5p	False	54451842	54454716	54455038	54458528	54451842	54458528	54451841	54458529	6687	2	transcript/697133,transcript/709874
NC_133195.1:54473481-54473646:+	NC_133195.1	+	54473481	54473646	166	hsp90ab1	30573	alt_5p	False	54472148	54473480	54473647	54473922	54472148	54473922	54472147	54473923	1775	1	transcript/1236760
NC_133195.1:54479307-54479333:+	NC_133195.1	+	54479307	54479333	27	hsp90ab1	30573	cassette	True	54479205	54479306	54479334	54479641	54479205	54479641	54479204	54479642	437	2	transcript/1218344,transcript/1836
NC_133195.1:55566627-55566750:-	NC_133195.1	-	55566627	55566750	124	naprt	393864	alt_5p	False	55566439	55566626	55566751	55572655	55566439	55572655	55566438	55572656	6217	4	transcript/1929089,transcript/2068533,transcript/2115810,transcript/2123449
NC_133195.1:55589141-55589227:+	NC_133195.1	+	55589141	55589227	87	naprt	393864	cassette	False	55587823	55589140	55589228	55590163	55587823	55590163	55587822	55590164	2341	1	transcript/3640475
NC_133195.1:55922655-55922719:-	NC_133195.1	-	55922655	55922719	65	arhgap39	101884459	cassette	True	55922383	55922654	55922720	55924340	55922383	55924340	55922382	55924341	1958	1	transcript/3816191
NC_133195.1:56670767-56670839:+	NC_133195.1	+	56670767	56670839	73	fig4a	100334605	cassette	True	56668453	56670766	56670840	56691426	56668453	56691426	56668452	56691427	22974	3	transcript/640785,transcript/657113,transcript/658040
NC_133195.1:58028708-58028831:+	NC_133195.1	+	58028708	58028831	124	prpf39	368864	alt_5p	False	58028438	58028707	58028832	58031520	58028438	58031520	58028437	58031521	3083	1	transcript/1247096
NC_133195.1:58032232-58032353:+	NC_133195.1	+	58032232	58032353	122	prpf39	368864	cassette	True	58032120	58032231	58032354	58032485	58032120	58032485	58032119	58032486	366	4	transcript/1133489,transcript/1142358,transcript/1164297,transcript/1166200
NC_133195.1:58032235-58032353:+	NC_133195.1	+	58032235	58032353	119	prpf39	368864	cassette	True	58032120	58032234	58032354	58032485	58032120	58032485	58032119	58032486	366	9	transcript/1026343,transcript/1033412,transcript/1034019,transcript/1060721,transcript/1115670,transcript/1140699,transcript/1144712,transcript/1155676,transcript/736152
NC_133195.1:58032235-58032387:+	NC_133195.1	+	58032235	58032387	153	prpf39	368864	cassette	True	58032120	58032234	58032388	58032485	58032120	58032485	58032119	58032486	366	3	transcript/1190957,transcript/990131,transcript/996897
NC_133195.1:58036371-58036479:+	NC_133195.1	+	58036371	58036479	109	prpf39	368864	cassette	True	58036224	58036370	58036480	58036704	58036224	58036704	58036223	58036705	481	4	transcript/1129656,transcript/1145952,transcript/1154388,transcript/1154389
NC_133195.1:58046133-58046417:+	NC_133195.1	+	58046133	58046417	285	prpf39	368864	cassette	True	58045435	58046132	58046418	58046514	58045435	58046514	58045434	58046515	1080	3	transcript/936682,transcript/954743,transcript/972943
NC_133195.1:58224875-58225036:+	NC_133195.1	+	58224875	58225036	162	znf410	402951	alt_5p	False	58220732	58224874	58225037	58226169	58220732	58226169	58220731	58226170	5438	2	transcript/3269394,transcript/3296092
NC_133195.1:58304793-58305017:-	NC_133195.1	-	58304793	58305017	225	yy1b	406394	alt_5p	False	58301027	58304792	58305018	58306905	58301027	58306905	58301026	58306906	5879	2	transcript/2020524,transcript/2146299
NC_133195.1:58718893-58718918:-	NC_133195.1	-	58718893	58718918	26	plcb1l	100149080	cassette	False	58703774	58718892	58718919	58719042	58703774	58719042	58703773	58719043	15269	2	transcript/190975,transcript/191409
NC_133196.1:593647-593727:-	NC_133196.1	-	593647	593727	81	rad23b	393536	cassette	False	592420	593646	593728	602105	592420	602105	592419	602106	9686	4	transcript/2975352,transcript/3249731,transcript/3281567,transcript/3319279
NC_133196.1:2749456-2749684:-	NC_133196.1	-	2749456	2749684	229	si:rp71-1h20.5	541434	cassette	False	2748095	2749455	2749685	2751294	2748095	2751294	2748094	2751295	3200	2	transcript/591006,transcript/622500
NC_133196.1:2749456-2749742:-	NC_133196.1	-	2749456	2749742	287	si:rp71-1h20.5	541434	cassette	False	2748095	2749455	2749743	2751294	2748095	2751294	2748094	2751295	3200	2	transcript/569258,transcript/605721
NC_133196.1:2749456-2749794:-	NC_133196.1	-	2749456	2749794	339	si:rp71-1h20.5	541434	cassette	False	2748095	2749455	2749795	2751294	2748095	2751294	2748094	2751295	3200	4	transcript/531308,transcript/532605,transcript/533247,transcript/573600
NC_133196.1:7404742-7404822:+	NC_133196.1	+	7404742	7404822	81	cdk9	321602	cassette	False	7402541	7404741	7404823	7406604	7402541	7406604	7402540	7406605	4064	1	transcript/2781811
NC_133196.1:8564867-8564953:+	NC_133196.1	+	8564867	8564953	87	agpat2	777624	cassette	True	8564312	8564866	8564954	8566932	8564312	8566932	8564311	8566933	2621	1	transcript/808117
NC_133196.1:8924336-8924461:+	NC_133196.1	+	8924336	8924461	126	tbca	394029	cassette	True	8918899	8924335	8924462	8925273	8918899	8925273	8918898	8925274	6375	2	transcript/6066299,transcript/6095778
NC_133196.1:9117511-9117578:-	NC_133196.1	-	9117511	9117578	68	aggf1	559905	cassette	False	9114339	9117510	9117579	9120278	9114339	9120278	9114338	9120279	5940	3	transcript/1237064,transcript/1284556,transcript/1291728
NC_133196.1:9139505-9139591:-	NC_133196.1	-	9139505	9139591	87	aggf1	559905	alt_5p	False	9124460	9139504	9139592	9139676	9124460	9139676	9124459	9139677	15217	2	transcript/1290219,transcript/1347091
NC_133196.1:9185096-9185149:+	NC_133196.1	+	9185096	9185149	54	crhbp	445065	cassette	False	9183779	9185095	9185150	9186807	9183779	9186807	9183778	9186808	3029	2	transcript/3852872,transcript/3977312
NC_133196.1:9699297-9699359:+	NC_133196.1	+	9699297	9699359	63	psmb7	64278	cassette	False	9698109	9699296	9699360	9700041	9698109	9700041	9698108	9700042	1933	2	transcript/5415154,transcript/5437951
NC_133196.1:9700214-9700316:+	NC_133196.1	+	9700214	9700316	103	psmb7	64278	alt_5p	False	9700137	9700213	9700317	9700398	9700137	9700398	9700136	9700399	262	1	transcript/5461390
NC_133196.1:9704250-9704275:+	NC_133196.1	+	9704250	9704275	26	psmb7	64278	cassette	False	9703427	9704249	9704276	9705041	9703427	9705041	9703426	9705042	1615	2	transcript/5286063,transcript/5390734
NC_133196.1:9704250-9704295:+	NC_133196.1	+	9704250	9704295	46	psmb7	64278	cassette	True	9703427	9704249	9704296	9705041	9703427	9705041	9703426	9705042	1615	2	transcript/5319191,transcript/5330574
NC_133196.1:10990095-10990196:+	NC_133196.1	+	10990095	10990196	102	mapk10	569698	alt_5p	False	10957348	10990094	10990197	10998084	10957348	10998084	10957347	10998085	40737	5	transcript/2026096,transcript/2417500,transcript/2472577,transcript/2577768,transcript/2768691
NC_133196.1:12738976-12739200:+	NC_133196.1	+	12738976	12739200	225	gtf3c5	565198	alt_5p	False	12736873	12738975	12739201	12742310	12736873	12742310	12736872	12742311	5438	5	transcript/2772526,transcript/2776645,transcript/2872811,transcript/2896788,transcript/2905428
NC_133196.1:12749743-12749830:+	NC_133196.1	+	12749743	12749830	88	gtf3c5	565198	alt_5p	False	12749652	12749742	12749831	12751908	12749652	12751908	12749651	12751909	2257	1	transcript/2856777
NC_133196.1:12776828-12777019:+	NC_133196.1	+	12776828	12777019	192	gtf3c5	565198	alt_5p	True	12775459	12776827	12777020	12779337	12775459	12779337	12775458	12779338	3879	1	transcript/2826389
NC_133196.1:13241078-13241878:+	NC_133196.1	+	13241078	13241878	801	gtf3c5	565198	alt_5p	False	13239702	13241077	13241879	13246491	13239702	13246491	13239701	13246492	6790	2	transcript/1552454,transcript/1567813
NC_133196.1:13335630-13335897:-	NC_133196.1	-	13335630	13335897	268	gtf3c5	565198	alt_5p	True	13335087	13335629	13335898	13336860	13335087	13336860	13335086	13336861	1774	6	transcript/1775677,transcript/1794948,transcript/1838050,transcript/1848337,transcript/3188680,transcript/3237328
NC_133196.1:13366923-13367078:-	NC_133196.1	-	13366923	13367078	156	gtf3c5	565198	cassette	False	13366315	13366922	13367079	13368525	13366315	13368525	13366314	13368526	2211	1	transcript/3233090
NC_133196.1:13402413-13402596:-	NC_133196.1	-	13402413	13402596	184	gtf3c5	565198	alt_5p	False	13401616	13402412	13402597	13402696	13401616	13402696	13401615	13402697	1081	2	transcript/4838518,transcript/5050771
NC_133196.1:14604084-14604207:-	NC_133196.1	-	14604084	14604207	124	specc1lb	555467	cassette	False	14603460	14604083	14604208	14604355	14603460	14604355	14603459	14604356	896	3	transcript/2839299,transcript/2903983,transcript/3061433
NC_133196.1:15194918-15195283:+	NC_133196.1	+	15194918	15195283	366	slc31a2	563012	alt_5p	True	15188880	15194917	15195284	15196525	15188880	15196525	15188879	15196526	7646	1	transcript/3589223
NC_133196.1:15637909-15638054:-	NC_133196.1	-	15637909	15638054	146	man1b1a	562592	cassette	False	15637785	15637908	15638055	15639409	15637785	15639409	15637784	15639410	1625	2	transcript/941697,transcript/995416
NC_133196.1:17492894-17492992:-	NC_133196.1	-	17492894	17492992	99	mzt2b	445174	cassette	True	17490176	17492893	17492993	17493213	17490176	17493213	17490175	17493214	3038	4	transcript/3439936,transcript/3475157,transcript/3508986,transcript/3520580
NC_133196.1:18505621-18505729:+	NC_133196.1	+	18505621	18505729	109	atp2a2b	568265	alt_5p	False	18491772	18505620	18505730	18507444	18491772	18507444	18491771	18507445	15673	1	transcript/151608
NC_133196.1:21241389-21241436:-	NC_133196.1	-	21241389	21241436	48	mfhas1	797005	cassette	False	21218254	21241388	21241437	21248770	21218254	21248770	21218253	21248771	30517	3	transcript/139658,transcript/141624,transcript/146904
NC_133196.1:22393894-22394039:-	NC_133196.1	-	22393894	22394039	146	c6.2	393611	cassette	False	22392020	22393893	22394040	22395314	22392020	22395314	22392019	22395315	3295	2	transcript/796003,transcript/803362
NC_133196.1:22644547-22644583:-	NC_133196.1	-	22644547	22644583	37	ftsj1	492512	cassette	False	22644418	22644546	22644584	22644794	22644418	22644794	22644417	22644795	377	3	transcript/3878481,transcript/3917042,transcript/3919352
NC_133196.1:22644936-22645131:-	NC_133196.1	-	22644936	22645131	196	ftsj1	492512	alt_5p	False	22644866	22644935	22645132	22645358	22644866	22645358	22644865	22645359	493	2	transcript/3831554,transcript/3841489
NC_133196.1:23538586-23538701:+	NC_133196.1	+	23538586	23538701	116	gria4b	336069	cassette	True	23537884	23538585	23538702	23539407	23537884	23539407	23537883	23539408	1524	1	transcript/179450
NC_133196.1:23566226-23566270:-	NC_133196.1	-	23566226	23566270	45	elmod1	791199	alt_5p	False	23565971	23566225	23566271	23566585	23565971	23566585	23565970	23566586	615	2	transcript/201947,transcript/205361
NC_133196.1:23585995-23586031:+	NC_133196.1	+	23585995	23586031	37	cul5b	100006147	cassette	False	23585132	23585994	23586032	23586170	23585132	23586170	23585131	23586171	1039	1	transcript/1160953
NC_133196.1:24090839-24091064:+	NC_133196.1	+	24090839	24091064	226	nectin1a	100136836	cassette	False	24090706	24090838	24091065	24091335	24090706	24091335	24090705	24091336	630	1	transcript/3377617
NC_133196.1:24534047-24534107:-	NC_133196.1	-	24534047	24534107	61	usp28	567050	cassette	False	24533949	24534046	24534108	24535840	24533949	24535840	24533948	24535841	1892	1	transcript/273287
NC_133196.1:26688928-26689030:+	NC_133196.1	+	26688928	26689030	103	tmem45b	402977	cassette	False	26687093	26688927	26689031	26689407	26687093	26689407	26687092	26689408	2315	2	transcript/2943485,transcript/2985529
NC_133196.1:26824522-26824572:-	NC_133196.1	-	26824522	26824572	51	ppme1	335124	alt_5p	True	26824438	26824521	26824573	26824647	26824438	26824647	26824437	26824648	210	1	transcript/3200777
NC_133196.1:26827227-26827406:-	NC_133196.1	-	26827227	26827406	180	ppme1	335124	cassette	False	26825336	26827226	26827407	26827698	26825336	26827698	26825335	26827699	2363	1	transcript/2716557
NC_133196.1:26827227-26827417:-	NC_133196.1	-	26827227	26827417	191	ppme1	335124	cassette	False	26825336	26827226	26827418	26827698	26825336	26827698	26825335	26827699	2363	2	transcript/2721390,transcript/2811119
NC_133196.1:26827227-26827559:-	NC_133196.1	-	26827227	26827559	333	ppme1	335124	cassette	False	26825336	26827226	26827560	26827698	26825336	26827698	26825335	26827699	2363	2	transcript/2434608,transcript/2453893
NC_133196.1:26996638-26996761:-	NC_133196.1	-	26996638	26996761	124	mrps12	793878	cassette	False	26995902	26996637	26996762	26998637	26995902	26998637	26995901	26998638	2736	11	transcript/5529484,transcript/5533701,transcript/5569541,transcript/5817668,transcript/5940573,transcript/5961659,transcript/5990733,transcript/6091787,transcript/6137979,transcript/6167024,transcript/6170788
NC_133196.1:27129589-27129824:-	NC_133196.1	-	27129589	27129824	236	phkg1b	554046	alt_5p	False	27129484	27129588	27129825	27129960	27129484	27129960	27129483	27129961	477	1	transcript/3012677
NC_133196.1:29737604-29737869:+	NC_133196.1	+	29737604	29737869	266	prdx5	554105	cassette	False	29737129	29737603	29737870	29739684	29737129	29739684	29737128	29739685	2556	1	transcript/4916416
NC_133196.1:29787950-29788127:-	NC_133196.1	-	29787950	29788127	178	banf1	334717	cassette	False	29784676	29787949	29788128	29788229	29784676	29788229	29784675	29788230	3554	4	transcript/4396079,transcript/4486136,transcript/4639307,transcript/4687577
NC_133196.1:30071881-30072084:-	NC_133196.1	-	30071881	30072084	204	ppp1r14ba	564838	alt_5p	False	30071723	30071880	30072085	30079628	30071723	30079628	30071722	30079629	7906	4	transcript/3045085,transcript/3238352,transcript/3306734,transcript/3447313
NC_133196.1:31589221-31589337:-	NC_133196.1	-	31589221	31589337	117	epdl2	557419	cassette	True	31584320	31589220	31589338	31589450	31584320	31589450	31584319	31589451	5131	3	transcript/5689531,transcript/5718293,transcript/5817578
NC_133196.1:31870600-31870868:+	NC_133196.1	+	31870600	31870868	269	zgc:100829	445149	cassette	False	31866114	31870599	31870869	31870941	31866114	31870941	31866113	31870942	4828	2	transcript/1656341,transcript/1660190
NC_133196.1:32651502-32651659:-	NC_133196.1	-	32651502	32651659	158	LOC110437833	110437833	alt_5p	False	32643505	32651501	32651660	32655776	32643505	32655776	32643504	32655777	12272	1	transcript/3906483
NC_133196.1:32832599-32832647:-	NC_133196.1	-	32832599	32832647	49	hnrnph1l	321556	cassette	False	32831182	32832598	32832648	32833463	32831182	32833463	32831181	32833464	2282	2	transcript/3140118,transcript/3173527
NC_133196.1:32832599-32832722:-	NC_133196.1	-	32832599	32832722	124	hnrnph1l	321556	cassette	False	32831182	32832598	32832723	32833463	32831182	32833463	32831181	32833464	2282	3	transcript/2609454,transcript/2936346,transcript/2946560
NC_133196.1:32898628-32898677:-	NC_133196.1	-	32898628	32898677	50	dnajc18	559928	cassette	False	32889587	32898627	32898678	32899276	32889587	32899276	32889586	32899277	9690	1	transcript/1273987
NC_133196.1:36130932-36131048:+	NC_133196.1	+	36130932	36131048	117	cd74b	30645	cassette	False	36130777	36130931	36131049	36131187	36130777	36131187	36130776	36131188	411	2	transcript/4855229,transcript/5157951
NC_133196.1:37834571-37834755:+	NC_133196.1	+	37834571	37834755	185	hmgb3b	550466	alt_5p	False	37831697	37834570	37834756	37834828	37831697	37834828	37831696	37834829	3132	1	transcript/4749090
NC_133196.1:38578568-38579108:+	NC_133196.1	+	38578568	38579108	541	cdc23	393907	cassette	True	38578156	38578567	38579109	38582337	38578156	38582337	38578155	38582338	4182	2	transcript/1633233,transcript/1635759
NC_133196.1:38589027-38589106:+	NC_133196.1	+	38589027	38589106	80	cdc23	393907	cassette	True	38588628	38589026	38589107	38589924	38588628	38589924	38588627	38589925	1297	2	transcript/2337869,transcript/2524005
NC_133196.1:38641190-38641269:+	NC_133196.1	+	38641190	38641269	80	si:dkey-71d15.2	101884639	cassette	False	38641100	38641189	38641270	38644144	38641100	38644144	38641099	38644145	3045	1	transcript/4476651
NC_133196.1:38675204-38675352:-	NC_133196.1	-	38675204	38675352	149	lipia	445105	cassette	False	38667942	38675203	38675353	38676326	38667942	38676326	38667941	38676327	8385	1	transcript/2729566
NC_133196.1:38925277-38925369:+	NC_133196.1	+	38925277	38925369	93	ubtd2	436991	cassette	False	38910593	38925276	38925370	38948254	38910593	38948254	38910592	38948255	37662	1	transcript/1852174
NC_133196.1:41446291-41447097:-	NC_133196.1	-	41446291	41447097	807	klf5l	562670	alt_5p	True	41446198	41446290	41447098	41457090	41446198	41457090	41446197	41457091	10893	2	transcript/1691334,transcript/1732088
NC_133196.1:41447687-41447780:-	NC_133196.1	-	41447687	41447780	94	klf5l	562670	cassette	False	41447098	41447686	41447781	41457090	41447098	41457090	41447097	41457091	9993	1	transcript/1594476
NC_133196.1:42293333-42293395:-	NC_133196.1	-	42293333	42293395	63	LOC141379905	141379905	cassette	False	42290898	42293332	42293396	42294091	42290898	42294091	42290897	42294092	3194	5	transcript/2499567,transcript/2575894,transcript/2648960,transcript/2765654,transcript/2850046
NC_133196.1:42293718-42293854:-	NC_133196.1	-	42293718	42293854	137	LOC141379905	141379905	cassette	False	42290898	42293717	42293855	42294091	42290898	42294091	42290897	42294092	3194	2	transcript/2498332,transcript/2512230
NC_133196.1:42476497-42476577:+	NC_133196.1	+	42476497	42476577	81	cryba1b	436859	alt_5p	False	42476194	42476496	42476578	42477737	42476194	42477737	42476193	42477738	1544	2	transcript/5252400,transcript/5292205
NC_133196.1:43173508-43173546:-	NC_133196.1	-	43173508	43173546	39	pimreg	141379896	cassette	True	43170130	43173507	43173547	43177532	43170130	43177532	43170129	43177533	7403	5	transcript/2958501,transcript/2989322,transcript/3010284,transcript/3016733,transcript/3125467
NC_133196.1:43308145-43308473:-	NC_133196.1	-	43308145	43308473	329	med31	436690	cassette	False	43307368	43308144	43308474	43310234	43307368	43310234	43307367	43310235	2867	3	transcript/4937044,transcript/5114660,transcript/5212908
NC_133196.1:43672952-43673043:-	NC_133196.1	-	43672952	43673043	92	nsrp1	323926	cassette	False	43671414	43672951	43673044	43675524	43671414	43675524	43671413	43675525	4111	2	transcript/2820020,transcript/2836113
NC_133196.1:43860242-43860397:+	NC_133196.1	+	43860242	43860397	156	pdk3b	791206	alt_5p	True	43855449	43860241	43860398	43864069	43855449	43864069	43855448	43864070	8621	2	transcript/4855314,transcript/5007581
NC_133196.1:45145341-45145473:+	NC_133196.1	+	45145341	45145473	133	bod1	767743	cassette	True	45140972	45145340	45145474	45145570	45140972	45145570	45140971	45145571	4599	4	transcript/4932806,transcript/4933314,transcript/4969672,transcript/4984516
NC_133196.1:45461789-45462005:-	NC_133196.1	-	45461789	45462005	217	tcerg1b	797473	alt_5p	True	45456745	45461788	45462006	45465246	45456745	45465246	45456744	45465247	8502	5	transcript/543154,transcript/695652,transcript/704109,transcript/704651,transcript/706032
NC_133196.1:45464818-45464928:-	NC_133196.1	-	45464818	45464928	111	tcerg1b	797473	cassette	False	45462006	45464817	45464929	45465246	45462006	45465246	45462005	45465247	3241	4	transcript/678311,transcript/679187,transcript/689174,transcript/702010
NC_133196.1:45494018-45494133:-	NC_133196.1	-	45494018	45494133	116	cct6a	116994	alt_5p	False	45493938	45494017	45494134	45496708	45493938	45496708	45493937	45496709	2771	1	transcript/2489009
NC_133196.1:46887746-46887876:-	NC_133196.1	-	46887746	46887876	131	hspa4a	335865	alt_5p	False	46887669	46887745	46887877	46890577	46887669	46890577	46887668	46890578	2909	1	transcript/669899
NC_133196.1:47239418-47239495:+	NC_133196.1	+	47239418	47239495	78	atg4a	554140	alt_5p	False	47239100	47239417	47239496	47241812	47239100	47241812	47239099	47241813	2713	2	transcript/2185752,transcript/2316372
NC_133196.1:48936333-48936367:-	NC_133196.1	-	48936333	48936367	35	ammecr1	393553	cassette	False	48934572	48936332	48936368	48938478	48934572	48938478	48934571	48938479	3907	1	transcript/4642937
NC_133197.1:134530-134655:+	NC_133197.1	+	134530	134655	126	zgc:153713	751630	alt_5p	False	133080	134529	134656	136132	133080	136132	133079	136133	3053	1	transcript/6024743
NC_133197.1:256847-256919:-	NC_133197.1	-	256847	256919	73	atad3	403004	alt_5p	False	256758	256846	256920	257006	256758	257006	256757	257007	249	1	transcript/1995189
NC_133197.1:263329-263433:+	NC_133197.1	+	263329	263433	105	sdhb	562149	cassette	False	262868	263328	263434	263898	262868	263898	262867	263899	1031	1	transcript/3936294
NC_133197.1:264265-264492:+	NC_133197.1	+	264265	264492	228	sdhb	562149	cassette	False	264034	264264	264493	264803	264034	264803	264033	264804	770	3	transcript/3458516,transcript/3487820,transcript/3613428
NC_133197.1:634823-635266:-	NC_133197.1	-	634823	635266	444	srsf3b	100145909	cassette	False	634388	634822	635267	636180	634388	636180	634387	636181	1793	60	transcript/2336326,transcript/3102260,transcript/3302490,transcript/3630904,transcript/4010126,transcript/4020736,transcript/4028070,transcript/4046042,transcript/4049785,transcript/4049794,transcript/4059944,transcript/4074429,transcript/4079322,transcript/4079923,transcript/4083262,transcript/4083697,transcript/4089446,transcript/4091436,transcript/4091722,transcript/4092339,transcript/4096457,transcript/4097098,transcript/4097246,transcript/4097398,transcript/4097511,transcript/4098612,transcript/4100101,transcript/4100791,transcript/4103751,transcript/4106864,transcript/4108096,transcript/4108816,transcript/4109643,transcript/4112448,transcript/4112727,transcript/4114580,transcript/4116963,transcript/4117222,transcript/4118296,transcript/4120950,transcript/4121097,transcript/4121241,transcript/4122703,transcript/4123003,transcript/4123780,transcript/4126183,transcript/4126559,transcript/4126619,transcript/4129474,transcript/4130984,transcript/4134544,transcript/4134745,transcript/4135786,transcript/4149505,transcript/4153968,transcript/4156325,transcript/4195016,transcript/4229898,transcript/4244445,transcript/4371294
NC_133197.1:634823-636101:-	NC_133197.1	-	634823	636101	1279	srsf3b	100145909	cassette	False	634388	634822	636102	636180	634388	636180	634387	636181	1793	2	transcript/2037087,transcript/2082903
NC_133197.1:634823-636319:-	NC_133197.1	-	634823	636319	1497	srsf3b	100145909	alt_5p	False	634388	634822	636320	637601	634388	637601	634387	637602	3214	2	transcript/1943144,transcript/1958770
NC_133197.1:823284-823358:-	NC_133197.1	-	823284	823358	75	rbbp5	393215	alt_5p	True	822706	823283	823359	824410	822706	824410	822705	824411	1705	1	transcript/2043881
NC_133197.1:1082724-1083506:+	NC_133197.1	+	1082724	1083506	783	si:ch73-352p18.4	100535246	cassette	False	1082323	1082723	1083507	1083938	1082323	1083938	1082322	1083939	1616	7	transcript/1391739,transcript/1509403,transcript/1530192,transcript/1537190,transcript/1538004,transcript/1570303,transcript/1693404
NC_133197.1:1082724-1083858:+	NC_133197.1	+	1082724	1083858	1135	si:ch73-352p18.4	100535246	cassette	False	1082323	1082723	1083859	1083938	1082323	1083938	1082322	1083939	1616	3	transcript/1082532,transcript/1149585,transcript/1210438
NC_133197.1:4622348-4622433:+	NC_133197.1	+	4622348	4622433	86	timm44	541380	alt_5p	False	4622219	4622347	4622434	4625327	4622219	4625327	4622218	4625328	3109	1	transcript/2423864
NC_133197.1:5353618-5353692:+	NC_133197.1	+	5353618	5353692	75	mibp	64674	alt_5p	False	5353338	5353617	5353693	5354493	5353338	5354493	5353337	5354494	1156	1	transcript/5436882
NC_133197.1:5884394-5884525:-	NC_133197.1	-	5884394	5884525	132	s1pr4	402857	cassette	True	5883400	5884393	5884526	5885628	5883400	5885628	5883399	5885629	2229	1	transcript/740949
NC_133197.1:5884397-5884525:-	NC_133197.1	-	5884397	5884525	129	s1pr4	402857	cassette	True	5883400	5884396	5884526	5885628	5883400	5885628	5883399	5885629	2229	1	transcript/754664
NC_133197.1:7172283-7172368:-	NC_133197.1	-	7172283	7172368	86	LOC100329818	100329818	cassette	False	7163420	7172282	7172369	7176152	7163420	7176152	7163419	7176153	12733	2	transcript/3228969,transcript/3533921
NC_133197.1:7177292-7177609:+	NC_133197.1	+	7177292	7177609	318	LOC100330694	100330694	alt_5p	False	7177204	7177291	7177610	7177678	7177204	7177678	7177203	7177679	475	1	transcript/4654331
NC_133197.1:7392020-7392112:-	NC_133197.1	-	7392020	7392112	93	gpd1b	325181	cassette	False	7390890	7392019	7392113	7393097	7390890	7393097	7390889	7393098	2208	3	transcript/3919839,transcript/3943149,transcript/4082701
NC_133197.1:7846526-7846668:+	NC_133197.1	+	7846526	7846668	143	cela1.6	445282	alt_5p	False	7845541	7846525	7846669	7846767	7845541	7846767	7845540	7846768	1227	1	transcript/5488817
NC_133197.1:7892799-7892940:+	NC_133197.1	+	7892799	7892940	142	cela1.4	574008	alt_5p	False	7891030	7892798	7892941	7893024	7891030	7893024	7891029	7893025	1995	1	transcript/4036742
NC_133197.1:8189876-8190035:-	NC_133197.1	-	8189876	8190035	160	wu:fi37e09	334247	cassette	True	8189017	8189875	8190036	8191608	8189017	8191608	8189016	8191609	2592	2	transcript/1467458,transcript/1479286
NC_133197.1:8284915-8285138:-	NC_133197.1	-	8284915	8285138	224	LOC110438269	110438269	cassette	True	8284809	8284914	8285139	8286205	8284809	8286205	8284808	8286206	1397	2	transcript/762849,transcript/799945
NC_133197.1:8336218-8336383:-	NC_133197.1	-	8336218	8336383	166	LOC100334619	100334619	cassette	False	8334772	8336217	8336384	8341233	8334772	8341233	8334771	8341234	6462	3	transcript/1065246,transcript/1096725,transcript/1123948
NC_133197.1:8574058-8574108:-	NC_133197.1	-	8574058	8574108	51	si:ch73-27e22.2	100005092	cassette	False	8573934	8574057	8574109	8575328	8573934	8575328	8573933	8575329	1395	3	transcript/1105824,transcript/1485205,transcript/1687752
NC_133197.1:9686997-9687114:-	NC_133197.1	-	9686997	9687114	118	LOC100151570	100151570	cassette	False	9685760	9686996	9687115	9687707	9685760	9687707	9685759	9687708	1948	2	transcript/1211573,transcript/2628032
NC_133197.1:9694574-9694638:-	NC_133197.1	-	9694574	9694638	65	si:ch211-222k6.1	100034531	cassette	False	9694459	9694573	9694639	9695557	9694459	9695557	9694458	9695558	1099	2	transcript/2116513,transcript/2876323
NC_133197.1:9714007-9714305:+	NC_133197.1	+	9714007	9714305	299	si:ch211-222k6.3	100034442	alt_5p	False	9713774	9714006	9714306	9714412	9713774	9714412	9713773	9714413	639	3	transcript/4107606,transcript/4257717,transcript/4507607
NC_133197.1:9804678-9804801:+	NC_133197.1	+	9804678	9804801	124	rbck1	431715	alt_5p	False	9804340	9804677	9804802	9804898	9804340	9804898	9804339	9804899	559	43	transcript/3790974,transcript/3914024,transcript/3950187,transcript/3952742,transcript/3970290,transcript/4016196,transcript/4113854,transcript/4138147,transcript/4161283,transcript/4227394,transcript/4281155,transcript/4308483,transcript/4337972,transcript/4369488,transcript/4436652,transcript/4761599,transcript/4842636,transcript/4854503,transcript/4891136,transcript/4896210,transcript/4899262,transcript/4914856,transcript/4915208,transcript/4917715,transcript/4926008,transcript/4934825,transcript/4940551,transcript/4956728,transcript/5102014,transcript/5244576,transcript/5247894,transcript/5255694,transcript/5259007,transcript/5267585,transcript/5272122,transcript/5297717,transcript/5317030,transcript/5339361,transcript/5349211,transcript/5363944,transcript/5398263,transcript/5419083,transcript/5486052
NC_133197.1:10024075-10024198:-	NC_133197.1	-	10024075	10024198	124	LOC108181206	108181206	alt_5p	False	10021947	10024074	10024199	10030974	10021947	10030974	10021946	10030975	9028	12	transcript/116207,transcript/126831,transcript/132003,transcript/132649,transcript/132878,transcript/134322,transcript/135578,transcript/137944,transcript/152987,transcript/175399,transcript/193285,transcript/413097
NC_133197.1:10110722-10110794:+	NC_133197.1	+	10110722	10110794	73	cenpp	445161	cassette	True	10100932	10110721	10110795	10159971	10100932	10159971	10100931	10159972	59040	1	transcript/4683328
NC_133197.1:10295786-10296393:+	NC_133197.1	+	10295786	10296393	608	rassf1	447811	alt_5p	False	10294502	10295785	10296394	10299229	10294502	10299229	10294501	10299230	4728	2	transcript/1969925,transcript/1988039
NC_133197.1:11414890-11414977:+	NC_133197.1	+	11414890	11414977	88	krt97	436656	alt_5p	False	11414285	11414889	11414978	11415099	11414285	11415099	11414284	11415100	815	2	transcript/3413469,transcript/3420158
NC_133197.1:11826578-11826663:+	NC_133197.1	+	11826578	11826663	86	ccnt2b	321464	cassette	False	11823532	11826577	11826664	11827208	11823532	11827208	11823531	11827209	3677	1	transcript/906994
NC_133197.1:11828343-11828692:+	NC_133197.1	+	11828343	11828692	350	ccnt2b	321464	alt_5p	True	11827410	11828342	11828693	11831067	11827410	11831067	11827409	11831068	3658	27	transcript/1667389,transcript/1740606,transcript/2293369,transcript/2361234,transcript/2366730,transcript/2367998,transcript/2483528,transcript/2700395,transcript/4962736,transcript/650228,transcript/687777,transcript/694358,transcript/694688,transcript/697157,transcript/698994,transcript/699250,transcript/700527,transcript/702044,transcript/702473,transcript/704669,transcript/705329,transcript/705965,transcript/707750,transcript/709369,transcript/712076,transcript/714080,transcript/930683
NC_133197.1:12128351-12128423:+	NC_133197.1	+	12128351	12128423	73	rnd3a	80963	cassette	False	12123014	12128350	12128424	12132965	12123014	12132965	12123013	12132966	9952	2	transcript/2152310,transcript/2179240
NC_133197.1:12402443-12402516:-	NC_133197.1	-	12402443	12402516	74	slx9	797099	alt_5p	False	12396941	12402442	12402517	12416681	12396941	12416681	12396940	12416682	19741	1	transcript/5047102
NC_133197.1:12581903-12581961:-	NC_133197.1	-	12581903	12581961	59	nab1a	565795	cassette	True	12581086	12581902	12581962	12584397	12581086	12584397	12581085	12584398	3312	1	transcript/1737562
NC_133197.1:15152095-15152200:-	NC_133197.1	-	15152095	15152200	106	rpp21	445136	alt_5p	False	15151985	15152094	15152201	15152297	15151985	15152297	15151984	15152298	313	1	transcript/5922316
NC_133197.1:17194703-17194749:+	NC_133197.1	+	17194703	17194749	47	rab11ba	406798	cassette	False	17193576	17194702	17194750	17195149	17193576	17195149	17193575	17195150	1574	2	transcript/2834609,transcript/2923260
NC_133197.1:18240082-18240195:-	NC_133197.1	-	18240082	18240195	114	cirbpb	678563	alt_5p	False	18239982	18240081	18240196	18240793	18239982	18240793	18239981	18240794	812	4	transcript/3547215,transcript/3569684,transcript/3599146,transcript/5587303
NC_133197.1:19402102-19402200:+	NC_133197.1	+	19402102	19402200	99	hsd11b1la	393293	cassette	False	19402018	19402101	19402201	19403893	19402018	19403893	19402017	19403894	1876	2	transcript/3562298,transcript/3676914
NC_133197.1:19404097-19404369:+	NC_133197.1	+	19404097	19404369	273	hsd11b1la	393293	alt_5p	True	19404026	19404096	19404370	19409422	19404026	19409422	19404025	19409423	5397	1	transcript/3643638
NC_133197.1:20673992-20674116:-	NC_133197.1	-	20673992	20674116	125	LOC141380320	141380320	cassette	True	20671409	20673991	20674117	20674235	20671409	20674235	20671408	20674236	2827	2	transcript/396768,transcript/409105
NC_133197.1:20985857-20986004:-	NC_133197.1	-	20985857	20986004	148	LOC141380320	141380320	cassette	False	20984950	20985856	20986005	20986454	20984950	20986454	20984949	20986455	1505	5	transcript/4903353,transcript/5033826,transcript/5105369,transcript/5133820,transcript/5141867
NC_133197.1:21411635-21411776:+	NC_133197.1	+	21411635	21411776	142	plpp2b	335485	cassette	False	21398727	21411634	21411777	21431525	21398727	21431525	21398726	21431526	32799	2	transcript/2551894,transcript/2621127
NC_133197.1:22986888-22986956:-	NC_133197.1	-	22986888	22986956	69	nek7	445223	cassette	True	22982879	22986887	22986957	22988574	22982879	22988574	22982878	22988575	5696	3	transcript/1357575,transcript/1410821,transcript/1456703
NC_133197.1:23020698-23020915:-	NC_133197.1	-	23020698	23020915	218	nek7	445223	cassette	False	23007455	23020697	23020916	23021074	23007455	23021074	23007454	23021075	13620	2	transcript/1188729,transcript/1247175
NC_133197.1:23442650-23442745:-	NC_133197.1	-	23442650	23442745	96	cfhl4	559122	cassette	False	23441947	23442649	23442746	23444401	23441947	23444401	23441946	23444402	2455	5	transcript/3431486,transcript/3437274,transcript/3447425,transcript/3563414,transcript/3582027
NC_133197.1:24114295-24114438:-	NC_133197.1	-	24114295	24114438	144	si:ch211-117l17.6	100151245	cassette	False	24113280	24114294	24114439	24117655	24113280	24117655	24113279	24117656	4376	1	transcript/5141926
NC_133197.1:24235506-24235636:+	NC_133197.1	+	24235506	24235636	131	p3h2	566697	cassette	False	24211447	24235505	24235637	24268732	24211447	24268732	24211446	24268733	57286	2	transcript/213225,transcript/262387
NC_133197.1:25722658-25722908:-	NC_133197.1	-	25722658	25722908	251	LOC101886000	101886000	alt_5p	False	25722576	25722657	25722909	25723000	25722576	25723000	25722575	25723001	425	1	transcript/1598957
NC_133197.1:26346075-26346124:+	NC_133197.1	+	26346075	26346124	50	aars2	792787	cassette	True	26344873	26346074	26346125	26346485	26344873	26346485	26344872	26346486	1613	3	transcript/629065,transcript/633635,transcript/695953
NC_133197.1:27579004-27579115:-	NC_133197.1	-	27579004	27579115	112	hmox2a	100002875	alt_5p	False	27576635	27579003	27579116	27580455	27576635	27580455	27576634	27580456	3821	7	transcript/3514665,transcript/3532158,transcript/3568251,transcript/3609222,transcript/3611320,transcript/3654404,transcript/4329468
NC_133197.1:27579004-27579118:-	NC_133197.1	-	27579004	27579118	115	hmox2a	100002875	alt_5p	False	27576635	27579003	27579119	27580455	27576635	27580455	27576634	27580456	3821	1	transcript/3552741
NC_133197.1:30103462-30103573:+	NC_133197.1	+	30103462	30103573	112	senp7b	100006377	cassette	False	30102366	30103461	30103574	30104539	30102366	30104539	30102365	30104540	2174	3	transcript/862277,transcript/925594,transcript/952644
NC_133197.1:31188440-31188537:-	NC_133197.1	-	31188440	31188537	98	pdgfba	798657	alt_5p	False	31184672	31188439	31188538	31198787	31184672	31198787	31184671	31198788	14116	13	transcript/1391879,transcript/1395433,transcript/1430309,transcript/1464338,transcript/1470650,transcript/1470651,transcript/1470746,transcript/1477846,transcript/1552959,transcript/1848919,transcript/1953072,transcript/2201578,transcript/541530
NC_133197.1:31557867-31557954:-	NC_133197.1	-	31557867	31557954	88	pdcd4b	321061	cassette	False	31554595	31557866	31557955	31560837	31554595	31560837	31554594	31560838	6243	5	transcript/1858576,transcript/1917446,transcript/1960958,transcript/1969885,transcript/2010764
NC_133197.1:32218043-32218077:+	NC_133197.1	+	32218043	32218077	35	mxi1	30485	alt_5p	True	32214789	32218042	32218078	32233138	32214789	32233138	32214788	32233139	18350	1	transcript/819771
NC_133197.1:33574841-33574957:-	NC_133197.1	-	33574841	33574957	117	lsm3	100535720	alt_5p	False	33571109	33574840	33574958	33575149	33571109	33575149	33571108	33575150	4041	1	transcript/6699738
NC_133197.1:36639222-36639274:+	NC_133197.1	+	36639222	36639274	53	atpv0e2	553767	alt_5p	True	36639091	36639221	36639275	36643760	36639091	36643760	36639090	36643761	4670	1	transcript/5865783
NC_133197.1:36655909-36656208:+	NC_133197.1	+	36655909	36656208	300	hoga1	405806	alt_5p	True	36655710	36655908	36656209	36657831	36655710	36657831	36655709	36657832	2122	1	transcript/4523747
NC_133197.1:38593417-38593563:-	NC_133197.1	-	38593417	38593563	147	mfsd8l1	564731	cassette	True	38593220	38593416	38593564	38594291	38593220	38594291	38593219	38594292	1072	1	transcript/1771773
NC_133197.1:38821120-38821460:-	NC_133197.1	-	38821120	38821460	341	LOC100001620	100001620	alt_5p	False	38820635	38821119	38821461	38823458	38820635	38823458	38820634	38823459	2824	3	transcript/1322916,transcript/1356222,transcript/1435435
NC_133197.1:40537585-40538020:-	NC_133197.1	-	40537585	40538020	436	mark1	100003170	alt_5p	True	40537541	40537584	40538021	40540464	40537541	40540464	40537540	40540465	2924	1	transcript/610584
NC_133197.1:41137658-41137885:+	NC_133197.1	+	41137658	41137885	228	sirt7	796135	cassette	False	41136392	41137657	41137886	41138502	41136392	41138502	41136391	41138503	2111	1	transcript/1025230
NC_133198.1:576377-576453:-	NC_133198.1	-	576377	576453	77	col9a3	567110	alt_5p	False	575759	576376	576454	577221	575759	577221	575758	577222	1463	1	transcript/1012243
NC_133198.1:585195-585241:-	NC_133198.1	-	585195	585241	47	col9a3	567110	alt_5p	False	584699	585194	585242	585327	584699	585327	584698	585328	629	1	transcript/1011692
NC_133198.1:585324-585382:-	NC_133198.1	-	585324	585382	59	col9a3	567110	alt_5p	False	585242	585323	585383	585858	585242	585858	585241	585859	617	1	transcript/1002911
NC_133198.1:587973-588037:-	NC_133198.1	-	587973	588037	65	col9a3	567110	alt_5p	False	586089	587972	588038	590832	586089	590832	586088	590833	4744	5	transcript/1068353,transcript/975107,transcript/979541,transcript/981068,transcript/986659
NC_133198.1:613357-613507:-	NC_133198.1	-	613357	613507	151	samhd1	553453	cassette	False	613114	613356	613508	613824	613114	613824	613113	613825	711	3	transcript/623522,transcript/629862,transcript/657818
NC_133198.1:3740937-3741145:+	NC_133198.1	+	3740937	3741145	209	smim29	387006	alt_5p	False	3737504	3740936	3741146	3741993	3737504	3741993	3737503	3741994	4490	3	transcript/5800475,transcript/5802970,transcript/5876683
NC_133198.1:4266884-4267064:+	NC_133198.1	+	4266884	4267064	181	zgc:113278	541528	cassette	False	4263869	4266883	4267065	4267498	4263869	4267498	4263868	4267499	3630	2	transcript/2478508,transcript/2491409
NC_133198.1:6326267-6326393:+	NC_133198.1	+	6326267	6326393	127	zmp:0000001139	101884253	cassette	False	6320464	6326266	6326394	6339936	6320464	6339936	6320463	6339937	19473	1	transcript/2385646
NC_133198.1:6349089-6349229:+	NC_133198.1	+	6349089	6349229	141	zmp:0000001139	101884253	cassette	True	6348221	6349088	6349230	6352723	6348221	6352723	6348220	6352724	4503	1	transcript/2441732
NC_133198.1:6799095-6799184:-	NC_133198.1	-	6799095	6799184	90	rbm38	333991	cassette	False	6795929	6799094	6799185	6799993	6795929	6799993	6795928	6799994	4065	3	transcript/3992401,transcript/4909171,transcript/5255407
NC_133198.1:6799095-6800084:-	NC_133198.1	-	6799095	6800084	990	rbm38	333991	alt_5p	False	6795929	6799094	6800085	6800191	6795929	6800191	6795928	6800192	4263	2	transcript/2596966,transcript/2612943
NC_133198.1:6801485-6801599:-	NC_133198.1	-	6801485	6801599	115	rbm38	333991	cassette	False	6800372	6801484	6801600	6801972	6800372	6801972	6800371	6801973	1601	1	transcript/4877972
NC_133198.1:6989910-6989946:-	NC_133198.1	-	6989910	6989946	37	edem2	402801	cassette	True	6989469	6989909	6989947	6992982	6989469	6992982	6989468	6992983	3514	1	transcript/2422998
NC_133198.1:10369743-10369956:-	NC_133198.1	-	10369743	10369956	214	krt8	797433	alt_5p	False	10369230	10369742	10369957	10371075	10369230	10371075	10369229	10371076	1846	1	transcript/1804166
NC_133198.1:10775583-10775692:-	NC_133198.1	-	10775583	10775692	110	foxp1a	564127	alt_5p	False	10771791	10775582	10775693	10785361	10771791	10785361	10771790	10785362	13571	1	transcript/800960
NC_133198.1:10856951-10857050:-	NC_133198.1	-	10856951	10857050	100	eif4e3	447850	alt_5p	False	10851877	10856950	10857051	10859938	10851877	10859938	10851876	10859939	8062	1	transcript/1183005
NC_133198.1:12265451-12265592:+	NC_133198.1	+	12265451	12265592	142	ttll9	556794	cassette	True	12264557	12265450	12265593	12267158	12264557	12267158	12264556	12267159	2602	2	transcript/2720484,transcript/2742315
NC_133198.1:14445902-14445970:-	NC_133198.1	-	14445902	14445970	69	ndnl2	386658	alt_5p	False	14445785	14445901	14445971	14448695	14445785	14448695	14445784	14448696	2911	1	transcript/5198058
NC_133198.1:14448688-14448807:-	NC_133198.1	-	14448688	14448807	120	ndnl2	386658	alt_5p	False	14445971	14448687	14448808	14449412	14445971	14449412	14445970	14449413	3442	2	transcript/5098020,transcript/5156589
NC_133198.1:15893164-15893306:-	NC_133198.1	-	15893164	15893306	143	nkain4	100002876	alt_5p	False	15873692	15893163	15893307	15944300	15873692	15944300	15873691	15944301	70609	1	transcript/4445902
NC_133198.1:15931196-15931362:-	NC_133198.1	-	15931196	15931362	167	nkain4	100002876	cassette	False	15893307	15931195	15931363	15944300	15893307	15944300	15893306	15944301	50994	8	transcript/1136547,transcript/1139617,transcript/1142807,transcript/1146039,transcript/1147062,transcript/1153274,transcript/1173015,transcript/1262567
NC_133198.1:17398987-17399183:-	NC_133198.1	-	17398987	17399183	197	eef1a2	436644	alt_5p	False	17388987	17398986	17399184	17405323	17388987	17405323	17388986	17405324	16337	1	transcript/2328909
NC_133198.1:19707281-19707363:+	NC_133198.1	+	19707281	19707363	83	fbxo6.2	564984	alt_5p	False	19707100	19707280	19707364	19707484	19707100	19707484	19707099	19707485	385	2	transcript/4306986,transcript/4444300
NC_133198.1:20329588-20329685:-	NC_133198.1	-	20329588	20329685	98	ppdpfb	336303	alt_5p	False	20329521	20329587	20329686	20330225	20329521	20330225	20329520	20330226	705	3	transcript/6208826,transcript/6217269,transcript/6254570
NC_133198.1:20937357-20937451:-	NC_133198.1	-	20937357	20937451	95	lemd1	436879	alt_5p	False	20937196	20937356	20937452	20939709	20937196	20939709	20937195	20939710	2514	1	transcript/2756873
NC_133198.1:21079685-21079761:-	NC_133198.1	-	21079685	21079761	77	tafa1a	100536837	cassette	True	21079443	21079684	21079762	21082470	21079443	21082470	21079442	21082471	3028	8	transcript/3973036,transcript/4007439,transcript/4012936,transcript/4026917,transcript/4330097,transcript/4664738,transcript/4720070,transcript/5281455
NC_133198.1:21536832-21536860:-	NC_133198.1	-	21536832	21536860	29	arhgap4b	561231	cassette	False	21536623	21536831	21536861	21548355	21536623	21548355	21536622	21548356	11733	1	transcript/62277
NC_133198.1:21920835-21920968:-	NC_133198.1	-	21920835	21920968	134	arfgef2	100334572	alt_5p	False	21920755	21920834	21920969	21921193	21920755	21921193	21920754	21921194	439	1	transcript/23412
NC_133198.1:22580993-22581364:+	NC_133198.1	+	22580993	22581364	372	uqcc5	100332503	cassette	False	22580402	22580992	22581365	22581712	22580402	22581712	22580401	22581713	1311	4	transcript/5426636,transcript/5439375,transcript/5447969,transcript/5473076
NC_133198.1:23015389-23015554:+	NC_133198.1	+	23015389	23015554	166	tnnc1b	415175	alt_5p	False	23015270	23015388	23015555	23015965	23015270	23015965	23015269	23015966	696	3	transcript/6039075,transcript/6073680,transcript/6214028
NC_133198.1:23015830-23015882:+	NC_133198.1	+	23015830	23015882	53	tnnc1b	415175	cassette	False	23015537	23015829	23015883	23015965	23015537	23015965	23015536	23015966	429	2	transcript/5978893,transcript/5984062
NC_133198.1:23028363-23028393:-	NC_133198.1	-	23028363	23028393	31	tktb	378713	cassette	False	23027655	23028362	23028394	23029983	23027655	23029983	23027654	23029984	2329	9	transcript/1049970,transcript/1239949,transcript/1278551,transcript/1279154,transcript/1283774,transcript/1283857,transcript/1289171,transcript/1669246,transcript/1775504
NC_133198.1:23650384-23651468:-	NC_133198.1	-	23650384	23651468	1085	znf362b	100038768	alt_5p	True	23646329	23650383	23651469	23651557	23646329	23651557	23646328	23651558	5229	2	transcript/1895728,transcript/1968435
NC_133198.1:25586393-25586610:-	NC_133198.1	-	25586393	25586610	218	slc2a5	100006415	alt_5p	False	25586215	25586392	25586611	25589350	25586215	25589350	25586214	25589351	3136	4	transcript/2575908,transcript/2578272,transcript/2625935,transcript/2698494
NC_133198.1:26091684-26091823:-	NC_133198.1	-	26091684	26091823	140	noc2l	58013	cassette	True	26087175	26091683	26091824	26093292	26087175	26093292	26087174	26093293	6118	2	transcript/926089,transcript/930094
NC_133198.1:27058953-27059035:+	NC_133198.1	+	27058953	27059035	83	LOC101883939	101883939	cassette	False	27056924	27058952	27059036	27060523	27056924	27060523	27056923	27060524	3600	3	transcript/1896573,transcript/1927661,transcript/2002807
NC_133198.1:27171168-27171211:-	NC_133198.1	-	27171168	27171211	44	ddost	406408	cassette	False	27170293	27171167	27171212	27172310	27170293	27172310	27170292	27172311	2018	2	transcript/2753649,transcript/2759976
NC_133198.1:28086713-28086750:+	NC_133198.1	+	28086713	28086750	38	fam3a	393773	cassette	False	28082672	28086712	28086751	28088999	28082672	28088999	28082671	28089000	6328	3	transcript/3772234,transcript/3859361,transcript/4109970
NC_133198.1:28089113-28089425:+	NC_133198.1	+	28089113	28089425	313	fam3a	393773	alt_5p	False	28089025	28089112	28089426	28089592	28089025	28089592	28089024	28089593	568	1	transcript/3253255
NC_133198.1:28089113-28089429:+	NC_133198.1	+	28089113	28089429	317	fam3a	393773	alt_5p	False	28089025	28089112	28089430	28089592	28089025	28089592	28089024	28089593	568	3	transcript/3311741,transcript/3326917,transcript/3475771
NC_133198.1:28089398-28089429:+	NC_133198.1	+	28089398	28089429	32	fam3a	393773	cassette	False	28089238	28089397	28089430	28089592	28089238	28089592	28089237	28089593	355	5	transcript/3767691,transcript/3831237,transcript/3832585,transcript/4033786,transcript/4061725
NC_133198.1:28719768-28719891:-	NC_133198.1	-	28719768	28719891	124	senp1	100007636	alt_5p	False	28718976	28719767	28719892	28720220	28718976	28720220	28718975	28720221	1245	1	transcript/504231
NC_133198.1:28907266-28907442:-	NC_133198.1	-	28907266	28907442	177	ada	436919	alt_5p	False	28907157	28907265	28907443	28913082	28907157	28913082	28907156	28913083	5926	1	transcript/1751860
NC_133198.1:28973510-28973647:+	NC_133198.1	+	28973510	28973647	138	pfkfb1	327453	cassette	False	28971117	28973509	28973648	28974537	28971117	28974537	28971116	28974538	3421	3	transcript/2746263,transcript/2767370,transcript/2849505
NC_133198.1:28976528-28976608:+	NC_133198.1	+	28976528	28976608	81	pfkfb1	327453	alt_5p	False	28976428	28976527	28976609	28976821	28976428	28976821	28976427	28976822	394	9	transcript/1453233,transcript/1470639,transcript/2886903,transcript/2912320,transcript/3019105,transcript/3022647,transcript/3031663,transcript/3047534,transcript/3064827
NC_133198.1:28976822-28976901:+	NC_133198.1	+	28976822	28976901	80	pfkfb1	327453	alt_5p	False	28976596	28976821	28976902	28977617	28976596	28977617	28976595	28977618	1022	2	transcript/3050889,transcript/3092526
NC_133198.1:28980781-28981361:+	NC_133198.1	+	28980781	28981361	581	pfkfb1	327453	alt_5p	True	28980703	28980780	28981362	28982115	28980703	28982115	28980702	28982116	1413	2	transcript/1723180,transcript/1928931
NC_133198.1:29019982-29020171:-	NC_133198.1	-	29019982	29020171	190	gdi1	554985	alt_5p	False	29019199	29019981	29020172	29021440	29019199	29021440	29019198	29021441	2242	6	transcript/490523,transcript/492819,transcript/505978,transcript/514907,transcript/529636,transcript/542064
NC_133198.1:29026520-29026599:+	NC_133198.1	+	29026520	29026599	80	atp6ap1b	195824	alt_5p	False	29024612	29026519	29026600	29026689	29024612	29026689	29024611	29026690	2078	1	transcript/1656997
NC_133198.1:29030413-29030558:+	NC_133198.1	+	29030413	29030558	146	atp6ap1b	195824	cassette	True	29028439	29030412	29030559	29030720	29028439	29030720	29028438	29030721	2282	2	transcript/1464088,transcript/1486108
NC_133198.1:29917313-29917374:+	NC_133198.1	+	29917313	29917374	62	rnd1b	553414	cassette	False	29899628	29917312	29917375	29920461	29899628	29920461	29899627	29920462	20834	1	transcript/940331
NC_133198.1:29969295-29969343:-	NC_133198.1	-	29969295	29969343	49	dtx3	393500	cassette	False	29965157	29969294	29969344	29969561	29965157	29969561	29965156	29969562	4405	8	transcript/445820,transcript/457855,transcript/474400,transcript/482896,transcript/488906,transcript/530390,transcript/569777,transcript/633287
NC_133198.1:29976878-29976972:+	NC_133198.1	+	29976878	29976972	95	dtx3	393500	alt_5p	False	29976795	29976877	29976973	29977049	29976795	29977049	29976794	29977050	255	1	transcript/3454729
NC_133198.1:31318378-31318463:+	NC_133198.1	+	31318378	31318463	86	zgc:153867	337226	cassette	False	31318238	31318377	31318464	31321454	31318238	31321454	31318237	31321455	3217	1	transcript/4258573
NC_133198.1:31657543-31657741:+	NC_133198.1	+	31657543	31657741	199	srm	394009	alt_5p	True	31656861	31657542	31657742	31657818	31656861	31657818	31656860	31657819	958	2	transcript/4086543,transcript/4150223
NC_133198.1:32973725-32973802:-	NC_133198.1	-	32973725	32973802	78	ccdc187	100037381	cassette	False	32972273	32973724	32973803	32974268	32972273	32974268	32972272	32974269	1996	3	transcript/1888972,transcript/2127636,transcript/762495
NC_133198.1:33955408-33955475:+	NC_133198.1	+	33955408	33955475	68	selenoi	557632	cassette	True	33954453	33955407	33955476	33957406	33954453	33957406	33954452	33957407	2954	3	transcript/303439,transcript/310870,transcript/326393
NC_133198.1:34726662-34726756:-	NC_133198.1	-	34726662	34726756	95	hbs1l	324267	cassette	False	34725941	34726661	34726757	34727632	34725941	34727632	34725940	34727633	1692	3	transcript/619359,transcript/659221,transcript/672035
NC_133198.1:34882234-34882373:+	NC_133198.1	+	34882234	34882373	140	si:dkey-126g1.9	792999	cassette	True	34876733	34882233	34882374	34882957	34876733	34882957	34876732	34882958	6225	3	transcript/4413905,transcript/4668838,transcript/4909619
NC_133198.1:35024628-35024728:+	NC_133198.1	+	35024628	35024728	101	cd63	321461	alt_5p	False	35024543	35024627	35024729	35024934	35024543	35024934	35024542	35024935	392	1	transcript/4579107
NC_133198.1:35048097-35048176:+	NC_133198.1	+	35048097	35048176	80	gtsf1	405758	cassette	False	35044910	35048096	35048177	35048266	35044910	35048266	35044909	35048267	3357	1	transcript/5412754
NC_133198.1:35048817-35048902:+	NC_133198.1	+	35048817	35048902	86	gtsf1	405758	alt_5p	True	35048395	35048816	35048903	35049093	35048395	35049093	35048394	35049094	699	1	transcript/5621499
NC_133198.1:35339204-35339271:+	NC_133198.1	+	35339204	35339271	68	taf8	393256	alt_5p	False	35339073	35339203	35339272	35339350	35339073	35339350	35339072	35339351	278	1	transcript/3783920
NC_133198.1:36873713-36873765:+	NC_133198.1	+	36873713	36873765	53	cs	322339	alt_5p	False	36866911	36873712	36873766	36873974	36866911	36873974	36866910	36873975	7064	1	transcript/882804
NC_133198.1:36901804-36901871:-	NC_133198.1	-	36901804	36901871	68	coq10a	100002536	cassette	False	36901079	36901803	36901872	36902888	36901079	36902888	36901078	36902889	1810	1	transcript/1552465
NC_133198.1:37010843-37010915:+	NC_133198.1	+	37010843	37010915	73	sars1	445405	cassette	False	37010479	37010842	37010916	37012139	37010479	37012139	37010478	37012140	1661	1	transcript/1693622
NC_133198.1:37010846-37010915:+	NC_133198.1	+	37010846	37010915	70	sars1	445405	cassette	False	37010479	37010845	37010916	37012139	37010479	37012139	37010478	37012140	1661	2	transcript/1698157,transcript/1706880
NC_133198.1:37118329-37118525:+	NC_133198.1	+	37118329	37118525	197	chchd6a	449542	cassette	True	37093520	37118328	37118526	37118649	37093520	37118649	37093519	37118650	25130	6	transcript/3971410,transcript/4179008,transcript/4187277,transcript/4261329,transcript/4287441,transcript/4377565
NC_133198.1:38492630-38492710:-	NC_133198.1	-	38492630	38492710	81	cmtr1	393102	alt_5p	True	38492531	38492629	38492711	38492806	38492531	38492806	38492530	38492807	276	3	transcript/793135,transcript/801569,transcript/809050
NC_133198.1:39445960-39446082:+	NC_133198.1	+	39445960	39446082	123	copz1	57970	alt_5p	False	39445597	39445959	39446083	39448211	39445597	39448211	39445596	39448212	2615	3	transcript/5079746,transcript/5086659,transcript/5153330
NC_133198.1:39842902-39842967:+	NC_133198.1	+	39842902	39842967	66	tspan31	393251	cassette	False	39833443	39842901	39842968	39845646	39833443	39845646	39833442	39845647	12204	5	transcript/2597553,transcript/2608333,transcript/2696125,transcript/2720176,transcript/2742338
NC_133198.1:41442135-41442215:+	NC_133198.1	+	41442135	41442215	81	zgc:112994	553736	alt_5p	False	41441531	41442134	41442216	41445569	41441531	41445569	41441530	41445570	4039	4	transcript/1170326,transcript/1172771,transcript/1215469,transcript/1928700
NC_133198.1:43080450-43080498:-	NC_133198.1	-	43080450	43080498	49	iyd	100330940	cassette	True	43080354	43080449	43080499	43081369	43080354	43081369	43080353	43081370	1016	2	transcript/4603402,transcript/4687623
NC_133198.1:45269145-45269177:+	NC_133198.1	+	45269145	45269177	33	podn	100536479	cassette	False	45262429	45269144	45269178	45269266	45262429	45269266	45262428	45269267	6838	1	transcript/2358181
NC_133198.1:45908356-45908441:+	NC_133198.1	+	45908356	45908441	86	cyp2aa3	386638	cassette	False	45906920	45908355	45908442	45909111	45906920	45909111	45906919	45909112	2192	1	transcript/2904248
NC_133198.1:45909383-45910385:+	NC_133198.1	+	45909383	45910385	1003	cyp2aa3	386638	alt_5p	True	45909287	45909382	45910386	45912746	45909287	45912746	45909286	45912747	3460	1	transcript/1520345
NC_133198.1:45910285-45910385:+	NC_133198.1	+	45910285	45910385	101	cyp2aa3	386638	cassette	True	45909526	45910284	45910386	45912746	45909526	45912746	45909525	45912747	3221	2	transcript/2718137,transcript/2916326
NC_133198.1:45910285-45910390:+	NC_133198.1	+	45910285	45910390	106	cyp2aa3	386638	cassette	True	45909526	45910284	45910391	45912746	45909526	45912746	45909525	45912747	3221	1	transcript/2919506
NC_133198.1:47074974-47075160:-	NC_133198.1	-	47074974	47075160	187	ctnnbl1	393840	alt_5p	False	47044177	47074973	47075161	47077196	47044177	47077196	47044176	47077197	33020	1	transcript/2098921
NC_133198.1:48362990-48363087:+	NC_133198.1	+	48362990	48363087	98	trappc1	437015	cassette	False	48362109	48362989	48363088	48363640	48362109	48363640	48362108	48363641	1532	1	transcript/6319259
NC_133198.1:48427265-48427587:+	NC_133198.1	+	48427265	48427587	323	pfn1	799355	cassette	False	48425206	48427264	48427588	48428407	48425206	48428407	48425205	48428408	3202	1	transcript/4824087
NC_133198.1:48427524-48427587:+	NC_133198.1	+	48427524	48427587	64	pfn1	799355	cassette	False	48425206	48427523	48427588	48428407	48425206	48428407	48425205	48428408	3202	1	transcript/5689217
NC_133198.1:48618564-48619411:-	NC_133198.1	-	48618564	48619411	848	zgc:153012	777626	cassette	False	48616893	48618563	48619412	48633904	48616893	48633904	48616892	48633905	17012	8	transcript/1254115,transcript/1306405,transcript/202354,transcript/221112,transcript/282498,transcript/358841,transcript/673315,transcript/711273
NC_133198.1:48743513-48743620:-	NC_133198.1	-	48743513	48743620	108	st8sia7.1	751830	cassette	False	48743402	48743512	48743621	48743837	48743402	48743837	48743401	48743838	436	6	transcript/2735066,transcript/2914402,transcript/2966172,transcript/2978994,transcript/2984055,transcript/3152109
NC_133198.1:48816985-48817342:+	NC_133198.1	+	48816985	48817342	358	asgr1a	101882127	cassette	False	48816204	48816984	48817343	48819448	48816204	48819448	48816203	48819449	3245	4	transcript/1304514,transcript/1372619,transcript/1418526,transcript/1478829
NC_133198.1:50295848-50296044:-	NC_133198.1	-	50295848	50296044	197	tgm1l4	555962	alt_5p	False	50295086	50295847	50296045	50296624	50295086	50296624	50295085	50296625	1539	1	transcript/1429259
NC_133199.1:3676341-3676394:+	NC_133199.1	+	3676341	3676394	54	nck1b	100334953	cassette	False	3670748	3676340	3676395	3678451	3670748	3678451	3670747	3678452	7704	13	transcript/686862,transcript/690184,transcript/696249,transcript/704679,transcript/713814,transcript/741031,transcript/755234,transcript/760218,transcript/767300,transcript/789382,transcript/817872,transcript/821719,transcript/821806
NC_133199.1:4955893-4955951:-	NC_133199.1	-	4955893	4955951	59	cpb1	322412	cassette	False	4955781	4955892	4955952	4957525	4955781	4957525	4955780	4957526	1745	8	transcript/1983234,transcript/2018444,transcript/2019221,transcript/2038978,transcript/2045956,transcript/3780071,transcript/3801912,transcript/3896164
NC_133199.1:4955893-4955996:-	NC_133199.1	-	4955893	4955996	104	cpb1	322412	cassette	False	4955781	4955892	4955997	4957525	4955781	4957525	4955780	4957526	1745	3	transcript/1956351,transcript/1970298,transcript/3663852
NC_133199.1:4956591-4956650:-	NC_133199.1	-	4956591	4956650	60	cpb1	322412	cassette	False	4955781	4956590	4956651	4957525	4955781	4957525	4955780	4957526	1745	2	transcript/2004405,transcript/2029350
NC_133199.1:6885247-6885299:-	NC_133199.1	-	6885247	6885299	53	enkur	402794	cassette	False	6883975	6885246	6885300	6885807	6883975	6885807	6883974	6885808	1833	1	transcript/5374108
NC_133199.1:7779495-7780828:-	NC_133199.1	-	7779495	7780828	1334	galnt11	558716	alt_5p	True	7775168	7779494	7780829	7782003	7775168	7782003	7775167	7782004	6836	2	transcript/526590,transcript/531520
NC_133199.1:7785288-7785366:-	NC_133199.1	-	7785288	7785366	79	galnt11	558716	cassette	False	7784040	7785287	7785367	7785673	7784040	7785673	7784039	7785674	1634	1	transcript/1561633
NC_133199.1:7785288-7785370:-	NC_133199.1	-	7785288	7785370	83	galnt11	558716	cassette	False	7784040	7785287	7785371	7785673	7784040	7785673	7784039	7785674	1634	1	transcript/1543824
NC_133199.1:7785288-7785460:-	NC_133199.1	-	7785288	7785460	173	galnt11	558716	cassette	False	7784040	7785287	7785461	7785673	7784040	7785673	7784039	7785674	1634	1	transcript/1426903
NC_133199.1:7903111-7903217:-	NC_133199.1	-	7903111	7903217	107	syt5b	553567	cassette	False	7902124	7903110	7903218	7905154	7902124	7905154	7902123	7905155	3031	5	transcript/2128010,transcript/2128011,transcript/2380596,transcript/2385309,transcript/4854
NC_133199.1:8159998-8160168:-	NC_133199.1	-	8159998	8160168	171	txndc5	406289	cassette	True	8158601	8159997	8160169	8160292	8158601	8160292	8158600	8160293	1692	1	transcript/703617
NC_133199.1:8259584-8260024:-	NC_133199.1	-	8259584	8260024	441	eef1e1	565440	alt_5p	False	8256109	8259583	8260025	8269144	8256109	8269144	8256108	8269145	13036	1	transcript/1860721
NC_133199.1:9116272-9116352:-	NC_133199.1	-	9116272	9116352	81	mak	335339	cassette	False	9115806	9116271	9116353	9116547	9115806	9116547	9115805	9116548	742	12	transcript/1378593,transcript/1457630,transcript/1566103,transcript/1577377,transcript/1712091,transcript/1918346,transcript/356406,transcript/400286,transcript/581186,transcript/591716,transcript/884429,transcript/930151
NC_133199.1:14097320-14097366:-	NC_133199.1	-	14097320	14097366	47	pdcd6	393925	cassette	False	14049754	14097319	14097367	14098648	14049754	14098648	14049753	14098649	48895	1	transcript/4550479
NC_133199.1:14098818-14098867:-	NC_133199.1	-	14098818	14098867	50	pdcd6	393925	cassette	False	14098712	14098817	14098868	14101781	14098712	14101781	14098711	14101782	3070	2	transcript/4350850,transcript/4657504
NC_133199.1:14431929-14432087:-	NC_133199.1	-	14431929	14432087	159	dcaf11	567578	alt_5p	True	14431848	14431928	14432088	14435436	14431848	14435436	14431847	14435437	3589	1	transcript/1230502
NC_133199.1:14439747-14439843:-	NC_133199.1	-	14439747	14439843	97	dcaf11	567578	alt_5p	True	14436812	14439746	14439844	14439939	14436812	14439939	14436811	14439940	3128	3	transcript/1081595,transcript/1085074,transcript/1120237
NC_133199.1:16028493-16028761:-	NC_133199.1	-	16028493	16028761	269	pabpn1	406543	cassette	True	16027839	16028492	16028762	16035987	16027839	16035987	16027838	16035988	8149	3	transcript/2862065,transcript/3423561,transcript/3468306
NC_133199.1:16028498-16028761:-	NC_133199.1	-	16028498	16028761	264	pabpn1	406543	cassette	True	16027839	16028497	16028762	16035987	16027839	16035987	16027838	16035988	8149	7	transcript/2712370,transcript/2931352,transcript/3282224,transcript/3473871,transcript/3483047,transcript/3535577,transcript/3591775
NC_133199.1:16185888-16185936:+	NC_133199.1	+	16185888	16185936	49	gdap1	553702	cassette	False	16183602	16185887	16185937	16186034	16183602	16186034	16183601	16186035	2433	5	transcript/3233991,transcript/3348664,transcript/3426091,transcript/3476696,transcript/3672326
NC_133199.1:17615606-17615677:+	NC_133199.1	+	17615606	17615677	72	timm21	560369	alt_5p	False	17612987	17615605	17615678	17617050	17612987	17617050	17612986	17617051	4064	2	transcript/4936186,transcript/5060896
NC_133199.1:20570843-20571017:+	NC_133199.1	+	20570843	20571017	175	sema5a	561295	cassette	True	20564754	20570842	20571018	20573710	20564754	20573710	20564753	20573711	8957	3	transcript/102851,transcript/120733,transcript/122690
NC_133199.1:20570843-20571028:+	NC_133199.1	+	20570843	20571028	186	sema5a	561295	cassette	True	20564754	20570842	20571029	20573710	20564754	20573710	20564753	20573711	8957	1	transcript/129988
NC_133199.1:20854732-20855049:+	NC_133199.1	+	20854732	20855049	318	eif2s3	327341	alt_5p	False	20854643	20854731	20855050	20855142	20854643	20855142	20854642	20855143	500	3	transcript/2500477,transcript/2517216,transcript/2568812
NC_133199.1:20854988-20855049:+	NC_133199.1	+	20854988	20855049	62	eif2s3	327341	cassette	False	20854861	20854987	20855050	20855142	20854861	20855142	20854860	20855143	282	1	transcript/2815411
NC_133199.1:20857887-20857986:+	NC_133199.1	+	20857887	20857986	100	eif2s3	327341	alt_5p	False	20855266	20857886	20857987	20858081	20855266	20858081	20855265	20858082	2816	1	transcript/2929045
NC_133199.1:20878058-20878171:+	NC_133199.1	+	20878058	20878171	114	zfx	560346	cassette	False	20877117	20878057	20878172	20880477	20877117	20880477	20877116	20880478	3361	1	transcript/585250
NC_133199.1:20878058-20878175:+	NC_133199.1	+	20878058	20878175	118	zfx	560346	cassette	False	20877117	20878057	20878176	20880477	20877117	20880477	20877116	20880478	3361	1	transcript/567100
NC_133199.1:20934842-20935012:-	NC_133199.1	-	20934842	20935012	171	armc3	560136	alt_5p	False	20934762	20934841	20935013	20936731	20934762	20936731	20934761	20936732	1970	1	transcript/1152304
NC_133199.1:24077587-24077657:-	NC_133199.1	-	24077587	24077657	71	cry-dash	402986	cassette	False	24076292	24077586	24077658	24078832	24076292	24078832	24076291	24078833	2541	1	transcript/2396113
NC_133199.1:24810775-24810834:+	NC_133199.1	+	24810775	24810834	60	fam162a	336363	cassette	False	24807352	24810774	24810835	24811591	24807352	24811591	24807351	24811592	4240	2	transcript/6127470,transcript/6192709
NC_133199.1:24811592-24811723:+	NC_133199.1	+	24811592	24811723	132	fam162a	336363	alt_5p	False	24807352	24811591	24811724	24812038	24807352	24812038	24807351	24812039	4687	2	transcript/5504441,transcript/6245388
NC_133199.1:25036229-25036347:-	NC_133199.1	-	25036229	25036347	119	atp6v1ab	337583	cassette	True	25035026	25036228	25036348	25037909	25035026	25037909	25035025	25037910	2884	1	transcript/1298472
NC_133199.1:25057978-25058101:+	NC_133199.1	+	25057978	25058101	124	naa50	445229	cassette	False	25057515	25057977	25058102	25059721	25057515	25059721	25057514	25059722	2207	1	transcript/1969631
NC_133199.1:25542863-25543100:-	NC_133199.1	-	25542863	25543100	238	lnx2a	553331	alt_5p	False	25540467	25542862	25543101	25551675	25540467	25551675	25540466	25551676	11209	3	transcript/1006350,transcript/1008913,transcript/943089
NC_133199.1:27984275-27984318:-	NC_133199.1	-	27984275	27984318	44	abcc13	559093	cassette	False	27983503	27984274	27984319	27984576	27983503	27984576	27983502	27984577	1074	1	transcript/571386
NC_133199.1:28028590-28028627:-	NC_133199.1	-	28028590	28028627	38	zgc:112982	503771	cassette	False	28026396	28028589	28028628	28029749	28026396	28029749	28026395	28029750	3354	4	transcript/1135691,transcript/1154916,transcript/1172614,transcript/1477213
NC_133199.1:28080527-28080600:-	NC_133199.1	-	28080527	28080600	74	map7d2b	100002505	alt_5p	False	28076920	28080526	28080601	28084089	28076920	28084089	28076919	28084090	7170	1	transcript/995460
NC_133199.1:28799906-28800294:+	NC_133199.1	+	28799906	28800294	389	trim55b	664753	alt_5p	True	28796275	28799905	28800295	28801011	28796275	28801011	28796274	28801012	4737	2	transcript/2695342,transcript/2723306
NC_133199.1:29238767-29238869:+	NC_133199.1	+	29238767	29238869	103	LOC561083	561083	alt_5p	False	29238688	29238766	29238870	29241198	29238688	29241198	29238687	29241199	2511	19	transcript/1384382,transcript/1398540,transcript/1538389,transcript/1545018,transcript/1569502,transcript/1702167,transcript/1859286,transcript/1928846,transcript/1963439,transcript/2075613,transcript/2142780,transcript/2142781,transcript/2203997,transcript/2339651,transcript/2500178,transcript/2600773,transcript/3402389,transcript/3490525,transcript/882565
NC_133199.1:30366980-30367029:-	NC_133199.1	-	30366980	30367029	50	and1	794315	alt_5p	False	30366885	30366979	30367030	30367783	30366885	30367783	30366884	30367784	899	1	transcript/1674711
NC_133199.1:31038453-31038537:-	NC_133199.1	-	31038453	31038537	85	stag1b	563669	alt_5p	False	31038299	31038452	31038538	31038627	31038299	31038627	31038298	31038628	329	1	transcript/106962
NC_133199.1:32976980-32977038:-	NC_133199.1	-	32976980	32977038	59	col11a1a	565402	alt_5p	False	32976265	32976979	32977039	32977197	32976265	32977197	32976264	32977198	933	1	transcript/68095
NC_133199.1:35489029-35489099:-	NC_133199.1	-	35489029	35489099	71	abcd3a	406803	cassette	False	35488425	35489028	35489100	35490188	35488425	35490188	35488424	35490189	1764	2	transcript/1106808,transcript/1186948
NC_133199.1:35545533-35545570:+	NC_133199.1	+	35545533	35545570	38	cpne3	393136	cassette	False	35545368	35545532	35545571	35551039	35545368	35551039	35545367	35551040	5672	8	transcript/1099478,transcript/1331615,transcript/782366,transcript/833408,transcript/836915,transcript/842538,transcript/881110,transcript/932636
NC_133199.1:35562380-35562495:+	NC_133199.1	+	35562380	35562495	116	cpne3	393136	cassette	True	35558420	35562379	35562496	35564889	35558420	35564889	35558419	35564890	6470	1	transcript/1072089
NC_133199.1:35597764-35597906:-	NC_133199.1	-	35597764	35597906	143	cngb3.2	562466	cassette	True	35597188	35597763	35597907	35599459	35597188	35599459	35597187	35599460	2272	1	transcript/1221759
NC_133199.1:37450160-37450359:-	NC_133199.1	-	37450160	37450359	200	si:ch1073-406l10.2	100536977	alt_5p	False	37450047	37450159	37450360	37451531	37450047	37451531	37450046	37451532	1485	9	transcript/4003385,transcript/4184657,transcript/4874286,transcript/4893950,transcript/5166106,transcript/5221773,transcript/5223448,transcript/5231972,transcript/5737115
NC_133199.1:37956663-37956763:-	NC_133199.1	-	37956663	37956763	101	agap3	324332	alt_5p	False	37955436	37956662	37956764	37958066	37955436	37958066	37955435	37958067	2631	1	transcript/1240650
NC_133199.1:38914382-38914489:+	NC_133199.1	+	38914382	38914489	108	pcmtd1	327176	alt_5p	False	38910547	38914381	38914490	38927484	38910547	38927484	38910546	38927485	16938	1	transcript/1944291
NC_133199.1:39418645-39419091:-	NC_133199.1	-	39418645	39419091	447	mapre2	557679	alt_5p	True	39417176	39418644	39419092	39420533	39417176	39420533	39417175	39420534	3358	4	transcript/2088529,transcript/2093614,transcript/2271989,transcript/2297899
NC_133199.1:39418715-39419091:-	NC_133199.1	-	39418715	39419091	377	mapre2	557679	alt_5p	True	39417173	39418714	39419092	39420533	39417173	39420533	39417172	39420534	3361	1	transcript/2404040
NC_133199.1:39418720-39419091:-	NC_133199.1	-	39418720	39419091	372	mapre2	557679	alt_5p	True	39417169	39418719	39419092	39420533	39417169	39420533	39417168	39420534	3365	15	transcript/2096257,transcript/2103263,transcript/2112438,transcript/2154262,transcript/2199904,transcript/2203222,transcript/2255739,transcript/2334505,transcript/2344153,transcript/2352497,transcript/2372315,transcript/2420251,transcript/2467271,transcript/3386220,transcript/4526
NC_133199.1:39418725-39419091:-	NC_133199.1	-	39418725	39419091	367	mapre2	557679	alt_5p	True	39417176	39418724	39419092	39420533	39417176	39420533	39417175	39420534	3358	1	transcript/2228053
NC_133199.1:39418728-39419091:-	NC_133199.1	-	39418728	39419091	364	mapre2	557679	alt_5p	True	39417176	39418727	39419092	39420533	39417176	39420533	39417175	39420534	3358	1	transcript/2402324
NC_133199.1:39418733-39419091:-	NC_133199.1	-	39418733	39419091	359	mapre2	557679	alt_5p	True	39417169	39418732	39419092	39420533	39417169	39420533	39417168	39420534	3365	3	transcript/2140258,transcript/2214735,transcript/2426119
NC_133199.1:39418774-39419091:-	NC_133199.1	-	39418774	39419091	318	mapre2	557679	alt_5p	True	39417176	39418773	39419092	39420533	39417176	39420533	39417175	39420534	3358	7	transcript/2301656,transcript/2420176,transcript/2430278,transcript/2511487,transcript/2517099,transcript/2564197,transcript/3378092
NC_133199.1:39418781-39419091:-	NC_133199.1	-	39418781	39419091	311	mapre2	557679	alt_5p	True	39417183	39418780	39419092	39420533	39417183	39420533	39417182	39420534	3351	4	transcript/2276143,transcript/2331057,transcript/2527613,transcript/3522066
NC_133199.1:39418795-39419091:-	NC_133199.1	-	39418795	39419091	297	mapre2	557679	alt_5p	True	39417183	39418794	39419092	39420533	39417183	39420533	39417182	39420534	3351	6	transcript/2215158,transcript/2336052,transcript/2352987,transcript/2395872,transcript/2453309,transcript/2508968
NC_133199.1:39658688-39658833:+	NC_133199.1	+	39658688	39658833	146	ccdc178	794803	alt_5p	False	39654801	39658687	39658834	39658920	39654801	39658920	39654800	39658921	4120	1	transcript/1388175
NC_133199.1:40917512-40917586:-	NC_133199.1	-	40917512	40917586	75	ube2ib	30622	cassette	True	40914854	40917511	40917587	40917710	40914854	40917710	40914853	40917711	2857	2	transcript/4240920,transcript/4278834
NC_133199.1:40919410-40919486:-	NC_133199.1	-	40919410	40919486	77	ube2ib	30622	cassette	True	40917792	40919409	40919487	40919845	40917792	40919845	40917791	40919846	2054	2	transcript/4263644,transcript/4395600
NC_133199.1:41383764-41384034:+	NC_133199.1	+	41383764	41384034	271	decr2	406623	alt_5p	True	41381850	41383763	41384035	41386037	41381850	41386037	41381849	41386038	4188	6	transcript/2867700,transcript/2873477,transcript/2907125,transcript/3089492,transcript/3538977,transcript/3565776
NC_133199.1:43357994-43358075:+	NC_133199.1	+	43357994	43358075	82	luc7l	415206	cassette	False	43357711	43357993	43358076	43358930	43357711	43358930	43357710	43358931	1220	5	transcript/2290917,transcript/2325033,transcript/2406456,transcript/2456305,transcript/2544858
NC_133199.1:43357994-43358294:+	NC_133199.1	+	43357994	43358294	301	luc7l	415206	cassette	False	43357711	43357993	43358295	43358930	43357711	43358930	43357710	43358931	1220	2	transcript/1976365,transcript/2209956
NC_133199.1:43357994-43358304:+	NC_133199.1	+	43357994	43358304	311	luc7l	415206	cassette	False	43357711	43357993	43358305	43358930	43357711	43358930	43357710	43358931	1220	2	transcript/1933338,transcript/1957614
NC_133199.1:46182398-46182434:-	NC_133199.1	-	46182398	46182434	37	rmdn1	558162	alt_5p	True	46182321	46182397	46182435	46183794	46182321	46183794	46182320	46183795	1474	1	transcript/3978348
NC_133200.1:723387-723567:+	NC_133200.1	+	723387	723567	181	irak4	393132	alt_5p	False	722457	723386	723568	724982	722457	724982	722456	724983	2526	1	transcript/2925279
NC_133200.1:1074944-1075021:+	NC_133200.1	+	1074944	1075021	78	twf1a	325677	alt_5p	False	1074817	1074943	1075022	1075311	1074817	1075311	1074816	1075312	495	1	transcript/5394947
NC_133200.1:3595901-3596028:-	NC_133200.1	-	3595901	3596028	128	scamp2	406687	cassette	False	3595347	3595900	3596029	3597927	3595347	3597927	3595346	3597928	2581	15	transcript/1447858,transcript/1455534,transcript/1470191,transcript/2432456,transcript/2437284,transcript/2444717,transcript/2468935,transcript/2474744,transcript/2481449,transcript/2481605,transcript/2493279,transcript/2494518,transcript/2518445,transcript/2803520,transcript/4566451
NC_133200.1:3601566-3601699:-	NC_133200.1	-	3601566	3601699	134	scamp2	406687	alt_5p	False	3599394	3601565	3601700	3603500	3599394	3603500	3599393	3603501	4107	1	transcript/2757788
NC_133200.1:3655496-3655521:-	NC_133200.1	-	3655496	3655521	26	best1	560608	cassette	False	3653151	3655495	3655522	3655660	3653151	3655660	3653150	3655661	2510	4	transcript/1113283,transcript/1131361,transcript/730708,transcript/735324
NC_133200.1:3908192-3908220:+	NC_133200.1	+	3908192	3908220	29	slc25a3b	322362	cassette	False	3908036	3908191	3908221	3913093	3908036	3913093	3908035	3913094	5058	6	transcript/3848609,transcript/3853912,transcript/3916030,transcript/3926184,transcript/4012346,transcript/4040098
NC_133200.1:3911172-3911297:+	NC_133200.1	+	3911172	3911297	126	slc25a3b	322362	cassette	False	3908036	3911171	3911298	3913093	3908036	3913093	3908035	3913094	5058	3	transcript/3565216,transcript/3579265,transcript/3664234
NC_133200.1:4505825-4505977:+	NC_133200.1	+	4505825	4505977	153	tmem138	100332440	cassette	False	4503100	4505824	4505978	4506090	4503100	4506090	4503099	4506091	2991	2	transcript/798271,transcript/824677
NC_133200.1:5167309-5167359:-	NC_133200.1	-	5167309	5167359	51	pidd1	571033	cassette	True	5167244	5167308	5167360	5167585	5167244	5167585	5167243	5167586	342	1	transcript/441872
NC_133200.1:8624041-8625465:-	NC_133200.1	-	8624041	8625465	1425	glcea	405776	alt_5p	False	8621262	8624040	8625466	8625786	8621262	8625786	8621261	8625787	4525	1	transcript/698633
NC_133200.1:13708592-13708659:-	NC_133200.1	-	13708592	13708659	68	uba2	406672	alt_5p	False	13708515	13708591	13708660	13708758	13708515	13708758	13708514	13708759	244	2	transcript/1727141,transcript/2254894
NC_133200.1:14656490-14656590:-	NC_133200.1	-	14656490	14656590	101	lcat	793137	alt_5p	False	14651312	14656489	14656591	14656976	14651312	14656976	14651311	14656977	5665	2	transcript/1548745,transcript/1894204
NC_133200.1:14658919-14659080:-	NC_133200.1	-	14658919	14659080	162	lcat	793137	alt_5p	False	14657094	14658918	14659081	14659303	14657094	14659303	14657093	14659304	2210	1	transcript/1635909
NC_133200.1:15057761-15057876:+	NC_133200.1	+	15057761	15057876	116	acte1	415164	alt_5p	False	15056121	15057760	15057877	15058155	15056121	15058155	15056120	15058156	2035	1	transcript/4077408
NC_133200.1:15821212-15821370:+	NC_133200.1	+	15821212	15821370	159	dnajc24	393424	cassette	False	15812811	15821211	15821371	15825501	15812811	15825501	15812810	15825502	12691	9	transcript/4462916,transcript/4487214,transcript/4492013,transcript/5371472,transcript/5465027,transcript/5511696,transcript/5542953,transcript/5556049,transcript/5689570
NC_133200.1:17058995-17059102:+	NC_133200.1	+	17058995	17059102	108	far1	406829	cassette	True	17058770	17058994	17059103	17065276	17058770	17065276	17058769	17065277	6507	3	transcript/1224127,transcript/150142,transcript/154091
NC_133200.1:17058995-17059167:+	NC_133200.1	+	17058995	17059167	173	far1	406829	cassette	True	17058770	17058994	17059168	17065276	17058770	17065276	17058769	17065277	6507	3	transcript/145764,transcript/1589220,transcript/1639678
NC_133200.1:17917861-17918076:-	NC_133200.1	-	17917861	17918076	216	ccnd2a	799608	cassette	False	17914398	17917860	17918077	17918857	17914398	17918857	17914397	17918858	4460	1	transcript/3864538
NC_133200.1:18226496-18226642:+	NC_133200.1	+	18226496	18226642	147	kdm7ab	503902	alt_5p	False	18219832	18226495	18226643	18226739	18219832	18226739	18219831	18226740	6908	1	transcript/652577
NC_133200.1:18353930-18354073:-	NC_133200.1	-	18353930	18354073	144	cyp2x9	768288	alt_5p	False	18352629	18353929	18354074	18354582	18352629	18354582	18352628	18354583	1954	1	transcript/3330240
NC_133200.1:20723688-20723815:-	NC_133200.1	-	20723688	20723815	128	zgc:193812	797701	alt_5p	False	20723604	20723687	20723816	20724011	20723604	20724011	20723603	20724012	408	2	transcript/6490353,transcript/6569894
NC_133200.1:20723692-20723815:-	NC_133200.1	-	20723692	20723815	124	zgc:193812	797701	alt_5p	False	20723604	20723691	20723816	20724011	20723604	20724011	20723603	20724012	408	1	transcript/6476743
NC_133200.1:20808412-20808470:-	NC_133200.1	-	20808412	20808470	59	si:ch211-59o9.10	561841	cassette	False	20806299	20808411	20808471	20808602	20806299	20808602	20806298	20808603	2304	1	transcript/2540466
NC_133200.1:21880407-21880526:-	NC_133200.1	-	21880407	21880526	120	csk	556454	cassette	False	21869515	21880406	21880527	21884240	21869515	21884240	21869514	21884241	14726	4	transcript/1012265,transcript/1013496,transcript/977207,transcript/991677
NC_133200.1:21985105-21985218:+	NC_133200.1	+	21985105	21985218	114	ergic2	393378	alt_5p	True	21984905	21985104	21985219	21986716	21984905	21986716	21984904	21986717	1812	3	transcript/3622890,transcript/3623138,transcript/3850807
NC_133200.1:22960504-22960802:+	NC_133200.1	+	22960504	22960802	299	znf277	393402	cassette	False	22959712	22960503	22960803	22961409	22959712	22961409	22959711	22961410	1698	1	transcript/2690169
NC_133200.1:22961410-22961525:+	NC_133200.1	+	22961410	22961525	116	znf277	393402	alt_5p	False	22959712	22961409	22961526	22962878	22959712	22962878	22959711	22962879	3167	1	transcript/3475687
NC_133200.1:23002929-23003021:-	NC_133200.1	-	23002929	23003021	93	samtor	558558	cassette	False	23001040	23002928	23003022	23006471	23001040	23006471	23001039	23006472	5432	10	transcript/1038229,transcript/1247866,transcript/1338588,transcript/1507314,transcript/1635096,transcript/1723329,transcript/299525,transcript/300479,transcript/332528,transcript/384556
NC_133200.1:23423003-23423085:+	NC_133200.1	+	23423003	23423085	83	hexa	550460	cassette	False	23422900	23423002	23423086	23425905	23422900	23425905	23422899	23425906	3006	1	transcript/2577951
NC_133200.1:23937410-23937590:+	NC_133200.1	+	23937410	23937590	181	abcc8	553281	alt_5p	False	23927663	23937409	23937591	23944029	23927663	23944029	23927662	23944030	16367	1	transcript/63411
NC_133200.1:26337466-26337605:+	NC_133200.1	+	26337466	26337605	140	ldha	30496	alt_5p	False	26336274	26337465	26337606	26338491	26336274	26338491	26336273	26338492	2218	3	transcript/2122449,transcript/2126107,transcript/2149852
NC_133200.1:26648890-26648936:-	NC_133200.1	-	26648890	26648936	47	lrrc56	100149369	cassette	False	26648524	26648889	26648937	26649171	26648524	26649171	26648523	26649172	648	4	transcript/1287410,transcript/3686844,transcript/3782942,transcript/3888805
NC_133200.1:29090778-29090897:-	NC_133200.1	-	29090778	29090897	120	usp3	569679	alt_5p	True	29090480	29090777	29090898	29093381	29090480	29093381	29090479	29093382	2902	5	transcript/1571483,transcript/1595971,transcript/1865082,transcript/2310937,transcript/2338895
NC_133200.1:29092248-29092302:-	NC_133200.1	-	29092248	29092302	55	usp3	569679	cassette	False	29090898	29092247	29092303	29093381	29090898	29093381	29090897	29093382	2484	2	transcript/1455926,transcript/1487462
NC_133200.1:30067379-30067449:-	NC_133200.1	-	30067379	30067449	71	zgc:153935	777611	cassette	False	30066065	30067378	30067450	30069570	30066065	30069570	30066064	30069571	3506	1	transcript/2074269
NC_133200.1:30177374-30177516:-	NC_133200.1	-	30177374	30177516	143	asb15a	100151067	cassette	True	30171910	30177373	30177517	30178446	30171910	30178446	30171909	30178447	6537	3	transcript/1798007,transcript/1837746,transcript/2251466
NC_133200.1:31032843-31033364:-	NC_133200.1	-	31032843	31033364	522	fnbp4	403074	alt_5p	True	31032373	31032842	31033365	31034736	31032373	31034736	31032372	31034737	2364	8	transcript/284719,transcript/432347,transcript/432722,transcript/437602,transcript/448132,transcript/452824,transcript/683264,transcript/858078
NC_133200.1:31043952-31044075:-	NC_133200.1	-	31043952	31044075	124	fnbp4	403074	cassette	False	31041458	31043951	31044076	31044884	31041458	31044884	31041457	31044885	3427	1	transcript/569312
NC_133200.1:31211118-31211434:+	NC_133200.1	+	31211118	31211434	317	nfybb	503744	cassette	True	31208149	31211117	31211435	31216870	31208149	31216870	31208148	31216871	8722	1	transcript/3376123
NC_133200.1:31503615-31503687:-	NC_133200.1	-	31503615	31503687	73	parp6b	100002364	cassette	False	31503465	31503614	31503688	31507302	31503465	31507302	31503464	31507303	3838	5	transcript/1063831,transcript/857145,transcript/921327,transcript/951288,transcript/973514
NC_133200.1:31706894-31707185:-	NC_133200.1	-	31706894	31707185	292	nptna	368305	alt_5p	False	31699348	31706893	31707186	31709935	31699348	31709935	31699347	31709936	10588	2	transcript/1648007,transcript/1805413
NC_133200.1:32054630-32054905:+	NC_133200.1	+	32054630	32054905	276	pim3	565041	cassette	True	32054449	32054629	32054906	32054987	32054449	32054987	32054448	32054988	539	4	transcript/1531256,transcript/1549454,transcript/1555073,transcript/1650685
NC_133200.1:32609095-32609175:+	NC_133200.1	+	32609095	32609175	81	hsd17b12a	327417	alt_5p	False	32603481	32609094	32609176	32611113	32603481	32611113	32603480	32611114	7633	1	transcript/2613471
NC_133200.1:34946187-34946271:+	NC_133200.1	+	34946187	34946271	85	ctdspl2a	558181	alt_5p	False	34945998	34946186	34946272	34948176	34945998	34948176	34945997	34948177	2179	1	transcript/893451
NC_133200.1:35220842-35220984:+	NC_133200.1	+	35220842	35220984	143	etfa	325724	cassette	True	35216671	35220841	35220985	35228301	35216671	35228301	35216670	35228302	11631	1	transcript/3896946
NC_133200.1:35224693-35224823:+	NC_133200.1	+	35224693	35224823	131	etfa	325724	cassette	True	35216671	35224692	35224824	35228301	35216671	35228301	35216670	35228302	11631	4	transcript/2888146,transcript/2900306,transcript/2902124,transcript/2952260
NC_133200.1:37234125-37234246:-	NC_133200.1	-	37234125	37234246	122	nup160	393635	alt_5p	True	37234049	37234124	37234247	37235816	37234049	37235816	37234048	37235817	1768	31	transcript/124641,transcript/147296,transcript/148433,transcript/148602,transcript/161930,transcript/162616,transcript/162728,transcript/164180,transcript/164589,transcript/165208,transcript/165298,transcript/165865,transcript/166171,transcript/166186,transcript/166196,transcript/166806,transcript/167053,transcript/167255,transcript/167432,transcript/167645,transcript/167883,transcript/167927,transcript/167957,transcript/168718,transcript/170710,transcript/171428,transcript/176,transcript/176273,transcript/178429,transcript/179033,transcript/73127
NC_133200.1:37241998-37242168:-	NC_133200.1	-	37241998	37242168	171	nup160	393635	alt_5p	False	37240002	37241997	37242169	37242305	37240002	37242305	37240001	37242306	2304	1	transcript/179495
NC_133200.1:37266178-37266207:-	NC_133200.1	-	37266178	37266207	30	frs2b	436931	cassette	False	37263546	37266177	37266208	37266375	37263546	37266375	37263545	37266376	2830	9	transcript/1674147,transcript/1678552,transcript/1680373,transcript/1695720,transcript/1707826,transcript/1721386,transcript/1949620,transcript/1969875,transcript/2157365
NC_133200.1:39924519-39924706:-	NC_133200.1	-	39924519	39924706	188	si:dkey-234i14.2	100329265	cassette	False	39919968	39924518	39924707	39926700	39919968	39926700	39919967	39926701	6733	1	transcript/5011439
